--
-- PostgreSQL database dump
--

-- Dumped from database version 16.0
-- Dumped by pg_dump version 16.0

SET statement_timeout = 0;
SET lock_timeout = 0;
SET idle_in_transaction_session_timeout = 0;
SET client_encoding = 'UTF8';
SET standard_conforming_strings = on;
SELECT pg_catalog.set_config('search_path', '', false);
SET check_function_bodies = false;
SET xmloption = content;
SET client_min_messages = warning;
SET row_security = off;

SET default_tablespace = '';

SET default_table_access_method = heap;

--
-- Name: WorldOfWarcraft_worldofwarcraftarenaboostorder; Type: TABLE; Schema: public; Owner: postgres
--

CREATE TABLE public."WorldOfWarcraft_worldofwarcraftarenaboostorder" (
    is_arena_2vs2 boolean NOT NULL,
    order_id bigint NOT NULL,
    current_division smallint NOT NULL,
    reached_division smallint NOT NULL,
    desired_division smallint NOT NULL,
    created_at timestamp with time zone NOT NULL,
    current_rank_id bigint NOT NULL,
    desired_rank_id bigint NOT NULL,
    reached_rank_id bigint NOT NULL,
    current_marks smallint,
    reached_marks smallint,
    updated_at timestamp with time zone NOT NULL,
    CONSTRAINT "WorldOfWarcraft_worldof_current_division_8e13191a_check" CHECK ((current_division >= 0)),
    CONSTRAINT "WorldOfWarcraft_worldof_current_marks_7229d2c4_check" CHECK ((current_marks >= 0)),
    CONSTRAINT "WorldOfWarcraft_worldof_desired_division_ab9a8aab_check" CHECK ((desired_division >= 0)),
    CONSTRAINT "WorldOfWarcraft_worldof_reached_division_573fa6aa_check" CHECK ((reached_division >= 0)),
    CONSTRAINT "WorldOfWarcraft_worldof_reached_marks_abd31a72_check" CHECK ((reached_marks >= 0))
);


ALTER TABLE public."WorldOfWarcraft_worldofwarcraftarenaboostorder" OWNER TO postgres;

--
-- Name: WorldOfWarcraft_worldofwarcraftrank; Type: TABLE; Schema: public; Owner: postgres
--

CREATE TABLE public."WorldOfWarcraft_worldofwarcraftrank" (
    id bigint NOT NULL,
    rank_name character varying(25) NOT NULL,
    rank_image character varying(100)
);


ALTER TABLE public."WorldOfWarcraft_worldofwarcraftrank" OWNER TO postgres;

--
-- Name: WorldOfWarcraft_worldofwarcraftrank_id_seq; Type: SEQUENCE; Schema: public; Owner: postgres
--

ALTER TABLE public."WorldOfWarcraft_worldofwarcraftrank" ALTER COLUMN id ADD GENERATED BY DEFAULT AS IDENTITY (
    SEQUENCE NAME public."WorldOfWarcraft_worldofwarcraftrank_id_seq"
    START WITH 1
    INCREMENT BY 1
    NO MINVALUE
    NO MAXVALUE
    CACHE 1
);


--
-- Name: WorldOfWarcraft_worldofwarcraftrpsprice; Type: TABLE; Schema: public; Owner: postgres
--

CREATE TABLE public."WorldOfWarcraft_worldofwarcraftrpsprice" (
    id bigint NOT NULL,
    price_of_2vs2 double precision NOT NULL,
    price_of_3vs3 double precision NOT NULL
);


ALTER TABLE public."WorldOfWarcraft_worldofwarcraftrpsprice" OWNER TO postgres;

--
-- Name: WorldOfWarcraft_worldofwarcraftrpsprice_id_seq; Type: SEQUENCE; Schema: public; Owner: postgres
--

CREATE SEQUENCE public."WorldOfWarcraft_worldofwarcraftrpsprice_id_seq"
    START WITH 1
    INCREMENT BY 1
    NO MINVALUE
    NO MAXVALUE
    CACHE 1;


ALTER SEQUENCE public."WorldOfWarcraft_worldofwarcraftrpsprice_id_seq" OWNER TO postgres;

--
-- Name: WorldOfWarcraft_worldofwarcraftrpsprice_id_seq; Type: SEQUENCE OWNED BY; Schema: public; Owner: postgres
--

ALTER SEQUENCE public."WorldOfWarcraft_worldofwarcraftrpsprice_id_seq" OWNED BY public."WorldOfWarcraft_worldofwarcraftrpsprice".id;


--
-- Name: account_emailaddress; Type: TABLE; Schema: public; Owner: postgres
--

CREATE TABLE public.account_emailaddress (
    id integer NOT NULL,
    email character varying(254) NOT NULL,
    verified boolean NOT NULL,
    "primary" boolean NOT NULL,
    user_id bigint NOT NULL
);


ALTER TABLE public.account_emailaddress OWNER TO postgres;

--
-- Name: account_emailaddress_id_seq; Type: SEQUENCE; Schema: public; Owner: postgres
--

CREATE SEQUENCE public.account_emailaddress_id_seq
    AS integer
    START WITH 1
    INCREMENT BY 1
    NO MINVALUE
    NO MAXVALUE
    CACHE 1;


ALTER SEQUENCE public.account_emailaddress_id_seq OWNER TO postgres;

--
-- Name: account_emailaddress_id_seq; Type: SEQUENCE OWNED BY; Schema: public; Owner: postgres
--

ALTER SEQUENCE public.account_emailaddress_id_seq OWNED BY public.account_emailaddress.id;


--
-- Name: account_emailconfirmation; Type: TABLE; Schema: public; Owner: postgres
--

CREATE TABLE public.account_emailconfirmation (
    id integer NOT NULL,
    created timestamp with time zone NOT NULL,
    sent timestamp with time zone,
    key character varying(64) NOT NULL,
    email_address_id integer NOT NULL
);


ALTER TABLE public.account_emailconfirmation OWNER TO postgres;

--
-- Name: account_emailconfirmation_id_seq; Type: SEQUENCE; Schema: public; Owner: postgres
--

CREATE SEQUENCE public.account_emailconfirmation_id_seq
    AS integer
    START WITH 1
    INCREMENT BY 1
    NO MINVALUE
    NO MAXVALUE
    CACHE 1;


ALTER SEQUENCE public.account_emailconfirmation_id_seq OWNER TO postgres;

--
-- Name: account_emailconfirmation_id_seq; Type: SEQUENCE OWNED BY; Schema: public; Owner: postgres
--

ALTER SEQUENCE public.account_emailconfirmation_id_seq OWNED BY public.account_emailconfirmation.id;


--
-- Name: accounts_baseorder; Type: TABLE; Schema: public; Owner: postgres
--

CREATE TABLE public.accounts_baseorder (
    id bigint NOT NULL,
    name character varying(30),
    game_type character varying(10),
    price double precision,
    actual_price double precision,
    money_owed double precision,
    invoice character varying(300) NOT NULL,
    status character varying(100),
    duo_boosting boolean NOT NULL,
    select_booster boolean NOT NULL,
    turbo_boost boolean NOT NULL,
    streaming boolean NOT NULL,
    finish_image character varying(100),
    is_done boolean NOT NULL,
    is_drop boolean NOT NULL,
    is_extended boolean NOT NULL,
    customer_gamename character varying(300) NOT NULL,
    customer_password character varying(300) NOT NULL,
    customer_server character varying(300),
    data_correct boolean NOT NULL,
    message character varying(300),
    payer_id character varying(50),
    created_at timestamp with time zone NOT NULL,
    updated_at timestamp with time zone NOT NULL,
    booster_id bigint,
    customer_id bigint,
    details character varying(300) NOT NULL,
    content_type_id integer,
    object_id integer,
    promo_code double precision,
    game_id bigint,
    promo_code_id bigint,
    customer_username character varying(300) NOT NULL,
    pause boolean NOT NULL,
    approved boolean NOT NULL,
    wins_number smallint NOT NULL,
    captcha_id bigint,
    CONSTRAINT accounts_baseorder_object_id_check CHECK ((object_id >= 0)),
    CONSTRAINT accounts_baseorder_wins_number_check CHECK ((wins_number >= 0))
);


ALTER TABLE public.accounts_baseorder OWNER TO postgres;

--
-- Name: accounts_baseorder_id_seq; Type: SEQUENCE; Schema: public; Owner: postgres
--

ALTER TABLE public.accounts_baseorder ALTER COLUMN id ADD GENERATED BY DEFAULT AS IDENTITY (
    SEQUENCE NAME public.accounts_baseorder_id_seq
    START WITH 1
    INCREMENT BY 1
    NO MINVALUE
    NO MAXVALUE
    CACHE 1
);


--
-- Name: accounts_baseuser; Type: TABLE; Schema: public; Owner: postgres
--

CREATE TABLE public.accounts_baseuser (
    id bigint NOT NULL,
    password character varying(128) NOT NULL,
    last_login timestamp with time zone,
    is_superuser boolean NOT NULL,
    username character varying(150) NOT NULL,
    first_name character varying(150) NOT NULL,
    last_name character varying(150) NOT NULL,
    email character varying(254) NOT NULL,
    is_staff boolean NOT NULL,
    is_active boolean NOT NULL,
    date_joined timestamp with time zone NOT NULL,
    country character varying(2),
    is_booster boolean NOT NULL,
    is_customer boolean NOT NULL,
    is_admin boolean NOT NULL,
    created_at timestamp with time zone NOT NULL,
    updated_at timestamp with time zone NOT NULL,
    is_online boolean NOT NULL,
    last_online timestamp with time zone NOT NULL,
    activation_code integer,
    activation_time timestamp with time zone,
    rest_password_code integer,
    rest_password_time timestamp with time zone,
    date_of_birth date
);


ALTER TABLE public.accounts_baseuser OWNER TO postgres;

--
-- Name: accounts_baseuser_groups; Type: TABLE; Schema: public; Owner: postgres
--

CREATE TABLE public.accounts_baseuser_groups (
    id bigint NOT NULL,
    baseuser_id bigint NOT NULL,
    group_id integer NOT NULL
);


ALTER TABLE public.accounts_baseuser_groups OWNER TO postgres;

--
-- Name: accounts_baseuser_groups_id_seq; Type: SEQUENCE; Schema: public; Owner: postgres
--

ALTER TABLE public.accounts_baseuser_groups ALTER COLUMN id ADD GENERATED BY DEFAULT AS IDENTITY (
    SEQUENCE NAME public.accounts_baseuser_groups_id_seq
    START WITH 1
    INCREMENT BY 1
    NO MINVALUE
    NO MAXVALUE
    CACHE 1
);


--
-- Name: accounts_baseuser_id_seq; Type: SEQUENCE; Schema: public; Owner: postgres
--

ALTER TABLE public.accounts_baseuser ALTER COLUMN id ADD GENERATED BY DEFAULT AS IDENTITY (
    SEQUENCE NAME public.accounts_baseuser_id_seq
    START WITH 1
    INCREMENT BY 1
    NO MINVALUE
    NO MAXVALUE
    CACHE 1
);


--
-- Name: accounts_baseuser_user_permissions; Type: TABLE; Schema: public; Owner: postgres
--

CREATE TABLE public.accounts_baseuser_user_permissions (
    id bigint NOT NULL,
    baseuser_id bigint NOT NULL,
    permission_id integer NOT NULL
);


ALTER TABLE public.accounts_baseuser_user_permissions OWNER TO postgres;

--
-- Name: accounts_baseuser_user_permissions_id_seq; Type: SEQUENCE; Schema: public; Owner: postgres
--

ALTER TABLE public.accounts_baseuser_user_permissions ALTER COLUMN id ADD GENERATED BY DEFAULT AS IDENTITY (
    SEQUENCE NAME public.accounts_baseuser_user_permissions_id_seq
    START WITH 1
    INCREMENT BY 1
    NO MINVALUE
    NO MAXVALUE
    CACHE 1
);


--
-- Name: accounts_boosterpercent; Type: TABLE; Schema: public; Owner: postgres
--

CREATE TABLE public.accounts_boosterpercent (
    id bigint NOT NULL,
    booster_percent1 integer NOT NULL,
    booster_percent2 integer NOT NULL,
    booster_percent3 integer NOT NULL,
    booster_percent4 integer NOT NULL,
    booster_percent5 integer NOT NULL
);


ALTER TABLE public.accounts_boosterpercent OWNER TO postgres;

--
-- Name: accounts_boosterpercent_id_seq; Type: SEQUENCE; Schema: public; Owner: postgres
--

ALTER TABLE public.accounts_boosterpercent ALTER COLUMN id ADD GENERATED BY DEFAULT AS IDENTITY (
    SEQUENCE NAME public.accounts_boosterpercent_id_seq
    START WITH 1
    INCREMENT BY 1
    NO MINVALUE
    NO MAXVALUE
    CACHE 1
);


--
-- Name: accounts_captcha; Type: TABLE; Schema: public; Owner: postgres
--

CREATE TABLE public.accounts_captcha (
    id bigint NOT NULL,
    image character varying(100) NOT NULL,
    value character varying NOT NULL
);


ALTER TABLE public.accounts_captcha OWNER TO postgres;

--
-- Name: accounts_captcha_id_seq; Type: SEQUENCE; Schema: public; Owner: postgres
--

ALTER TABLE public.accounts_captcha ALTER COLUMN id ADD GENERATED BY DEFAULT AS IDENTITY (
    SEQUENCE NAME public.accounts_captcha_id_seq
    START WITH 1
    INCREMENT BY 1
    NO MINVALUE
    NO MAXVALUE
    CACHE 1
);


--
-- Name: accounts_promocode; Type: TABLE; Schema: public; Owner: postgres
--

CREATE TABLE public.accounts_promocode (
    id bigint NOT NULL,
    code character varying(50) NOT NULL,
    description character varying(50),
    discount_amount double precision NOT NULL,
    is_active boolean NOT NULL,
    expiration_date date NOT NULL,
    max_uses integer NOT NULL,
    times_used integer NOT NULL,
    created_at timestamp with time zone NOT NULL,
    updated_at timestamp with time zone NOT NULL,
    CONSTRAINT accounts_promocode_max_uses_check CHECK ((max_uses >= 0)),
    CONSTRAINT accounts_promocode_times_used_check CHECK ((times_used >= 0))
);


ALTER TABLE public.accounts_promocode OWNER TO postgres;

--
-- Name: accounts_promocode_id_seq; Type: SEQUENCE; Schema: public; Owner: postgres
--

ALTER TABLE public.accounts_promocode ALTER COLUMN id ADD GENERATED BY DEFAULT AS IDENTITY (
    SEQUENCE NAME public.accounts_promocode_id_seq
    START WITH 1
    INCREMENT BY 1
    NO MINVALUE
    NO MAXVALUE
    CACHE 1
);


--
-- Name: accounts_tip_data; Type: TABLE; Schema: public; Owner: postgres
--

CREATE TABLE public.accounts_tip_data (
    id bigint NOT NULL,
    payer_id character varying(50),
    invoice text NOT NULL,
    created_at timestamp with time zone NOT NULL,
    updated_at timestamp with time zone NOT NULL
);


ALTER TABLE public.accounts_tip_data OWNER TO postgres;

--
-- Name: accounts_tip_data_id_seq; Type: SEQUENCE; Schema: public; Owner: postgres
--

ALTER TABLE public.accounts_tip_data ALTER COLUMN id ADD GENERATED BY DEFAULT AS IDENTITY (
    SEQUENCE NAME public.accounts_tip_data_id_seq
    START WITH 1
    INCREMENT BY 1
    NO MINVALUE
    NO MAXVALUE
    CACHE 1
);


--
-- Name: accounts_tokenforpay; Type: TABLE; Schema: public; Owner: postgres
--

CREATE TABLE public.accounts_tokenforpay (
    id bigint NOT NULL,
    token character varying(50) NOT NULL,
    user_id bigint NOT NULL,
    created_at timestamp with time zone NOT NULL,
    updated_at timestamp with time zone NOT NULL,
    invoice character varying(1000)
);


ALTER TABLE public.accounts_tokenforpay OWNER TO postgres;

--
-- Name: accounts_tokenforpay_id_seq; Type: SEQUENCE; Schema: public; Owner: postgres
--

ALTER TABLE public.accounts_tokenforpay ALTER COLUMN id ADD GENERATED BY DEFAULT AS IDENTITY (
    SEQUENCE NAME public.accounts_tokenforpay_id_seq
    START WITH 1
    INCREMENT BY 1
    NO MINVALUE
    NO MAXVALUE
    CACHE 1
);


--
-- Name: accounts_transaction; Type: TABLE; Schema: public; Owner: postgres
--

CREATE TABLE public.accounts_transaction (
    id bigint NOT NULL,
    amount double precision NOT NULL,
    notice text NOT NULL,
    status character varying(100) NOT NULL,
    date timestamp with time zone NOT NULL,
    type character varying(20) NOT NULL,
    order_id bigint NOT NULL,
    tip_id bigint,
    user_id bigint NOT NULL
);


ALTER TABLE public.accounts_transaction OWNER TO postgres;

--
-- Name: accounts_transaction_id_seq; Type: SEQUENCE; Schema: public; Owner: postgres
--

ALTER TABLE public.accounts_transaction ALTER COLUMN id ADD GENERATED BY DEFAULT AS IDENTITY (
    SEQUENCE NAME public.accounts_transaction_id_seq
    START WITH 1
    INCREMENT BY 1
    NO MINVALUE
    NO MAXVALUE
    CACHE 1
);


--
-- Name: accounts_wallet; Type: TABLE; Schema: public; Owner: postgres
--

CREATE TABLE public.accounts_wallet (
    id bigint NOT NULL,
    money double precision,
    user_id bigint NOT NULL
);


ALTER TABLE public.accounts_wallet OWNER TO postgres;

--
-- Name: accounts_wallet_id_seq; Type: SEQUENCE; Schema: public; Owner: postgres
--

ALTER TABLE public.accounts_wallet ALTER COLUMN id ADD GENERATED BY DEFAULT AS IDENTITY (
    SEQUENCE NAME public.accounts_wallet_id_seq
    START WITH 1
    INCREMENT BY 1
    NO MINVALUE
    NO MAXVALUE
    CACHE 1
);


--
-- Name: auth_group; Type: TABLE; Schema: public; Owner: postgres
--

CREATE TABLE public.auth_group (
    id integer NOT NULL,
    name character varying(150) NOT NULL
);


ALTER TABLE public.auth_group OWNER TO postgres;

--
-- Name: auth_group_id_seq; Type: SEQUENCE; Schema: public; Owner: postgres
--

ALTER TABLE public.auth_group ALTER COLUMN id ADD GENERATED BY DEFAULT AS IDENTITY (
    SEQUENCE NAME public.auth_group_id_seq
    START WITH 1
    INCREMENT BY 1
    NO MINVALUE
    NO MAXVALUE
    CACHE 1
);


--
-- Name: auth_group_permissions; Type: TABLE; Schema: public; Owner: postgres
--

CREATE TABLE public.auth_group_permissions (
    id bigint NOT NULL,
    group_id integer NOT NULL,
    permission_id integer NOT NULL
);


ALTER TABLE public.auth_group_permissions OWNER TO postgres;

--
-- Name: auth_group_permissions_id_seq; Type: SEQUENCE; Schema: public; Owner: postgres
--

ALTER TABLE public.auth_group_permissions ALTER COLUMN id ADD GENERATED BY DEFAULT AS IDENTITY (
    SEQUENCE NAME public.auth_group_permissions_id_seq
    START WITH 1
    INCREMENT BY 1
    NO MINVALUE
    NO MAXVALUE
    CACHE 1
);


--
-- Name: auth_permission; Type: TABLE; Schema: public; Owner: postgres
--

CREATE TABLE public.auth_permission (
    id integer NOT NULL,
    name character varying(255) NOT NULL,
    content_type_id integer NOT NULL,
    codename character varying(100) NOT NULL
);


ALTER TABLE public.auth_permission OWNER TO postgres;

--
-- Name: auth_permission_id_seq; Type: SEQUENCE; Schema: public; Owner: postgres
--

ALTER TABLE public.auth_permission ALTER COLUMN id ADD GENERATED BY DEFAULT AS IDENTITY (
    SEQUENCE NAME public.auth_permission_id_seq
    START WITH 1
    INCREMENT BY 1
    NO MINVALUE
    NO MAXVALUE
    CACHE 1
);


--
-- Name: booster_booster; Type: TABLE; Schema: public; Owner: postgres
--

CREATE TABLE public.booster_booster (
    id bigint NOT NULL,
    profile_image character varying(100),
    about_you text,
    can_choose_me boolean NOT NULL,
    email_verified_at timestamp with time zone,
    is_wr_player boolean NOT NULL,
    is_valo_player boolean NOT NULL,
    achived_rank_valo_id bigint,
    achived_rank_wr_id bigint,
    booster_id bigint,
    achived_rank_pubg_id bigint,
    is_pubg_player boolean NOT NULL,
    achived_rank_lol_id bigint,
    is_lol_player boolean NOT NULL,
    achived_rank_tft_id bigint,
    is_hearthstone_player boolean NOT NULL,
    is_tft_player boolean NOT NULL,
    achived_rank_hearthstone_id bigint,
    achived_rank_rl_id bigint,
    is_rl_player boolean NOT NULL,
    achived_rank_mobleg_id bigint,
    is_mobleg_player boolean NOT NULL,
    achived_rank_wow_id bigint,
    is_wow_player boolean NOT NULL,
    achived_rank_overwatch2_id bigint,
    is_overwatch2_player boolean NOT NULL,
    is_csgo2_player boolean NOT NULL,
    is_dota2_player boolean NOT NULL,
    is_hok_player boolean NOT NULL,
    achived_rank_dota2_id bigint,
    achived_rank_csgo2_id bigint,
    achived_rank_hok_id bigint,
    discord_id character varying(100),
    paypal_account character varying(254),
    choosen_chat_message character varying(200) NOT NULL,
    start_chat_message character varying(200) NOT NULL
);


ALTER TABLE public.booster_booster OWNER TO postgres;

--
-- Name: booster_booster_games; Type: TABLE; Schema: public; Owner: postgres
--

CREATE TABLE public.booster_booster_games (
    id bigint NOT NULL,
    booster_id bigint NOT NULL,
    game_id bigint NOT NULL
);


ALTER TABLE public.booster_booster_games OWNER TO postgres;

--
-- Name: booster_booster_games_id_seq; Type: SEQUENCE; Schema: public; Owner: postgres
--

ALTER TABLE public.booster_booster_games ALTER COLUMN id ADD GENERATED BY DEFAULT AS IDENTITY (
    SEQUENCE NAME public.booster_booster_games_id_seq
    START WITH 1
    INCREMENT BY 1
    NO MINVALUE
    NO MAXVALUE
    CACHE 1
);


--
-- Name: booster_booster_id_seq; Type: SEQUENCE; Schema: public; Owner: postgres
--

ALTER TABLE public.booster_booster ALTER COLUMN id ADD GENERATED BY DEFAULT AS IDENTITY (
    SEQUENCE NAME public.booster_booster_id_seq
    START WITH 1
    INCREMENT BY 1
    NO MINVALUE
    NO MAXVALUE
    CACHE 1
);


--
-- Name: booster_booster_languages; Type: TABLE; Schema: public; Owner: postgres
--

CREATE TABLE public.booster_booster_languages (
    id bigint NOT NULL,
    booster_id bigint NOT NULL,
    language_id bigint NOT NULL
);


ALTER TABLE public.booster_booster_languages OWNER TO postgres;

--
-- Name: booster_booster_languages_id_seq; Type: SEQUENCE; Schema: public; Owner: postgres
--

ALTER TABLE public.booster_booster_languages ALTER COLUMN id ADD GENERATED BY DEFAULT AS IDENTITY (
    SEQUENCE NAME public.booster_booster_languages_id_seq
    START WITH 1
    INCREMENT BY 1
    NO MINVALUE
    NO MAXVALUE
    CACHE 1
);


--
-- Name: booster_boosterportfolio; Type: TABLE; Schema: public; Owner: postgres
--

CREATE TABLE public.booster_boosterportfolio (
    id bigint NOT NULL,
    image character varying(100) NOT NULL,
    booster_id bigint NOT NULL,
    approved boolean NOT NULL
);


ALTER TABLE public.booster_boosterportfolio OWNER TO postgres;

--
-- Name: booster_boosterportfolio_id_seq; Type: SEQUENCE; Schema: public; Owner: postgres
--

ALTER TABLE public.booster_boosterportfolio ALTER COLUMN id ADD GENERATED BY DEFAULT AS IDENTITY (
    SEQUENCE NAME public.booster_boosterportfolio_id_seq
    START WITH 1
    INCREMENT BY 1
    NO MINVALUE
    NO MAXVALUE
    CACHE 1
);


--
-- Name: booster_boosterrank; Type: TABLE; Schema: public; Owner: postgres
--

CREATE TABLE public.booster_boosterrank (
    id bigint NOT NULL,
    rank_name character varying(100) NOT NULL,
    rank_image character varying(100),
    game_id bigint NOT NULL
);


ALTER TABLE public.booster_boosterrank OWNER TO postgres;

--
-- Name: booster_boosterrank_id_seq; Type: SEQUENCE; Schema: public; Owner: postgres
--

ALTER TABLE public.booster_boosterrank ALTER COLUMN id ADD GENERATED BY DEFAULT AS IDENTITY (
    SEQUENCE NAME public.booster_boosterrank_id_seq
    START WITH 1
    INCREMENT BY 1
    NO MINVALUE
    NO MAXVALUE
    CACHE 1
);


--
-- Name: booster_createbooster; Type: TABLE; Schema: public; Owner: postgres
--

CREATE TABLE public.booster_createbooster (
    id bigint NOT NULL,
    username character varying(150) NOT NULL,
    is_csgo2_player boolean NOT NULL,
    is_dota2_player boolean NOT NULL,
    is_hearthstone_player boolean NOT NULL,
    is_hok_player boolean NOT NULL,
    is_lol_player boolean NOT NULL,
    is_mobleg_player boolean NOT NULL,
    is_overwatch2_player boolean NOT NULL,
    is_pubg_player boolean NOT NULL,
    is_rl_player boolean NOT NULL,
    is_tft_player boolean NOT NULL,
    is_valo_player boolean NOT NULL,
    is_wow_player boolean NOT NULL,
    is_wr_player boolean NOT NULL,
    email character varying(150) NOT NULL
);


ALTER TABLE public.booster_createbooster OWNER TO postgres;

--
-- Name: booster_createbooster_id_seq; Type: SEQUENCE; Schema: public; Owner: postgres
--

ALTER TABLE public.booster_createbooster ALTER COLUMN id ADD GENERATED BY DEFAULT AS IDENTITY (
    SEQUENCE NAME public.booster_createbooster_id_seq
    START WITH 1
    INCREMENT BY 1
    NO MINVALUE
    NO MAXVALUE
    CACHE 1
);


--
-- Name: booster_language; Type: TABLE; Schema: public; Owner: postgres
--

CREATE TABLE public.booster_language (
    id bigint NOT NULL,
    language character varying(120) NOT NULL
);


ALTER TABLE public.booster_language OWNER TO postgres;

--
-- Name: booster_language_id_seq; Type: SEQUENCE; Schema: public; Owner: postgres
--

ALTER TABLE public.booster_language ALTER COLUMN id ADD GENERATED BY DEFAULT AS IDENTITY (
    SEQUENCE NAME public.booster_language_id_seq
    START WITH 1
    INCREMENT BY 1
    NO MINVALUE
    NO MAXVALUE
    CACHE 1
);


--
-- Name: booster_orderrating; Type: TABLE; Schema: public; Owner: postgres
--

CREATE TABLE public.booster_orderrating (
    id bigint NOT NULL,
    rate integer NOT NULL,
    text text,
    game integer NOT NULL,
    anonymous boolean NOT NULL,
    created_at timestamp with time zone NOT NULL,
    booster_id bigint NOT NULL,
    customer_id bigint NOT NULL,
    order_id bigint NOT NULL
);


ALTER TABLE public.booster_orderrating OWNER TO postgres;

--
-- Name: booster_orderrating_id_seq; Type: SEQUENCE; Schema: public; Owner: postgres
--

ALTER TABLE public.booster_orderrating ALTER COLUMN id ADD GENERATED BY DEFAULT AS IDENTITY (
    SEQUENCE NAME public.booster_orderrating_id_seq
    START WITH 1
    INCREMENT BY 1
    NO MINVALUE
    NO MAXVALUE
    CACHE 1
);


--
-- Name: booster_photo; Type: TABLE; Schema: public; Owner: postgres
--

CREATE TABLE public.booster_photo (
    id bigint NOT NULL,
    image character varying(100) NOT NULL,
    booster_id bigint NOT NULL
);


ALTER TABLE public.booster_photo OWNER TO postgres;

--
-- Name: booster_photo_id_seq; Type: SEQUENCE; Schema: public; Owner: postgres
--

ALTER TABLE public.booster_photo ALTER COLUMN id ADD GENERATED BY DEFAULT AS IDENTITY (
    SEQUENCE NAME public.booster_photo_id_seq
    START WITH 1
    INCREMENT BY 1
    NO MINVALUE
    NO MAXVALUE
    CACHE 1
);


--
-- Name: booster_workwithus; Type: TABLE; Schema: public; Owner: postgres
--

CREATE TABLE public.booster_workwithus (
    id bigint NOT NULL,
    nickname character varying(30) NOT NULL,
    email character varying(100) NOT NULL,
    discord_id character varying(100) NOT NULL,
    rank character varying(300) NOT NULL,
    server character varying(100) NOT NULL,
    about_you text NOT NULL,
    country character varying(1000) NOT NULL,
    agree_privacy boolean NOT NULL
);


ALTER TABLE public.booster_workwithus OWNER TO postgres;

--
-- Name: booster_workwithus_game; Type: TABLE; Schema: public; Owner: postgres
--

CREATE TABLE public.booster_workwithus_game (
    id bigint NOT NULL,
    workwithus_id bigint NOT NULL,
    game_id bigint NOT NULL
);


ALTER TABLE public.booster_workwithus_game OWNER TO postgres;

--
-- Name: booster_workwithus_game_id_seq; Type: SEQUENCE; Schema: public; Owner: postgres
--

ALTER TABLE public.booster_workwithus_game ALTER COLUMN id ADD GENERATED BY DEFAULT AS IDENTITY (
    SEQUENCE NAME public.booster_workwithus_game_id_seq
    START WITH 1
    INCREMENT BY 1
    NO MINVALUE
    NO MAXVALUE
    CACHE 1
);


--
-- Name: booster_workwithus_id_seq; Type: SEQUENCE; Schema: public; Owner: postgres
--

ALTER TABLE public.booster_workwithus ALTER COLUMN id ADD GENERATED BY DEFAULT AS IDENTITY (
    SEQUENCE NAME public.booster_workwithus_id_seq
    START WITH 1
    INCREMENT BY 1
    NO MINVALUE
    NO MAXVALUE
    CACHE 1
);


--
-- Name: booster_workwithus_languages; Type: TABLE; Schema: public; Owner: postgres
--

CREATE TABLE public.booster_workwithus_languages (
    id bigint NOT NULL,
    workwithus_id bigint NOT NULL,
    language_id bigint NOT NULL
);


ALTER TABLE public.booster_workwithus_languages OWNER TO postgres;

--
-- Name: booster_workwithus_languages_id_seq; Type: SEQUENCE; Schema: public; Owner: postgres
--

ALTER TABLE public.booster_workwithus_languages ALTER COLUMN id ADD GENERATED BY DEFAULT AS IDENTITY (
    SEQUENCE NAME public.booster_workwithus_languages_id_seq
    START WITH 1
    INCREMENT BY 1
    NO MINVALUE
    NO MAXVALUE
    CACHE 1
);


--
-- Name: chat_message; Type: TABLE; Schema: public; Owner: postgres
--

CREATE TABLE public.chat_message (
    id bigint NOT NULL,
    content text NOT NULL,
    created_on timestamp with time zone NOT NULL,
    msg_type integer NOT NULL,
    room_id bigint NOT NULL,
    user_id bigint NOT NULL
);


ALTER TABLE public.chat_message OWNER TO postgres;

--
-- Name: chat_message_id_seq; Type: SEQUENCE; Schema: public; Owner: postgres
--

CREATE SEQUENCE public.chat_message_id_seq
    START WITH 1
    INCREMENT BY 1
    NO MINVALUE
    NO MAXVALUE
    CACHE 1;


ALTER SEQUENCE public.chat_message_id_seq OWNER TO postgres;

--
-- Name: chat_message_id_seq; Type: SEQUENCE OWNED BY; Schema: public; Owner: postgres
--

ALTER SEQUENCE public.chat_message_id_seq OWNED BY public.chat_message.id;


--
-- Name: chat_room; Type: TABLE; Schema: public; Owner: postgres
--

CREATE TABLE public.chat_room (
    id bigint NOT NULL,
    name character varying(50) NOT NULL,
    slug character varying(100) NOT NULL,
    order_name character varying(50) NOT NULL,
    active boolean NOT NULL,
    is_for_admins boolean NOT NULL,
    created_on timestamp with time zone NOT NULL,
    booster_id bigint,
    customer_id bigint NOT NULL
);


ALTER TABLE public.chat_room OWNER TO postgres;

--
-- Name: chat_room_id_seq; Type: SEQUENCE; Schema: public; Owner: postgres
--

CREATE SEQUENCE public.chat_room_id_seq
    START WITH 1
    INCREMENT BY 1
    NO MINVALUE
    NO MAXVALUE
    CACHE 1;


ALTER SEQUENCE public.chat_room_id_seq OWNER TO postgres;

--
-- Name: chat_room_id_seq; Type: SEQUENCE OWNED BY; Schema: public; Owner: postgres
--

ALTER SEQUENCE public.chat_room_id_seq OWNED BY public.chat_room.id;


--
-- Name: cryptocurrency_payment_cryptocurrencypayment; Type: TABLE; Schema: public; Owner: postgres
--

CREATE TABLE public.cryptocurrency_payment_cryptocurrencypayment (
    id uuid NOT NULL,
    crypto character varying(50) NOT NULL,
    crypto_code character varying(15),
    address character varying(200) NOT NULL,
    address_reused boolean NOT NULL,
    tx_hash character varying(150),
    status character varying(50) NOT NULL,
    crypto_amount numeric(17,12) NOT NULL,
    paid_crypto_amount numeric(17,12),
    fiat_amount numeric(9,2) NOT NULL,
    fiat_currency character varying(5) NOT NULL,
    payment_title character varying(100),
    payment_description character varying(250),
    object_id character varying(100),
    created_at timestamp with time zone NOT NULL,
    updated_at timestamp with time zone NOT NULL,
    child_payment_id uuid,
    content_type_id integer,
    parent_payment_id uuid,
    user_id bigint
);


ALTER TABLE public.cryptocurrency_payment_cryptocurrencypayment OWNER TO postgres;

--
-- Name: csgo2_csgo2divisionorder; Type: TABLE; Schema: public; Owner: postgres
--

CREATE TABLE public.csgo2_csgo2divisionorder (
    order_id bigint NOT NULL,
    current_division smallint NOT NULL,
    reached_division smallint,
    desired_division smallint NOT NULL,
    current_marks smallint,
    reached_marks smallint,
    created_at timestamp with time zone NOT NULL,
    updated_at timestamp with time zone NOT NULL,
    current_rank_id bigint NOT NULL,
    desired_rank_id bigint NOT NULL,
    reached_rank_id bigint,
    CONSTRAINT csgo2_csgo2divisionorder_current_division_check CHECK ((current_division >= 0)),
    CONSTRAINT csgo2_csgo2divisionorder_current_marks_check CHECK ((current_marks >= 0)),
    CONSTRAINT csgo2_csgo2divisionorder_desired_division_check CHECK ((desired_division >= 0)),
    CONSTRAINT csgo2_csgo2divisionorder_reached_division_check CHECK ((reached_division >= 0)),
    CONSTRAINT csgo2_csgo2divisionorder_reached_marks_check CHECK ((reached_marks >= 0))
);


ALTER TABLE public.csgo2_csgo2divisionorder OWNER TO postgres;

--
-- Name: csgo2_csgo2mark; Type: TABLE; Schema: public; Owner: postgres
--

CREATE TABLE public.csgo2_csgo2mark (
    id bigint NOT NULL,
    mark_number smallint NOT NULL,
    rank_id bigint NOT NULL,
    CONSTRAINT csgo2_csgo2mark_mark_number_check CHECK ((mark_number >= 0))
);


ALTER TABLE public.csgo2_csgo2mark OWNER TO postgres;

--
-- Name: csgo2_csgo2mark_id_seq; Type: SEQUENCE; Schema: public; Owner: postgres
--

ALTER TABLE public.csgo2_csgo2mark ALTER COLUMN id ADD GENERATED BY DEFAULT AS IDENTITY (
    SEQUENCE NAME public.csgo2_csgo2mark_id_seq
    START WITH 1
    INCREMENT BY 1
    NO MINVALUE
    NO MAXVALUE
    CACHE 1
);


--
-- Name: csgo2_csgo2premierorder; Type: TABLE; Schema: public; Owner: postgres
--

CREATE TABLE public.csgo2_csgo2premierorder (
    created_at timestamp with time zone NOT NULL,
    current_division smallint NOT NULL,
    current_marks smallint,
    desired_division smallint NOT NULL,
    order_id bigint NOT NULL,
    reached_division smallint,
    reached_marks smallint,
    updated_at timestamp with time zone NOT NULL,
    current_rank_id bigint NOT NULL,
    desired_rank_id bigint NOT NULL,
    reached_rank_id bigint,
    CONSTRAINT csgo2_csgo2premierorder_current_division_check CHECK ((current_division >= 0)),
    CONSTRAINT csgo2_csgo2premierorder_current_marks_check CHECK ((current_marks >= 0)),
    CONSTRAINT csgo2_csgo2premierorder_desired_division_check CHECK ((desired_division >= 0)),
    CONSTRAINT csgo2_csgo2premierorder_reached_division_check CHECK ((reached_division >= 0)),
    CONSTRAINT csgo2_csgo2premierorder_reached_marks_check CHECK ((reached_marks >= 0))
);


ALTER TABLE public.csgo2_csgo2premierorder OWNER TO postgres;

--
-- Name: csgo2_csgo2premierprice; Type: TABLE; Schema: public; Owner: postgres
--

CREATE TABLE public.csgo2_csgo2premierprice (
    id bigint NOT NULL,
    price_0_4999 double precision NOT NULL,
    price_5000_7999 double precision NOT NULL,
    price_8000_11999 double precision NOT NULL,
    price_12000_18999 double precision NOT NULL,
    price_19000_20999 double precision NOT NULL,
    price_21000_24999 double precision NOT NULL,
    price_25000_30000 double precision NOT NULL
);


ALTER TABLE public.csgo2_csgo2premierprice OWNER TO postgres;

--
-- Name: csgo2_csgo2premierprice_id_seq; Type: SEQUENCE; Schema: public; Owner: postgres
--

ALTER TABLE public.csgo2_csgo2premierprice ALTER COLUMN id ADD GENERATED BY DEFAULT AS IDENTITY (
    SEQUENCE NAME public.csgo2_csgo2premierprice_id_seq
    START WITH 1
    INCREMENT BY 1
    NO MINVALUE
    NO MAXVALUE
    CACHE 1
);


--
-- Name: csgo2_csgo2premierrank; Type: TABLE; Schema: public; Owner: postgres
--

CREATE TABLE public.csgo2_csgo2premierrank (
    id bigint NOT NULL,
    rank_name character varying(300) NOT NULL,
    start_range integer NOT NULL,
    end_range integer NOT NULL
);


ALTER TABLE public.csgo2_csgo2premierrank OWNER TO postgres;

--
-- Name: csgo2_csgo2premierrank_id_seq; Type: SEQUENCE; Schema: public; Owner: postgres
--

ALTER TABLE public.csgo2_csgo2premierrank ALTER COLUMN id ADD GENERATED BY DEFAULT AS IDENTITY (
    SEQUENCE NAME public.csgo2_csgo2premierrank_id_seq
    START WITH 1
    INCREMENT BY 1
    NO MINVALUE
    NO MAXVALUE
    CACHE 1
);


--
-- Name: csgo2_csgo2rank; Type: TABLE; Schema: public; Owner: postgres
--

CREATE TABLE public.csgo2_csgo2rank (
    id bigint NOT NULL,
    rank_name character varying(25) NOT NULL,
    rank_image character varying(100),
    rank_image_url character varying(200)
);


ALTER TABLE public.csgo2_csgo2rank OWNER TO postgres;

--
-- Name: csgo2_csgo2rank_id_seq; Type: SEQUENCE; Schema: public; Owner: postgres
--

ALTER TABLE public.csgo2_csgo2rank ALTER COLUMN id ADD GENERATED BY DEFAULT AS IDENTITY (
    SEQUENCE NAME public.csgo2_csgo2rank_id_seq
    START WITH 1
    INCREMENT BY 1
    NO MINVALUE
    NO MAXVALUE
    CACHE 1
);


--
-- Name: csgo2_csgo2tier; Type: TABLE; Schema: public; Owner: postgres
--

CREATE TABLE public.csgo2_csgo2tier (
    id bigint NOT NULL,
    "from_I_to_I_next" double precision NOT NULL,
    rank_id bigint NOT NULL
);


ALTER TABLE public.csgo2_csgo2tier OWNER TO postgres;

--
-- Name: csgo2_csgo2tier_id_seq; Type: SEQUENCE; Schema: public; Owner: postgres
--

ALTER TABLE public.csgo2_csgo2tier ALTER COLUMN id ADD GENERATED BY DEFAULT AS IDENTITY (
    SEQUENCE NAME public.csgo2_csgo2tier_id_seq
    START WITH 1
    INCREMENT BY 1
    NO MINVALUE
    NO MAXVALUE
    CACHE 1
);


--
-- Name: csgo2_csgofaceitorder; Type: TABLE; Schema: public; Owner: postgres
--

CREATE TABLE public.csgo2_csgofaceitorder (
    created_at timestamp with time zone NOT NULL,
    current_level integer NOT NULL,
    desired_level integer NOT NULL,
    order_id bigint NOT NULL,
    reached_level integer,
    updated_at timestamp with time zone NOT NULL
);


ALTER TABLE public.csgo2_csgofaceitorder OWNER TO postgres;

--
-- Name: csgo2_csgofaceitprice; Type: TABLE; Schema: public; Owner: postgres
--

CREATE TABLE public.csgo2_csgofaceitprice (
    id bigint NOT NULL,
    from_1_to_2 double precision NOT NULL,
    from_2_to_3 double precision NOT NULL,
    from_3_to_4 double precision NOT NULL,
    from_4_to_5 double precision NOT NULL,
    from_5_to_6 double precision NOT NULL,
    from_6_to_7 double precision NOT NULL,
    from_7_to_8 double precision NOT NULL,
    from_8_to_9 double precision NOT NULL,
    from_9_to_10 double precision NOT NULL
);


ALTER TABLE public.csgo2_csgofaceitprice OWNER TO postgres;

--
-- Name: csgo2_csgofaceitprice_id_seq; Type: SEQUENCE; Schema: public; Owner: postgres
--

ALTER TABLE public.csgo2_csgofaceitprice ALTER COLUMN id ADD GENERATED BY DEFAULT AS IDENTITY (
    SEQUENCE NAME public.csgo2_csgofaceitprice_id_seq
    START WITH 1
    INCREMENT BY 1
    NO MINVALUE
    NO MAXVALUE
    CACHE 1
);


--
-- Name: customer_champion; Type: TABLE; Schema: public; Owner: postgres
--

CREATE TABLE public.customer_champion (
    id bigint NOT NULL,
    name character varying(50) NOT NULL,
    image character varying(100) NOT NULL,
    game_id bigint NOT NULL
);


ALTER TABLE public.customer_champion OWNER TO postgres;

--
-- Name: customer_champion_id_seq; Type: SEQUENCE; Schema: public; Owner: postgres
--

ALTER TABLE public.customer_champion ALTER COLUMN id ADD GENERATED BY DEFAULT AS IDENTITY (
    SEQUENCE NAME public.customer_champion_id_seq
    START WITH 1
    INCREMENT BY 1
    NO MINVALUE
    NO MAXVALUE
    CACHE 1
);


--
-- Name: customer_customorder; Type: TABLE; Schema: public; Owner: postgres
--

CREATE TABLE public.customer_customorder (
    id bigint NOT NULL,
    email character varying(254) NOT NULL,
    "order" text NOT NULL,
    customer_id bigint NOT NULL,
    game_id bigint NOT NULL
);


ALTER TABLE public.customer_customorder OWNER TO postgres;

--
-- Name: customer_customorder_id_seq; Type: SEQUENCE; Schema: public; Owner: postgres
--

ALTER TABLE public.customer_customorder ALTER COLUMN id ADD GENERATED BY DEFAULT AS IDENTITY (
    SEQUENCE NAME public.customer_customorder_id_seq
    START WITH 1
    INCREMENT BY 1
    NO MINVALUE
    NO MAXVALUE
    CACHE 1
);


--
-- Name: dashboard_adminlogentry; Type: TABLE; Schema: public; Owner: postgres
--

CREATE TABLE public.dashboard_adminlogentry (
    id bigint NOT NULL,
    action character varying(100) NOT NULL,
    model character varying(100),
    details text NOT NULL,
    "timestamp" timestamp with time zone NOT NULL,
    user_id bigint
);


ALTER TABLE public.dashboard_adminlogentry OWNER TO postgres;

--
-- Name: dashboard_adminlogentry_id_seq; Type: SEQUENCE; Schema: public; Owner: postgres
--

ALTER TABLE public.dashboard_adminlogentry ALTER COLUMN id ADD GENERATED BY DEFAULT AS IDENTITY (
    SEQUENCE NAME public.dashboard_adminlogentry_id_seq
    START WITH 1
    INCREMENT BY 1
    NO MINVALUE
    NO MAXVALUE
    CACHE 1
);


--
-- Name: django_admin_log; Type: TABLE; Schema: public; Owner: postgres
--

CREATE TABLE public.django_admin_log (
    id integer NOT NULL,
    action_time timestamp with time zone NOT NULL,
    object_id text,
    object_repr character varying(200) NOT NULL,
    action_flag smallint NOT NULL,
    change_message text NOT NULL,
    content_type_id integer,
    user_id bigint NOT NULL,
    CONSTRAINT django_admin_log_action_flag_check CHECK ((action_flag >= 0))
);


ALTER TABLE public.django_admin_log OWNER TO postgres;

--
-- Name: django_admin_log_id_seq; Type: SEQUENCE; Schema: public; Owner: postgres
--

ALTER TABLE public.django_admin_log ALTER COLUMN id ADD GENERATED BY DEFAULT AS IDENTITY (
    SEQUENCE NAME public.django_admin_log_id_seq
    START WITH 1
    INCREMENT BY 1
    NO MINVALUE
    NO MAXVALUE
    CACHE 1
);


--
-- Name: django_content_type; Type: TABLE; Schema: public; Owner: postgres
--

CREATE TABLE public.django_content_type (
    id integer NOT NULL,
    app_label character varying(100) NOT NULL,
    model character varying(100) NOT NULL
);


ALTER TABLE public.django_content_type OWNER TO postgres;

--
-- Name: django_content_type_id_seq; Type: SEQUENCE; Schema: public; Owner: postgres
--

ALTER TABLE public.django_content_type ALTER COLUMN id ADD GENERATED BY DEFAULT AS IDENTITY (
    SEQUENCE NAME public.django_content_type_id_seq
    START WITH 1
    INCREMENT BY 1
    NO MINVALUE
    NO MAXVALUE
    CACHE 1
);


--
-- Name: django_migrations; Type: TABLE; Schema: public; Owner: postgres
--

CREATE TABLE public.django_migrations (
    id bigint NOT NULL,
    app character varying(255) NOT NULL,
    name character varying(255) NOT NULL,
    applied timestamp with time zone NOT NULL
);


ALTER TABLE public.django_migrations OWNER TO postgres;

--
-- Name: django_migrations_id_seq; Type: SEQUENCE; Schema: public; Owner: postgres
--

ALTER TABLE public.django_migrations ALTER COLUMN id ADD GENERATED BY DEFAULT AS IDENTITY (
    SEQUENCE NAME public.django_migrations_id_seq
    START WITH 1
    INCREMENT BY 1
    NO MINVALUE
    NO MAXVALUE
    CACHE 1
);


--
-- Name: django_q_ormq; Type: TABLE; Schema: public; Owner: postgres
--

CREATE TABLE public.django_q_ormq (
    id integer NOT NULL,
    key character varying(100) NOT NULL,
    payload text NOT NULL,
    lock timestamp with time zone
);


ALTER TABLE public.django_q_ormq OWNER TO postgres;

--
-- Name: django_q_ormq_id_seq; Type: SEQUENCE; Schema: public; Owner: postgres
--

ALTER TABLE public.django_q_ormq ALTER COLUMN id ADD GENERATED BY DEFAULT AS IDENTITY (
    SEQUENCE NAME public.django_q_ormq_id_seq
    START WITH 1
    INCREMENT BY 1
    NO MINVALUE
    NO MAXVALUE
    CACHE 1
);


--
-- Name: django_q_schedule; Type: TABLE; Schema: public; Owner: postgres
--

CREATE TABLE public.django_q_schedule (
    id integer NOT NULL,
    func character varying(256) NOT NULL,
    hook character varying(256),
    args text,
    kwargs text,
    schedule_type character varying(1) NOT NULL,
    repeats integer NOT NULL,
    next_run timestamp with time zone,
    task character varying(100),
    name character varying(100),
    minutes smallint,
    cron character varying(100),
    cluster character varying(100),
    CONSTRAINT django_q_schedule_minutes_check CHECK ((minutes >= 0))
);


ALTER TABLE public.django_q_schedule OWNER TO postgres;

--
-- Name: django_q_schedule_id_seq; Type: SEQUENCE; Schema: public; Owner: postgres
--

ALTER TABLE public.django_q_schedule ALTER COLUMN id ADD GENERATED BY DEFAULT AS IDENTITY (
    SEQUENCE NAME public.django_q_schedule_id_seq
    START WITH 1
    INCREMENT BY 1
    NO MINVALUE
    NO MAXVALUE
    CACHE 1
);


--
-- Name: django_q_task; Type: TABLE; Schema: public; Owner: postgres
--

CREATE TABLE public.django_q_task (
    name character varying(100) NOT NULL,
    func character varying(256) NOT NULL,
    hook character varying(256),
    args text,
    kwargs text,
    result text,
    started timestamp with time zone NOT NULL,
    stopped timestamp with time zone NOT NULL,
    success boolean NOT NULL,
    id character varying(32) NOT NULL,
    "group" character varying(100),
    attempt_count integer NOT NULL
);


ALTER TABLE public.django_q_task OWNER TO postgres;

--
-- Name: django_session; Type: TABLE; Schema: public; Owner: postgres
--

CREATE TABLE public.django_session (
    session_key character varying(40) NOT NULL,
    session_data text NOT NULL,
    expire_date timestamp with time zone NOT NULL
);


ALTER TABLE public.django_session OWNER TO postgres;

--
-- Name: dota2_dota2mmrprice; Type: TABLE; Schema: public; Owner: postgres
--

CREATE TABLE public.dota2_dota2mmrprice (
    id bigint NOT NULL,
    price_0_2000 double precision NOT NULL,
    price_2000_3000 double precision NOT NULL,
    price_3000_4000 double precision NOT NULL,
    price_4000_5000 double precision NOT NULL,
    price_5000_5500 double precision NOT NULL,
    price_5500_6000 double precision NOT NULL,
    price_6000_extra double precision NOT NULL
);


ALTER TABLE public.dota2_dota2mmrprice OWNER TO postgres;

--
-- Name: dota2_dota2mmrprice_id_seq; Type: SEQUENCE; Schema: public; Owner: postgres
--

ALTER TABLE public.dota2_dota2mmrprice ALTER COLUMN id ADD GENERATED BY DEFAULT AS IDENTITY (
    SEQUENCE NAME public.dota2_dota2mmrprice_id_seq
    START WITH 1
    INCREMENT BY 1
    NO MINVALUE
    NO MAXVALUE
    CACHE 1
);


--
-- Name: dota2_dota2placement; Type: TABLE; Schema: public; Owner: postgres
--

CREATE TABLE public.dota2_dota2placement (
    id bigint NOT NULL,
    rank_name character varying(25) NOT NULL,
    rank_image character varying(100),
    "start_RP" integer NOT NULL,
    "end_RP" integer NOT NULL,
    price double precision NOT NULL
);


ALTER TABLE public.dota2_dota2placement OWNER TO postgres;

--
-- Name: dota2_dota2placement_id_seq; Type: SEQUENCE; Schema: public; Owner: postgres
--

ALTER TABLE public.dota2_dota2placement ALTER COLUMN id ADD GENERATED BY DEFAULT AS IDENTITY (
    SEQUENCE NAME public.dota2_dota2placement_id_seq
    START WITH 1
    INCREMENT BY 1
    NO MINVALUE
    NO MAXVALUE
    CACHE 1
);


--
-- Name: dota2_dota2placementorder; Type: TABLE; Schema: public; Owner: postgres
--

CREATE TABLE public.dota2_dota2placementorder (
    order_id bigint NOT NULL,
    last_division integer NOT NULL,
    number_of_match integer NOT NULL,
    role smallint,
    select_champion boolean,
    last_rank_id bigint NOT NULL,
    CONSTRAINT dota2_dota2placementorder_role_check CHECK ((role >= 0))
);


ALTER TABLE public.dota2_dota2placementorder OWNER TO postgres;

--
-- Name: dota2_dota2rank; Type: TABLE; Schema: public; Owner: postgres
--

CREATE TABLE public.dota2_dota2rank (
    id bigint NOT NULL,
    rank_name character varying(25) NOT NULL,
    rank_image character varying(100),
    "start_RP" integer NOT NULL,
    "end_RP" integer NOT NULL
);


ALTER TABLE public.dota2_dota2rank OWNER TO postgres;

--
-- Name: dota2_dota2rank_id_seq; Type: SEQUENCE; Schema: public; Owner: postgres
--

ALTER TABLE public.dota2_dota2rank ALTER COLUMN id ADD GENERATED BY DEFAULT AS IDENTITY (
    SEQUENCE NAME public.dota2_dota2rank_id_seq
    START WITH 1
    INCREMENT BY 1
    NO MINVALUE
    NO MAXVALUE
    CACHE 1
);


--
-- Name: dota2_dota2rankboostorder; Type: TABLE; Schema: public; Owner: postgres
--

CREATE TABLE public.dota2_dota2rankboostorder (
    order_id bigint NOT NULL,
    current_division integer NOT NULL,
    reached_division integer NOT NULL,
    desired_division integer NOT NULL,
    created_at timestamp with time zone NOT NULL,
    select_champion boolean,
    role smallint,
    current_rank_id bigint NOT NULL,
    desired_rank_id bigint NOT NULL,
    reached_rank_id bigint NOT NULL,
    current_marks smallint,
    reached_marks smallint,
    mmr_price double precision,
    CONSTRAINT dota2_dota2rankboostorder_current_marks_check CHECK ((current_marks >= 0)),
    CONSTRAINT dota2_dota2rankboostorder_reached_marks_check CHECK ((reached_marks >= 0)),
    CONSTRAINT dota2_dota2rankboostorder_role_80be63a1_check CHECK ((role >= 0))
);


ALTER TABLE public.dota2_dota2rankboostorder OWNER TO postgres;

--
-- Name: games_game; Type: TABLE; Schema: public; Owner: postgres
--

CREATE TABLE public.games_game (
    id bigint NOT NULL,
    name character varying(100) NOT NULL,
    link character varying(100) NOT NULL,
    logo_image character varying(100),
    banner_image character varying(100),
    name_image character varying(100)
);


ALTER TABLE public.games_game OWNER TO postgres;

--
-- Name: games_game_id_seq; Type: SEQUENCE; Schema: public; Owner: postgres
--

ALTER TABLE public.games_game ALTER COLUMN id ADD GENERATED BY DEFAULT AS IDENTITY (
    SEQUENCE NAME public.games_game_id_seq
    START WITH 1
    INCREMENT BY 1
    NO MINVALUE
    NO MAXVALUE
    CACHE 1
);


--
-- Name: hearthstone_hearthstonedivisionorder; Type: TABLE; Schema: public; Owner: postgres
--

CREATE TABLE public.hearthstone_hearthstonedivisionorder (
    order_id bigint NOT NULL,
    current_division smallint,
    reached_division smallint,
    desired_division smallint,
    current_marks smallint,
    reached_marks smallint,
    created_at timestamp with time zone NOT NULL,
    current_rank_id bigint,
    desired_rank_id bigint,
    reached_rank_id bigint,
    updated_at timestamp with time zone NOT NULL,
    CONSTRAINT hearthstone_hearthstone_current_division_1327b9a6_check CHECK ((current_division >= 0)),
    CONSTRAINT hearthstone_hearthstone_current_marks_ddb2dff6_check CHECK ((current_marks >= 0)),
    CONSTRAINT hearthstone_hearthstone_desired_division_0927fec8_check CHECK ((desired_division >= 0)),
    CONSTRAINT hearthstone_hearthstone_reached_division_0cd46635_check CHECK ((reached_division >= 0)),
    CONSTRAINT hearthstone_hearthstone_reached_marks_9adedc65_check CHECK ((reached_marks >= 0))
);


ALTER TABLE public.hearthstone_hearthstonedivisionorder OWNER TO postgres;

--
-- Name: hearthstone_hearthstonemark; Type: TABLE; Schema: public; Owner: postgres
--

CREATE TABLE public.hearthstone_hearthstonemark (
    id bigint NOT NULL,
    marks_3 double precision NOT NULL,
    marks_2 double precision NOT NULL,
    marks_1 double precision NOT NULL,
    rank_id bigint NOT NULL
);


ALTER TABLE public.hearthstone_hearthstonemark OWNER TO postgres;

--
-- Name: hearthstone_hearthstonemark_id_seq; Type: SEQUENCE; Schema: public; Owner: postgres
--

ALTER TABLE public.hearthstone_hearthstonemark ALTER COLUMN id ADD GENERATED BY DEFAULT AS IDENTITY (
    SEQUENCE NAME public.hearthstone_hearthstonemark_id_seq
    START WITH 1
    INCREMENT BY 1
    NO MINVALUE
    NO MAXVALUE
    CACHE 1
);


--
-- Name: hearthstone_hearthstonerank; Type: TABLE; Schema: public; Owner: postgres
--

CREATE TABLE public.hearthstone_hearthstonerank (
    id bigint NOT NULL,
    rank_name character varying(25) NOT NULL,
    rank_image character varying(100)
);


ALTER TABLE public.hearthstone_hearthstonerank OWNER TO postgres;

--
-- Name: hearthstone_hearthstonerank_id_seq; Type: SEQUENCE; Schema: public; Owner: postgres
--

ALTER TABLE public.hearthstone_hearthstonerank ALTER COLUMN id ADD GENERATED BY DEFAULT AS IDENTITY (
    SEQUENCE NAME public.hearthstone_hearthstonerank_id_seq
    START WITH 1
    INCREMENT BY 1
    NO MINVALUE
    NO MAXVALUE
    CACHE 1
);


--
-- Name: hearthstone_hearthstonetier; Type: TABLE; Schema: public; Owner: postgres
--

CREATE TABLE public.hearthstone_hearthstonetier (
    id bigint NOT NULL,
    "from_X_to_IX" double precision NOT NULL,
    "from_IX_to_VIII" double precision NOT NULL,
    "from_VIII_to_VII" double precision NOT NULL,
    "from_VII_to_VI" double precision NOT NULL,
    "from_VI_to_V" double precision NOT NULL,
    "from_V_to_IV" double precision NOT NULL,
    "from_IV_to_III" double precision NOT NULL,
    "from_III_to_II" double precision NOT NULL,
    "from_II_to_I" double precision NOT NULL,
    "from_I_to_IV_next" double precision NOT NULL,
    rank_id bigint NOT NULL
);


ALTER TABLE public.hearthstone_hearthstonetier OWNER TO postgres;

--
-- Name: hearthstone_hearthstonetier_id_seq; Type: SEQUENCE; Schema: public; Owner: postgres
--

ALTER TABLE public.hearthstone_hearthstonetier ALTER COLUMN id ADD GENERATED BY DEFAULT AS IDENTITY (
    SEQUENCE NAME public.hearthstone_hearthstonetier_id_seq
    START WITH 1
    INCREMENT BY 1
    NO MINVALUE
    NO MAXVALUE
    CACHE 1
);


--
-- Name: honorOfKings_honorofkingsdivisionorder; Type: TABLE; Schema: public; Owner: postgres
--

CREATE TABLE public."honorOfKings_honorofkingsdivisionorder" (
    order_id bigint NOT NULL,
    current_division integer,
    reached_division integer,
    desired_division integer,
    current_marks integer,
    reached_marks integer,
    created_at timestamp with time zone NOT NULL,
    current_rank_id bigint,
    desired_rank_id bigint,
    reached_rank_id bigint,
    updated_at timestamp with time zone NOT NULL
);


ALTER TABLE public."honorOfKings_honorofkingsdivisionorder" OWNER TO postgres;

--
-- Name: honorOfKings_honorofkingsmark; Type: TABLE; Schema: public; Owner: postgres
--

CREATE TABLE public."honorOfKings_honorofkingsmark" (
    id bigint NOT NULL,
    star_1 double precision NOT NULL,
    star_2 double precision NOT NULL,
    star_3 double precision NOT NULL,
    rank_id bigint NOT NULL
);


ALTER TABLE public."honorOfKings_honorofkingsmark" OWNER TO postgres;

--
-- Name: honorOfKings_honorofkingsmark_id_seq; Type: SEQUENCE; Schema: public; Owner: postgres
--

ALTER TABLE public."honorOfKings_honorofkingsmark" ALTER COLUMN id ADD GENERATED BY DEFAULT AS IDENTITY (
    SEQUENCE NAME public."honorOfKings_honorofkingsmark_id_seq"
    START WITH 1
    INCREMENT BY 1
    NO MINVALUE
    NO MAXVALUE
    CACHE 1
);


--
-- Name: honorOfKings_honorofkingsrank; Type: TABLE; Schema: public; Owner: postgres
--

CREATE TABLE public."honorOfKings_honorofkingsrank" (
    id bigint NOT NULL,
    rank_name character varying(25) NOT NULL,
    rank_image character varying(100)
);


ALTER TABLE public."honorOfKings_honorofkingsrank" OWNER TO postgres;

--
-- Name: honorOfKings_honorofkingsrank_id_seq; Type: SEQUENCE; Schema: public; Owner: postgres
--

ALTER TABLE public."honorOfKings_honorofkingsrank" ALTER COLUMN id ADD GENERATED BY DEFAULT AS IDENTITY (
    SEQUENCE NAME public."honorOfKings_honorofkingsrank_id_seq"
    START WITH 1
    INCREMENT BY 1
    NO MINVALUE
    NO MAXVALUE
    CACHE 1
);


--
-- Name: honorOfKings_honorofkingstier; Type: TABLE; Schema: public; Owner: postgres
--

CREATE TABLE public."honorOfKings_honorofkingstier" (
    id bigint NOT NULL,
    "from_V_to_IV" double precision NOT NULL,
    "from_IV_to_III" double precision NOT NULL,
    "from_III_to_II" double precision NOT NULL,
    "from_II_to_I" double precision NOT NULL,
    "from_I_to_IV_next" double precision NOT NULL,
    rank_id bigint NOT NULL
);


ALTER TABLE public."honorOfKings_honorofkingstier" OWNER TO postgres;

--
-- Name: honorOfKings_honorofkingstier_id_seq; Type: SEQUENCE; Schema: public; Owner: postgres
--

ALTER TABLE public."honorOfKings_honorofkingstier" ALTER COLUMN id ADD GENERATED BY DEFAULT AS IDENTITY (
    SEQUENCE NAME public."honorOfKings_honorofkingstier_id_seq"
    START WITH 1
    INCREMENT BY 1
    NO MINVALUE
    NO MAXVALUE
    CACHE 1
);


--
-- Name: leagueOfLegends_leagueoflegendsdivisionorder; Type: TABLE; Schema: public; Owner: postgres
--

CREATE TABLE public."leagueOfLegends_leagueoflegendsdivisionorder" (
    order_id bigint NOT NULL,
    current_division smallint,
    reached_division smallint,
    desired_division smallint,
    current_marks smallint,
    reached_marks smallint,
    created_at timestamp with time zone NOT NULL,
    select_champion boolean,
    current_rank_id bigint,
    desired_rank_id bigint,
    reached_rank_id bigint,
    updated_at timestamp with time zone NOT NULL,
    CONSTRAINT "leagueOfLegends_leagueo_current_division_3757aa2f_check" CHECK ((current_division >= 0)),
    CONSTRAINT "leagueOfLegends_leagueo_current_marks_afabcf56_check" CHECK ((current_marks >= 0)),
    CONSTRAINT "leagueOfLegends_leagueo_desired_division_437d4b6f_check" CHECK ((desired_division >= 0)),
    CONSTRAINT "leagueOfLegends_leagueo_reached_division_bfe797aa_check" CHECK ((reached_division >= 0)),
    CONSTRAINT "leagueOfLegends_leagueo_reached_marks_f84168d5_check" CHECK ((reached_marks >= 0))
);


ALTER TABLE public."leagueOfLegends_leagueoflegendsdivisionorder" OWNER TO postgres;

--
-- Name: leagueOfLegends_leagueoflegendsdivisionorder_champions; Type: TABLE; Schema: public; Owner: postgres
--

CREATE TABLE public."leagueOfLegends_leagueoflegendsdivisionorder_champions" (
    id bigint NOT NULL,
    leagueoflegendsdivisionorder_id bigint NOT NULL,
    champion_id bigint NOT NULL
);


ALTER TABLE public."leagueOfLegends_leagueoflegendsdivisionorder_champions" OWNER TO postgres;

--
-- Name: leagueOfLegends_leagueoflegendsdivisionorder_champions_id_seq; Type: SEQUENCE; Schema: public; Owner: postgres
--

ALTER TABLE public."leagueOfLegends_leagueoflegendsdivisionorder_champions" ALTER COLUMN id ADD GENERATED BY DEFAULT AS IDENTITY (
    SEQUENCE NAME public."leagueOfLegends_leagueoflegendsdivisionorder_champions_id_seq"
    START WITH 1
    INCREMENT BY 1
    NO MINVALUE
    NO MAXVALUE
    CACHE 1
);


--
-- Name: leagueOfLegends_leagueoflegendsmark; Type: TABLE; Schema: public; Owner: postgres
--

CREATE TABLE public."leagueOfLegends_leagueoflegendsmark" (
    id bigint NOT NULL,
    marks_0_20 double precision NOT NULL,
    marks_21_40 double precision NOT NULL,
    marks_41_60 double precision NOT NULL,
    marks_61_80 double precision NOT NULL,
    marks_81_99 double precision NOT NULL,
    marks_series double precision NOT NULL,
    rank_id bigint NOT NULL
);


ALTER TABLE public."leagueOfLegends_leagueoflegendsmark" OWNER TO postgres;

--
-- Name: leagueOfLegends_leagueoflegendsmark_id_seq; Type: SEQUENCE; Schema: public; Owner: postgres
--

ALTER TABLE public."leagueOfLegends_leagueoflegendsmark" ALTER COLUMN id ADD GENERATED BY DEFAULT AS IDENTITY (
    SEQUENCE NAME public."leagueOfLegends_leagueoflegendsmark_id_seq"
    START WITH 1
    INCREMENT BY 1
    NO MINVALUE
    NO MAXVALUE
    CACHE 1
);


--
-- Name: leagueOfLegends_leagueoflegendsplacement; Type: TABLE; Schema: public; Owner: postgres
--

CREATE TABLE public."leagueOfLegends_leagueoflegendsplacement" (
    id bigint NOT NULL,
    rank_name character varying(25) NOT NULL,
    rank_image character varying(100),
    price double precision NOT NULL
);


ALTER TABLE public."leagueOfLegends_leagueoflegendsplacement" OWNER TO postgres;

--
-- Name: leagueOfLegends_leagueoflegendsplacement_id_seq; Type: SEQUENCE; Schema: public; Owner: postgres
--

ALTER TABLE public."leagueOfLegends_leagueoflegendsplacement" ALTER COLUMN id ADD GENERATED BY DEFAULT AS IDENTITY (
    SEQUENCE NAME public."leagueOfLegends_leagueoflegendsplacement_id_seq"
    START WITH 1
    INCREMENT BY 1
    NO MINVALUE
    NO MAXVALUE
    CACHE 1
);


--
-- Name: leagueOfLegends_leagueoflegendsplacementorder; Type: TABLE; Schema: public; Owner: postgres
--

CREATE TABLE public."leagueOfLegends_leagueoflegendsplacementorder" (
    order_id bigint NOT NULL,
    number_of_match integer NOT NULL,
    select_champion boolean,
    last_rank_id bigint NOT NULL,
    created_at timestamp with time zone NOT NULL,
    updated_at timestamp with time zone NOT NULL
);


ALTER TABLE public."leagueOfLegends_leagueoflegendsplacementorder" OWNER TO postgres;

--
-- Name: leagueOfLegends_leagueoflegendsplacementorder_champions; Type: TABLE; Schema: public; Owner: postgres
--

CREATE TABLE public."leagueOfLegends_leagueoflegendsplacementorder_champions" (
    id bigint NOT NULL,
    leagueoflegendsplacementorder_id bigint NOT NULL,
    champion_id bigint NOT NULL
);


ALTER TABLE public."leagueOfLegends_leagueoflegendsplacementorder_champions" OWNER TO postgres;

--
-- Name: leagueOfLegends_leagueoflegendsplacementorder_champions_id_seq; Type: SEQUENCE; Schema: public; Owner: postgres
--

ALTER TABLE public."leagueOfLegends_leagueoflegendsplacementorder_champions" ALTER COLUMN id ADD GENERATED BY DEFAULT AS IDENTITY (
    SEQUENCE NAME public."leagueOfLegends_leagueoflegendsplacementorder_champions_id_seq"
    START WITH 1
    INCREMENT BY 1
    NO MINVALUE
    NO MAXVALUE
    CACHE 1
);


--
-- Name: leagueOfLegends_leagueoflegendsrank; Type: TABLE; Schema: public; Owner: postgres
--

CREATE TABLE public."leagueOfLegends_leagueoflegendsrank" (
    id bigint NOT NULL,
    rank_name character varying(25) NOT NULL,
    rank_image character varying(100)
);


ALTER TABLE public."leagueOfLegends_leagueoflegendsrank" OWNER TO postgres;

--
-- Name: leagueOfLegends_leagueoflegendsrank_id_seq; Type: SEQUENCE; Schema: public; Owner: postgres
--

ALTER TABLE public."leagueOfLegends_leagueoflegendsrank" ALTER COLUMN id ADD GENERATED BY DEFAULT AS IDENTITY (
    SEQUENCE NAME public."leagueOfLegends_leagueoflegendsrank_id_seq"
    START WITH 1
    INCREMENT BY 1
    NO MINVALUE
    NO MAXVALUE
    CACHE 1
);


--
-- Name: leagueOfLegends_leagueoflegendstier; Type: TABLE; Schema: public; Owner: postgres
--

CREATE TABLE public."leagueOfLegends_leagueoflegendstier" (
    id bigint NOT NULL,
    "from_IV_to_III" double precision NOT NULL,
    "from_III_to_II" double precision NOT NULL,
    "from_II_to_I" double precision NOT NULL,
    "from_I_to_IV_next" double precision NOT NULL,
    rank_id bigint NOT NULL
);


ALTER TABLE public."leagueOfLegends_leagueoflegendstier" OWNER TO postgres;

--
-- Name: leagueOfLegends_leagueoflegendstier_id_seq; Type: SEQUENCE; Schema: public; Owner: postgres
--

ALTER TABLE public."leagueOfLegends_leagueoflegendstier" ALTER COLUMN id ADD GENERATED BY DEFAULT AS IDENTITY (
    SEQUENCE NAME public."leagueOfLegends_leagueoflegendstier_id_seq"
    START WITH 1
    INCREMENT BY 1
    NO MINVALUE
    NO MAXVALUE
    CACHE 1
);


--
-- Name: mobileLegends_mobilelegendsdivisionorder; Type: TABLE; Schema: public; Owner: postgres
--

CREATE TABLE public."mobileLegends_mobilelegendsdivisionorder" (
    order_id bigint NOT NULL,
    current_division smallint,
    reached_division smallint,
    desired_division smallint,
    current_marks smallint,
    reached_marks smallint,
    created_at timestamp with time zone NOT NULL,
    select_champion boolean,
    current_rank_id bigint,
    desired_rank_id bigint,
    reached_rank_id bigint,
    updated_at timestamp with time zone NOT NULL,
    CONSTRAINT "mobileLegends_mobileleg_current_division_90d82d60_check" CHECK ((current_division >= 0)),
    CONSTRAINT "mobileLegends_mobileleg_current_marks_1d1a70be_check" CHECK ((current_marks >= 0)),
    CONSTRAINT "mobileLegends_mobileleg_desired_division_d9de6541_check" CHECK ((desired_division >= 0)),
    CONSTRAINT "mobileLegends_mobileleg_reached_division_65634896_check" CHECK ((reached_division >= 0)),
    CONSTRAINT "mobileLegends_mobileleg_reached_marks_cd9d2964_check" CHECK ((reached_marks >= 0))
);


ALTER TABLE public."mobileLegends_mobilelegendsdivisionorder" OWNER TO postgres;

--
-- Name: mobileLegends_mobilelegendsmark; Type: TABLE; Schema: public; Owner: postgres
--

CREATE TABLE public."mobileLegends_mobilelegendsmark" (
    id bigint NOT NULL,
    star_1 double precision NOT NULL,
    star_2 double precision NOT NULL,
    star_3 double precision NOT NULL,
    star_4 double precision NOT NULL,
    star_5 double precision NOT NULL,
    rank_id bigint NOT NULL
);


ALTER TABLE public."mobileLegends_mobilelegendsmark" OWNER TO postgres;

--
-- Name: mobileLegends_mobilelegendsmark_id_seq; Type: SEQUENCE; Schema: public; Owner: postgres
--

ALTER TABLE public."mobileLegends_mobilelegendsmark" ALTER COLUMN id ADD GENERATED BY DEFAULT AS IDENTITY (
    SEQUENCE NAME public."mobileLegends_mobilelegendsmark_id_seq"
    START WITH 1
    INCREMENT BY 1
    NO MINVALUE
    NO MAXVALUE
    CACHE 1
);


--
-- Name: mobileLegends_mobilelegendsplacement; Type: TABLE; Schema: public; Owner: postgres
--

CREATE TABLE public."mobileLegends_mobilelegendsplacement" (
    id bigint NOT NULL,
    rank_name character varying(25) NOT NULL,
    rank_image character varying(100),
    price double precision NOT NULL
);


ALTER TABLE public."mobileLegends_mobilelegendsplacement" OWNER TO postgres;

--
-- Name: mobileLegends_mobilelegendsplacement_id_seq; Type: SEQUENCE; Schema: public; Owner: postgres
--

ALTER TABLE public."mobileLegends_mobilelegendsplacement" ALTER COLUMN id ADD GENERATED BY DEFAULT AS IDENTITY (
    SEQUENCE NAME public."mobileLegends_mobilelegendsplacement_id_seq"
    START WITH 1
    INCREMENT BY 1
    NO MINVALUE
    NO MAXVALUE
    CACHE 1
);


--
-- Name: mobileLegends_mobilelegendsplacementorder; Type: TABLE; Schema: public; Owner: postgres
--

CREATE TABLE public."mobileLegends_mobilelegendsplacementorder" (
    order_id bigint NOT NULL,
    number_of_match integer NOT NULL,
    select_champion boolean,
    last_rank_id bigint NOT NULL,
    created_at timestamp with time zone NOT NULL,
    updated_at timestamp with time zone NOT NULL
);


ALTER TABLE public."mobileLegends_mobilelegendsplacementorder" OWNER TO postgres;

--
-- Name: mobileLegends_mobilelegendsrank; Type: TABLE; Schema: public; Owner: postgres
--

CREATE TABLE public."mobileLegends_mobilelegendsrank" (
    id bigint NOT NULL,
    rank_name character varying(25) NOT NULL,
    rank_image character varying(100)
);


ALTER TABLE public."mobileLegends_mobilelegendsrank" OWNER TO postgres;

--
-- Name: mobileLegends_mobilelegendsrank_id_seq; Type: SEQUENCE; Schema: public; Owner: postgres
--

ALTER TABLE public."mobileLegends_mobilelegendsrank" ALTER COLUMN id ADD GENERATED BY DEFAULT AS IDENTITY (
    SEQUENCE NAME public."mobileLegends_mobilelegendsrank_id_seq"
    START WITH 1
    INCREMENT BY 1
    NO MINVALUE
    NO MAXVALUE
    CACHE 1
);


--
-- Name: mobileLegends_mobilelegendstier; Type: TABLE; Schema: public; Owner: postgres
--

CREATE TABLE public."mobileLegends_mobilelegendstier" (
    id bigint NOT NULL,
    "from_IV_to_III" double precision NOT NULL,
    "from_III_to_II" double precision NOT NULL,
    "from_II_to_I" double precision NOT NULL,
    "from_I_to_V_next" double precision NOT NULL,
    rank_id bigint NOT NULL,
    "from_V_to_IV" double precision NOT NULL
);


ALTER TABLE public."mobileLegends_mobilelegendstier" OWNER TO postgres;

--
-- Name: mobileLegends_mobilelegendstier_id_seq; Type: SEQUENCE; Schema: public; Owner: postgres
--

ALTER TABLE public."mobileLegends_mobilelegendstier" ALTER COLUMN id ADD GENERATED BY DEFAULT AS IDENTITY (
    SEQUENCE NAME public."mobileLegends_mobilelegendstier_id_seq"
    START WITH 1
    INCREMENT BY 1
    NO MINVALUE
    NO MAXVALUE
    CACHE 1
);


--
-- Name: news_blog; Type: TABLE; Schema: public; Owner: postgres
--

CREATE TABLE public.news_blog (
    id bigint NOT NULL,
    main_image character varying(100) NOT NULL,
    header character varying(130) NOT NULL,
    youtube_link character varying(255) NOT NULL,
    order_image character varying(100) NOT NULL,
    order_name character varying(255) NOT NULL,
    order_link character varying(255) NOT NULL,
    created_at timestamp with time zone NOT NULL,
    updated_at timestamp with time zone NOT NULL,
    order_image2 character varying(100) NOT NULL,
    main_image2 character varying(100) NOT NULL
);


ALTER TABLE public.news_blog OWNER TO postgres;

--
-- Name: news_blog_id_seq; Type: SEQUENCE; Schema: public; Owner: postgres
--

ALTER TABLE public.news_blog ALTER COLUMN id ADD GENERATED BY DEFAULT AS IDENTITY (
    SEQUENCE NAME public.news_blog_id_seq
    START WITH 1
    INCREMENT BY 1
    NO MINVALUE
    NO MAXVALUE
    CACHE 1
);


--
-- Name: news_subheader; Type: TABLE; Schema: public; Owner: postgres
--

CREATE TABLE public.news_subheader (
    id bigint NOT NULL,
    sub_header character varying(350) NOT NULL,
    is_top boolean NOT NULL,
    created_at timestamp with time zone NOT NULL,
    blog_id bigint
);


ALTER TABLE public.news_subheader OWNER TO postgres;

--
-- Name: news_subheader_id_seq; Type: SEQUENCE; Schema: public; Owner: postgres
--

ALTER TABLE public.news_subheader ALTER COLUMN id ADD GENERATED BY DEFAULT AS IDENTITY (
    SEQUENCE NAME public.news_subheader_id_seq
    START WITH 1
    INCREMENT BY 1
    NO MINVALUE
    NO MAXVALUE
    CACHE 1
);


--
-- Name: oauth2_provider_accesstoken; Type: TABLE; Schema: public; Owner: postgres
--

CREATE TABLE public.oauth2_provider_accesstoken (
    id bigint NOT NULL,
    token character varying(255) NOT NULL,
    expires timestamp with time zone NOT NULL,
    scope text NOT NULL,
    application_id bigint,
    user_id bigint,
    created timestamp with time zone NOT NULL,
    updated timestamp with time zone NOT NULL,
    source_refresh_token_id bigint,
    id_token_id bigint
);


ALTER TABLE public.oauth2_provider_accesstoken OWNER TO postgres;

--
-- Name: oauth2_provider_accesstoken_id_seq; Type: SEQUENCE; Schema: public; Owner: postgres
--

CREATE SEQUENCE public.oauth2_provider_accesstoken_id_seq
    START WITH 1
    INCREMENT BY 1
    NO MINVALUE
    NO MAXVALUE
    CACHE 1;


ALTER SEQUENCE public.oauth2_provider_accesstoken_id_seq OWNER TO postgres;

--
-- Name: oauth2_provider_accesstoken_id_seq; Type: SEQUENCE OWNED BY; Schema: public; Owner: postgres
--

ALTER SEQUENCE public.oauth2_provider_accesstoken_id_seq OWNED BY public.oauth2_provider_accesstoken.id;


--
-- Name: oauth2_provider_application; Type: TABLE; Schema: public; Owner: postgres
--

CREATE TABLE public.oauth2_provider_application (
    id bigint NOT NULL,
    client_id character varying(100) NOT NULL,
    redirect_uris text NOT NULL,
    client_type character varying(32) NOT NULL,
    authorization_grant_type character varying(32) NOT NULL,
    client_secret character varying(255) NOT NULL,
    name character varying(255) NOT NULL,
    user_id bigint,
    skip_authorization boolean NOT NULL,
    created timestamp with time zone NOT NULL,
    updated timestamp with time zone NOT NULL,
    algorithm character varying(5) NOT NULL,
    post_logout_redirect_uris text NOT NULL
);


ALTER TABLE public.oauth2_provider_application OWNER TO postgres;

--
-- Name: oauth2_provider_application_id_seq; Type: SEQUENCE; Schema: public; Owner: postgres
--

CREATE SEQUENCE public.oauth2_provider_application_id_seq
    START WITH 1
    INCREMENT BY 1
    NO MINVALUE
    NO MAXVALUE
    CACHE 1;


ALTER SEQUENCE public.oauth2_provider_application_id_seq OWNER TO postgres;

--
-- Name: oauth2_provider_application_id_seq; Type: SEQUENCE OWNED BY; Schema: public; Owner: postgres
--

ALTER SEQUENCE public.oauth2_provider_application_id_seq OWNED BY public.oauth2_provider_application.id;


--
-- Name: oauth2_provider_grant; Type: TABLE; Schema: public; Owner: postgres
--

CREATE TABLE public.oauth2_provider_grant (
    id bigint NOT NULL,
    code character varying(255) NOT NULL,
    expires timestamp with time zone NOT NULL,
    redirect_uri text NOT NULL,
    scope text NOT NULL,
    application_id bigint NOT NULL,
    user_id bigint NOT NULL,
    created timestamp with time zone NOT NULL,
    updated timestamp with time zone NOT NULL,
    code_challenge character varying(128) NOT NULL,
    code_challenge_method character varying(10) NOT NULL,
    nonce character varying(255) NOT NULL,
    claims text NOT NULL
);


ALTER TABLE public.oauth2_provider_grant OWNER TO postgres;

--
-- Name: oauth2_provider_grant_id_seq; Type: SEQUENCE; Schema: public; Owner: postgres
--

CREATE SEQUENCE public.oauth2_provider_grant_id_seq
    START WITH 1
    INCREMENT BY 1
    NO MINVALUE
    NO MAXVALUE
    CACHE 1;


ALTER SEQUENCE public.oauth2_provider_grant_id_seq OWNER TO postgres;

--
-- Name: oauth2_provider_grant_id_seq; Type: SEQUENCE OWNED BY; Schema: public; Owner: postgres
--

ALTER SEQUENCE public.oauth2_provider_grant_id_seq OWNED BY public.oauth2_provider_grant.id;


--
-- Name: oauth2_provider_idtoken; Type: TABLE; Schema: public; Owner: postgres
--

CREATE TABLE public.oauth2_provider_idtoken (
    id bigint NOT NULL,
    jti uuid NOT NULL,
    expires timestamp with time zone NOT NULL,
    scope text NOT NULL,
    created timestamp with time zone NOT NULL,
    updated timestamp with time zone NOT NULL,
    application_id bigint,
    user_id bigint
);


ALTER TABLE public.oauth2_provider_idtoken OWNER TO postgres;

--
-- Name: oauth2_provider_idtoken_id_seq; Type: SEQUENCE; Schema: public; Owner: postgres
--

CREATE SEQUENCE public.oauth2_provider_idtoken_id_seq
    START WITH 1
    INCREMENT BY 1
    NO MINVALUE
    NO MAXVALUE
    CACHE 1;


ALTER SEQUENCE public.oauth2_provider_idtoken_id_seq OWNER TO postgres;

--
-- Name: oauth2_provider_idtoken_id_seq; Type: SEQUENCE OWNED BY; Schema: public; Owner: postgres
--

ALTER SEQUENCE public.oauth2_provider_idtoken_id_seq OWNED BY public.oauth2_provider_idtoken.id;


--
-- Name: oauth2_provider_refreshtoken; Type: TABLE; Schema: public; Owner: postgres
--

CREATE TABLE public.oauth2_provider_refreshtoken (
    id bigint NOT NULL,
    token character varying(255) NOT NULL,
    access_token_id bigint,
    application_id bigint NOT NULL,
    user_id bigint NOT NULL,
    created timestamp with time zone NOT NULL,
    updated timestamp with time zone NOT NULL,
    revoked timestamp with time zone
);


ALTER TABLE public.oauth2_provider_refreshtoken OWNER TO postgres;

--
-- Name: oauth2_provider_refreshtoken_id_seq; Type: SEQUENCE; Schema: public; Owner: postgres
--

CREATE SEQUENCE public.oauth2_provider_refreshtoken_id_seq
    START WITH 1
    INCREMENT BY 1
    NO MINVALUE
    NO MAXVALUE
    CACHE 1;


ALTER SEQUENCE public.oauth2_provider_refreshtoken_id_seq OWNER TO postgres;

--
-- Name: oauth2_provider_refreshtoken_id_seq; Type: SEQUENCE OWNED BY; Schema: public; Owner: postgres
--

ALTER SEQUENCE public.oauth2_provider_refreshtoken_id_seq OWNED BY public.oauth2_provider_refreshtoken.id;


--
-- Name: overwatch2_overwatch2divisionorder; Type: TABLE; Schema: public; Owner: postgres
--

CREATE TABLE public.overwatch2_overwatch2divisionorder (
    order_id bigint NOT NULL,
    current_division smallint NOT NULL,
    reached_division smallint,
    desired_division smallint NOT NULL,
    current_marks smallint NOT NULL,
    reached_marks smallint,
    created_at timestamp with time zone NOT NULL,
    current_rank_id bigint NOT NULL,
    desired_rank_id bigint NOT NULL,
    reached_rank_id bigint,
    role smallint NOT NULL,
    updated_at timestamp with time zone NOT NULL,
    CONSTRAINT overwatch2_overwatch2di_current_division_b9248081_check CHECK ((current_division >= 0)),
    CONSTRAINT overwatch2_overwatch2di_desired_division_5b83d357_check CHECK ((desired_division >= 0)),
    CONSTRAINT overwatch2_overwatch2di_reached_division_bb124391_check CHECK ((reached_division >= 0)),
    CONSTRAINT overwatch2_overwatch2divisionorder_current_marks_184b7bf8_check CHECK ((current_marks >= 0)),
    CONSTRAINT overwatch2_overwatch2divisionorder_reached_marks_c882943b_check CHECK ((reached_marks >= 0)),
    CONSTRAINT overwatch2_overwatch2divisionorder_role_check CHECK ((role >= 0))
);


ALTER TABLE public.overwatch2_overwatch2divisionorder OWNER TO postgres;

--
-- Name: overwatch2_overwatch2mark; Type: TABLE; Schema: public; Owner: postgres
--

CREATE TABLE public.overwatch2_overwatch2mark (
    id bigint NOT NULL,
    mark_number smallint NOT NULL,
    mark_1 double precision NOT NULL,
    mark_2 double precision NOT NULL,
    mark_3 double precision NOT NULL,
    mark_4 double precision NOT NULL,
    mark_5 double precision NOT NULL,
    rank_id bigint NOT NULL,
    CONSTRAINT overwatch2_overwatch2mark_mark_number_3e40d0fa_check CHECK ((mark_number >= 0))
);


ALTER TABLE public.overwatch2_overwatch2mark OWNER TO postgres;

--
-- Name: overwatch2_overwatch2mark_id_seq; Type: SEQUENCE; Schema: public; Owner: postgres
--

ALTER TABLE public.overwatch2_overwatch2mark ALTER COLUMN id ADD GENERATED BY DEFAULT AS IDENTITY (
    SEQUENCE NAME public.overwatch2_overwatch2mark_id_seq
    START WITH 1
    INCREMENT BY 1
    NO MINVALUE
    NO MAXVALUE
    CACHE 1
);


--
-- Name: overwatch2_overwatch2placement; Type: TABLE; Schema: public; Owner: postgres
--

CREATE TABLE public.overwatch2_overwatch2placement (
    id bigint NOT NULL,
    rank_name character varying(25) NOT NULL,
    rank_image character varying(100),
    price double precision NOT NULL
);


ALTER TABLE public.overwatch2_overwatch2placement OWNER TO postgres;

--
-- Name: overwatch2_overwatch2placement_id_seq; Type: SEQUENCE; Schema: public; Owner: postgres
--

ALTER TABLE public.overwatch2_overwatch2placement ALTER COLUMN id ADD GENERATED BY DEFAULT AS IDENTITY (
    SEQUENCE NAME public.overwatch2_overwatch2placement_id_seq
    START WITH 1
    INCREMENT BY 1
    NO MINVALUE
    NO MAXVALUE
    CACHE 1
);


--
-- Name: overwatch2_overwatch2placementorder; Type: TABLE; Schema: public; Owner: postgres
--

CREATE TABLE public.overwatch2_overwatch2placementorder (
    order_id bigint NOT NULL,
    number_of_match integer NOT NULL,
    select_champions boolean,
    last_rank_id bigint NOT NULL,
    created_at timestamp with time zone NOT NULL,
    updated_at timestamp with time zone NOT NULL,
    role smallint NOT NULL,
    CONSTRAINT overwatch2_overwatch2placementorder_role_check CHECK ((role >= 0))
);


ALTER TABLE public.overwatch2_overwatch2placementorder OWNER TO postgres;

--
-- Name: overwatch2_overwatch2rank; Type: TABLE; Schema: public; Owner: postgres
--

CREATE TABLE public.overwatch2_overwatch2rank (
    id bigint NOT NULL,
    rank_name character varying(25) NOT NULL,
    rank_image character varying(100)
);


ALTER TABLE public.overwatch2_overwatch2rank OWNER TO postgres;

--
-- Name: overwatch2_overwatch2rank_id_seq; Type: SEQUENCE; Schema: public; Owner: postgres
--

ALTER TABLE public.overwatch2_overwatch2rank ALTER COLUMN id ADD GENERATED BY DEFAULT AS IDENTITY (
    SEQUENCE NAME public.overwatch2_overwatch2rank_id_seq
    START WITH 1
    INCREMENT BY 1
    NO MINVALUE
    NO MAXVALUE
    CACHE 1
);


--
-- Name: overwatch2_overwatch2tier; Type: TABLE; Schema: public; Owner: postgres
--

CREATE TABLE public.overwatch2_overwatch2tier (
    id bigint NOT NULL,
    "from_IV_to_III" double precision NOT NULL,
    "from_III_to_II" double precision NOT NULL,
    "from_II_to_I" double precision NOT NULL,
    "from_I_to_V_next" double precision NOT NULL,
    rank_id bigint NOT NULL,
    "from_V_to_IV" double precision NOT NULL
);


ALTER TABLE public.overwatch2_overwatch2tier OWNER TO postgres;

--
-- Name: overwatch2_overwatch2tier_id_seq; Type: SEQUENCE; Schema: public; Owner: postgres
--

ALTER TABLE public.overwatch2_overwatch2tier ALTER COLUMN id ADD GENERATED BY DEFAULT AS IDENTITY (
    SEQUENCE NAME public.overwatch2_overwatch2tier_id_seq
    START WITH 1
    INCREMENT BY 1
    NO MINVALUE
    NO MAXVALUE
    CACHE 1
);


--
-- Name: paypal_ipn; Type: TABLE; Schema: public; Owner: postgres
--

CREATE TABLE public.paypal_ipn (
    id bigint NOT NULL,
    business character varying(127) NOT NULL,
    charset character varying(255) NOT NULL,
    custom character varying(256) NOT NULL,
    notify_version numeric(64,2),
    parent_txn_id character varying(19) NOT NULL,
    receiver_email character varying(254) NOT NULL,
    receiver_id character varying(255) NOT NULL,
    residence_country character varying(2) NOT NULL,
    test_ipn boolean NOT NULL,
    txn_id character varying(255) NOT NULL,
    txn_type character varying(255) NOT NULL,
    verify_sign character varying(255) NOT NULL,
    address_country character varying(64) NOT NULL,
    address_city character varying(40) NOT NULL,
    address_country_code character varying(64) NOT NULL,
    address_name character varying(128) NOT NULL,
    address_state character varying(40) NOT NULL,
    address_status character varying(255) NOT NULL,
    address_street character varying(200) NOT NULL,
    address_zip character varying(20) NOT NULL,
    contact_phone character varying(20) NOT NULL,
    first_name character varying(64) NOT NULL,
    last_name character varying(64) NOT NULL,
    payer_business_name character varying(127) NOT NULL,
    payer_email character varying(127) NOT NULL,
    payer_id character varying(13) NOT NULL,
    auth_amount numeric(64,2),
    auth_exp character varying(28) NOT NULL,
    auth_id character varying(19) NOT NULL,
    auth_status character varying(255) NOT NULL,
    exchange_rate numeric(64,16),
    invoice character varying(127) NOT NULL,
    item_name character varying(127) NOT NULL,
    item_number character varying(127) NOT NULL,
    mc_currency character varying(32) NOT NULL,
    mc_fee numeric(64,2),
    mc_gross numeric(64,2),
    mc_handling numeric(64,2),
    mc_shipping numeric(64,2),
    memo character varying(255) NOT NULL,
    num_cart_items integer,
    option_name1 character varying(64) NOT NULL,
    option_name2 character varying(64) NOT NULL,
    payer_status character varying(255) NOT NULL,
    payment_date timestamp with time zone,
    payment_gross numeric(64,2),
    payment_status character varying(255) NOT NULL,
    payment_type character varying(255) NOT NULL,
    pending_reason character varying(255) NOT NULL,
    protection_eligibility character varying(255) NOT NULL,
    quantity integer,
    reason_code character varying(255) NOT NULL,
    remaining_settle numeric(64,2),
    settle_amount numeric(64,2),
    settle_currency character varying(32) NOT NULL,
    shipping numeric(64,2),
    shipping_method character varying(255) NOT NULL,
    tax numeric(64,2),
    transaction_entity character varying(255) NOT NULL,
    auction_buyer_id character varying(64) NOT NULL,
    auction_closing_date timestamp with time zone,
    auction_multi_item integer,
    for_auction numeric(64,2),
    amount numeric(64,2),
    amount_per_cycle numeric(64,2),
    initial_payment_amount numeric(64,2),
    next_payment_date timestamp with time zone,
    outstanding_balance numeric(64,2),
    payment_cycle character varying(255) NOT NULL,
    period_type character varying(255) NOT NULL,
    product_name character varying(255) NOT NULL,
    product_type character varying(255) NOT NULL,
    profile_status character varying(255) NOT NULL,
    recurring_payment_id character varying(255) NOT NULL,
    rp_invoice_id character varying(127) NOT NULL,
    time_created timestamp with time zone,
    amount1 numeric(64,2),
    amount2 numeric(64,2),
    amount3 numeric(64,2),
    mc_amount1 numeric(64,2),
    mc_amount2 numeric(64,2),
    mc_amount3 numeric(64,2),
    password character varying(24) NOT NULL,
    period1 character varying(255) NOT NULL,
    period2 character varying(255) NOT NULL,
    period3 character varying(255) NOT NULL,
    reattempt character varying(1) NOT NULL,
    recur_times integer,
    recurring character varying(1) NOT NULL,
    retry_at timestamp with time zone,
    subscr_date timestamp with time zone,
    subscr_effective timestamp with time zone,
    subscr_id character varying(19) NOT NULL,
    username character varying(64) NOT NULL,
    case_creation_date timestamp with time zone,
    case_id character varying(255) NOT NULL,
    case_type character varying(255) NOT NULL,
    receipt_id character varying(255) NOT NULL,
    currency_code character varying(32) NOT NULL,
    handling_amount numeric(64,2),
    transaction_subject character varying(256) NOT NULL,
    ipaddress inet,
    flag boolean NOT NULL,
    flag_code character varying(16) NOT NULL,
    flag_info text NOT NULL,
    query text NOT NULL,
    response text NOT NULL,
    created_at timestamp with time zone NOT NULL,
    updated_at timestamp with time zone NOT NULL,
    from_view character varying(6),
    mp_id character varying(128),
    option_selection1 character varying(200) NOT NULL,
    option_selection2 character varying(200) NOT NULL
);


ALTER TABLE public.paypal_ipn OWNER TO postgres;

--
-- Name: paypal_ipn_id_seq; Type: SEQUENCE; Schema: public; Owner: postgres
--

ALTER TABLE public.paypal_ipn ALTER COLUMN id ADD GENERATED BY DEFAULT AS IDENTITY (
    SEQUENCE NAME public.paypal_ipn_id_seq
    START WITH 1
    INCREMENT BY 1
    NO MINVALUE
    NO MAXVALUE
    CACHE 1
);


--
-- Name: pubg_pubgdivisionorder; Type: TABLE; Schema: public; Owner: postgres
--

CREATE TABLE public.pubg_pubgdivisionorder (
    order_id bigint NOT NULL,
    current_division smallint,
    reached_division smallint,
    desired_division smallint,
    current_marks smallint,
    reached_marks smallint,
    created_at timestamp with time zone NOT NULL,
    select_champion boolean,
    current_rank_id bigint,
    desired_rank_id bigint,
    reached_rank_id bigint,
    updated_at timestamp with time zone NOT NULL,
    CONSTRAINT pubg_pubgdivisionorder_current_division_f127dd0a_check CHECK ((current_division >= 0)),
    CONSTRAINT pubg_pubgdivisionorder_current_marks_c83df90c_check CHECK ((current_marks >= 0)),
    CONSTRAINT pubg_pubgdivisionorder_desired_division_be2b5740_check CHECK ((desired_division >= 0)),
    CONSTRAINT pubg_pubgdivisionorder_reached_division_8dece800_check CHECK ((reached_division >= 0)),
    CONSTRAINT pubg_pubgdivisionorder_reached_marks_d217469e_check CHECK ((reached_marks >= 0))
);


ALTER TABLE public.pubg_pubgdivisionorder OWNER TO postgres;

--
-- Name: pubg_pubgmark; Type: TABLE; Schema: public; Owner: postgres
--

CREATE TABLE public.pubg_pubgmark (
    id bigint NOT NULL,
    marks_0_20 double precision NOT NULL,
    marks_21_40 double precision NOT NULL,
    marks_41_60 double precision NOT NULL,
    marks_61_80 double precision NOT NULL,
    marks_81_100 double precision NOT NULL,
    rank_id bigint
);


ALTER TABLE public.pubg_pubgmark OWNER TO postgres;

--
-- Name: pubg_pubgmark_id_seq; Type: SEQUENCE; Schema: public; Owner: postgres
--

ALTER TABLE public.pubg_pubgmark ALTER COLUMN id ADD GENERATED BY DEFAULT AS IDENTITY (
    SEQUENCE NAME public.pubg_pubgmark_id_seq
    START WITH 1
    INCREMENT BY 1
    NO MINVALUE
    NO MAXVALUE
    CACHE 1
);


--
-- Name: pubg_pubgrank; Type: TABLE; Schema: public; Owner: postgres
--

CREATE TABLE public.pubg_pubgrank (
    id bigint NOT NULL,
    rank_image character varying(100),
    rank_name character varying(25) NOT NULL
);


ALTER TABLE public.pubg_pubgrank OWNER TO postgres;

--
-- Name: pubg_pubgrank_id_seq; Type: SEQUENCE; Schema: public; Owner: postgres
--

ALTER TABLE public.pubg_pubgrank ALTER COLUMN id ADD GENERATED BY DEFAULT AS IDENTITY (
    SEQUENCE NAME public.pubg_pubgrank_id_seq
    START WITH 1
    INCREMENT BY 1
    NO MINVALUE
    NO MAXVALUE
    CACHE 1
);


--
-- Name: pubg_pubgtier; Type: TABLE; Schema: public; Owner: postgres
--

CREATE TABLE public.pubg_pubgtier (
    id bigint NOT NULL,
    "from_III_to_II" double precision NOT NULL,
    "from_II_to_I" double precision NOT NULL,
    "from_I_to_V_next" double precision NOT NULL,
    "from_VI_to_III" double precision NOT NULL,
    "from_V_to_VI" double precision NOT NULL,
    rank_id bigint
);


ALTER TABLE public.pubg_pubgtier OWNER TO postgres;

--
-- Name: pubg_pubgtier_id_seq; Type: SEQUENCE; Schema: public; Owner: postgres
--

ALTER TABLE public.pubg_pubgtier ALTER COLUMN id ADD GENERATED BY DEFAULT AS IDENTITY (
    SEQUENCE NAME public.pubg_pubgtier_id_seq
    START WITH 1
    INCREMENT BY 1
    NO MINVALUE
    NO MAXVALUE
    CACHE 1
);


--
-- Name: rocketLeague_rocketleaguedivision; Type: TABLE; Schema: public; Owner: postgres
--

CREATE TABLE public."rocketLeague_rocketleaguedivision" (
    id bigint NOT NULL,
    "from_I_to_II" double precision NOT NULL,
    "from_II_to_III" double precision NOT NULL,
    "from_III_to_I_next" double precision NOT NULL,
    rank_id bigint NOT NULL
);


ALTER TABLE public."rocketLeague_rocketleaguedivision" OWNER TO postgres;

--
-- Name: rocketLeague_rocketleaguedivision_id_seq; Type: SEQUENCE; Schema: public; Owner: postgres
--

ALTER TABLE public."rocketLeague_rocketleaguedivision" ALTER COLUMN id ADD GENERATED BY DEFAULT AS IDENTITY (
    SEQUENCE NAME public."rocketLeague_rocketleaguedivision_id_seq"
    START WITH 1
    INCREMENT BY 1
    NO MINVALUE
    NO MAXVALUE
    CACHE 1
);


--
-- Name: rocketLeague_rocketleaguedivisionorder; Type: TABLE; Schema: public; Owner: postgres
--

CREATE TABLE public."rocketLeague_rocketleaguedivisionorder" (
    order_id bigint NOT NULL,
    ranked_type integer,
    current_division integer,
    reached_division integer,
    desired_division integer,
    current_marks integer,
    reached_marks integer,
    created_at timestamp with time zone NOT NULL,
    current_rank_id bigint,
    desired_rank_id bigint,
    reached_rank_id bigint
);


ALTER TABLE public."rocketLeague_rocketleaguedivisionorder" OWNER TO postgres;

--
-- Name: rocketLeague_rocketleagueplacement; Type: TABLE; Schema: public; Owner: postgres
--

CREATE TABLE public."rocketLeague_rocketleagueplacement" (
    id bigint NOT NULL,
    rank_name character varying(25) NOT NULL,
    rank_image character varying(100),
    price double precision NOT NULL
);


ALTER TABLE public."rocketLeague_rocketleagueplacement" OWNER TO postgres;

--
-- Name: rocketLeague_rocketleagueplacement_id_seq; Type: SEQUENCE; Schema: public; Owner: postgres
--

ALTER TABLE public."rocketLeague_rocketleagueplacement" ALTER COLUMN id ADD GENERATED BY DEFAULT AS IDENTITY (
    SEQUENCE NAME public."rocketLeague_rocketleagueplacement_id_seq"
    START WITH 1
    INCREMENT BY 1
    NO MINVALUE
    NO MAXVALUE
    CACHE 1
);


--
-- Name: rocketLeague_rocketleagueplacementorder; Type: TABLE; Schema: public; Owner: postgres
--

CREATE TABLE public."rocketLeague_rocketleagueplacementorder" (
    order_id bigint NOT NULL,
    number_of_match integer NOT NULL,
    last_rank_id bigint NOT NULL,
    created_at timestamp with time zone NOT NULL
);


ALTER TABLE public."rocketLeague_rocketleagueplacementorder" OWNER TO postgres;

--
-- Name: rocketLeague_rocketleaguerank; Type: TABLE; Schema: public; Owner: postgres
--

CREATE TABLE public."rocketLeague_rocketleaguerank" (
    id bigint NOT NULL,
    rank_name character varying(25) NOT NULL,
    rank_image character varying(100)
);


ALTER TABLE public."rocketLeague_rocketleaguerank" OWNER TO postgres;

--
-- Name: rocketLeague_rocketleaguerank_id_seq; Type: SEQUENCE; Schema: public; Owner: postgres
--

ALTER TABLE public."rocketLeague_rocketleaguerank" ALTER COLUMN id ADD GENERATED BY DEFAULT AS IDENTITY (
    SEQUENCE NAME public."rocketLeague_rocketleaguerank_id_seq"
    START WITH 1
    INCREMENT BY 1
    NO MINVALUE
    NO MAXVALUE
    CACHE 1
);


--
-- Name: rocketLeague_rocketleagueseasonal; Type: TABLE; Schema: public; Owner: postgres
--

CREATE TABLE public."rocketLeague_rocketleagueseasonal" (
    id bigint NOT NULL,
    rank_name character varying(25) NOT NULL,
    rank_image character varying(100),
    price double precision NOT NULL
);


ALTER TABLE public."rocketLeague_rocketleagueseasonal" OWNER TO postgres;

--
-- Name: rocketLeague_rocketleagueseasonal_id_seq; Type: SEQUENCE; Schema: public; Owner: postgres
--

ALTER TABLE public."rocketLeague_rocketleagueseasonal" ALTER COLUMN id ADD GENERATED BY DEFAULT AS IDENTITY (
    SEQUENCE NAME public."rocketLeague_rocketleagueseasonal_id_seq"
    START WITH 1
    INCREMENT BY 1
    NO MINVALUE
    NO MAXVALUE
    CACHE 1
);


--
-- Name: rocketLeague_rocketleagueseasonalorder; Type: TABLE; Schema: public; Owner: postgres
--

CREATE TABLE public."rocketLeague_rocketleagueseasonalorder" (
    order_id bigint NOT NULL,
    number_of_wins integer NOT NULL,
    current_rank_id bigint NOT NULL,
    created_at timestamp with time zone NOT NULL
);


ALTER TABLE public."rocketLeague_rocketleagueseasonalorder" OWNER TO postgres;

--
-- Name: rocketLeague_rocketleaguetournament; Type: TABLE; Schema: public; Owner: postgres
--

CREATE TABLE public."rocketLeague_rocketleaguetournament" (
    id bigint NOT NULL,
    rank_name character varying(25) NOT NULL,
    rank_image character varying(100),
    price double precision NOT NULL
);


ALTER TABLE public."rocketLeague_rocketleaguetournament" OWNER TO postgres;

--
-- Name: rocketLeague_rocketleaguetournament_id_seq; Type: SEQUENCE; Schema: public; Owner: postgres
--

ALTER TABLE public."rocketLeague_rocketleaguetournament" ALTER COLUMN id ADD GENERATED BY DEFAULT AS IDENTITY (
    SEQUENCE NAME public."rocketLeague_rocketleaguetournament_id_seq"
    START WITH 1
    INCREMENT BY 1
    NO MINVALUE
    NO MAXVALUE
    CACHE 1
);


--
-- Name: rocketLeague_rocketleaguetournamentorder; Type: TABLE; Schema: public; Owner: postgres
--

CREATE TABLE public."rocketLeague_rocketleaguetournamentorder" (
    order_id bigint NOT NULL,
    current_league_id bigint NOT NULL,
    created_at timestamp with time zone NOT NULL
);


ALTER TABLE public."rocketLeague_rocketleaguetournamentorder" OWNER TO postgres;

--
-- Name: social_auth_association; Type: TABLE; Schema: public; Owner: postgres
--

CREATE TABLE public.social_auth_association (
    id bigint NOT NULL,
    server_url character varying(255) NOT NULL,
    handle character varying(255) NOT NULL,
    secret character varying(255) NOT NULL,
    issued integer NOT NULL,
    lifetime integer NOT NULL,
    assoc_type character varying(64) NOT NULL
);


ALTER TABLE public.social_auth_association OWNER TO postgres;

--
-- Name: social_auth_association_id_seq; Type: SEQUENCE; Schema: public; Owner: postgres
--

ALTER TABLE public.social_auth_association ALTER COLUMN id ADD GENERATED BY DEFAULT AS IDENTITY (
    SEQUENCE NAME public.social_auth_association_id_seq
    START WITH 1
    INCREMENT BY 1
    NO MINVALUE
    NO MAXVALUE
    CACHE 1
);


--
-- Name: social_auth_code; Type: TABLE; Schema: public; Owner: postgres
--

CREATE TABLE public.social_auth_code (
    id bigint NOT NULL,
    email character varying(254) NOT NULL,
    code character varying(32) NOT NULL,
    verified boolean NOT NULL,
    "timestamp" timestamp with time zone NOT NULL
);


ALTER TABLE public.social_auth_code OWNER TO postgres;

--
-- Name: social_auth_code_id_seq; Type: SEQUENCE; Schema: public; Owner: postgres
--

ALTER TABLE public.social_auth_code ALTER COLUMN id ADD GENERATED BY DEFAULT AS IDENTITY (
    SEQUENCE NAME public.social_auth_code_id_seq
    START WITH 1
    INCREMENT BY 1
    NO MINVALUE
    NO MAXVALUE
    CACHE 1
);


--
-- Name: social_auth_nonce; Type: TABLE; Schema: public; Owner: postgres
--

CREATE TABLE public.social_auth_nonce (
    id bigint NOT NULL,
    server_url character varying(255) NOT NULL,
    "timestamp" integer NOT NULL,
    salt character varying(65) NOT NULL
);


ALTER TABLE public.social_auth_nonce OWNER TO postgres;

--
-- Name: social_auth_nonce_id_seq; Type: SEQUENCE; Schema: public; Owner: postgres
--

ALTER TABLE public.social_auth_nonce ALTER COLUMN id ADD GENERATED BY DEFAULT AS IDENTITY (
    SEQUENCE NAME public.social_auth_nonce_id_seq
    START WITH 1
    INCREMENT BY 1
    NO MINVALUE
    NO MAXVALUE
    CACHE 1
);


--
-- Name: social_auth_partial; Type: TABLE; Schema: public; Owner: postgres
--

CREATE TABLE public.social_auth_partial (
    id bigint NOT NULL,
    token character varying(32) NOT NULL,
    next_step smallint NOT NULL,
    backend character varying(32) NOT NULL,
    "timestamp" timestamp with time zone NOT NULL,
    data jsonb NOT NULL,
    CONSTRAINT social_auth_partial_next_step_check CHECK ((next_step >= 0))
);


ALTER TABLE public.social_auth_partial OWNER TO postgres;

--
-- Name: social_auth_partial_id_seq; Type: SEQUENCE; Schema: public; Owner: postgres
--

ALTER TABLE public.social_auth_partial ALTER COLUMN id ADD GENERATED BY DEFAULT AS IDENTITY (
    SEQUENCE NAME public.social_auth_partial_id_seq
    START WITH 1
    INCREMENT BY 1
    NO MINVALUE
    NO MAXVALUE
    CACHE 1
);


--
-- Name: social_auth_usersocialauth; Type: TABLE; Schema: public; Owner: postgres
--

CREATE TABLE public.social_auth_usersocialauth (
    id bigint NOT NULL,
    provider character varying(32) NOT NULL,
    uid character varying(255) NOT NULL,
    user_id bigint NOT NULL,
    created timestamp with time zone NOT NULL,
    modified timestamp with time zone NOT NULL,
    extra_data jsonb NOT NULL
);


ALTER TABLE public.social_auth_usersocialauth OWNER TO postgres;

--
-- Name: social_auth_usersocialauth_id_seq; Type: SEQUENCE; Schema: public; Owner: postgres
--

ALTER TABLE public.social_auth_usersocialauth ALTER COLUMN id ADD GENERATED BY DEFAULT AS IDENTITY (
    SEQUENCE NAME public.social_auth_usersocialauth_id_seq
    START WITH 1
    INCREMENT BY 1
    NO MINVALUE
    NO MAXVALUE
    CACHE 1
);


--
-- Name: socialaccount_socialaccount; Type: TABLE; Schema: public; Owner: postgres
--

CREATE TABLE public.socialaccount_socialaccount (
    id integer NOT NULL,
    provider character varying(200) NOT NULL,
    uid character varying(191) NOT NULL,
    last_login timestamp with time zone NOT NULL,
    date_joined timestamp with time zone NOT NULL,
    extra_data jsonb NOT NULL,
    user_id bigint NOT NULL
);


ALTER TABLE public.socialaccount_socialaccount OWNER TO postgres;

--
-- Name: socialaccount_socialaccount_id_seq; Type: SEQUENCE; Schema: public; Owner: postgres
--

CREATE SEQUENCE public.socialaccount_socialaccount_id_seq
    AS integer
    START WITH 1
    INCREMENT BY 1
    NO MINVALUE
    NO MAXVALUE
    CACHE 1;


ALTER SEQUENCE public.socialaccount_socialaccount_id_seq OWNER TO postgres;

--
-- Name: socialaccount_socialaccount_id_seq; Type: SEQUENCE OWNED BY; Schema: public; Owner: postgres
--

ALTER SEQUENCE public.socialaccount_socialaccount_id_seq OWNED BY public.socialaccount_socialaccount.id;


--
-- Name: socialaccount_socialapp; Type: TABLE; Schema: public; Owner: postgres
--

CREATE TABLE public.socialaccount_socialapp (
    id integer NOT NULL,
    provider character varying(30) NOT NULL,
    name character varying(40) NOT NULL,
    client_id character varying(191) NOT NULL,
    secret character varying(191) NOT NULL,
    key character varying(191) NOT NULL,
    provider_id character varying(200) NOT NULL,
    settings jsonb NOT NULL
);


ALTER TABLE public.socialaccount_socialapp OWNER TO postgres;

--
-- Name: socialaccount_socialapp_id_seq; Type: SEQUENCE; Schema: public; Owner: postgres
--

CREATE SEQUENCE public.socialaccount_socialapp_id_seq
    AS integer
    START WITH 1
    INCREMENT BY 1
    NO MINVALUE
    NO MAXVALUE
    CACHE 1;


ALTER SEQUENCE public.socialaccount_socialapp_id_seq OWNER TO postgres;

--
-- Name: socialaccount_socialapp_id_seq; Type: SEQUENCE OWNED BY; Schema: public; Owner: postgres
--

ALTER SEQUENCE public.socialaccount_socialapp_id_seq OWNED BY public.socialaccount_socialapp.id;


--
-- Name: socialaccount_socialtoken; Type: TABLE; Schema: public; Owner: postgres
--

CREATE TABLE public.socialaccount_socialtoken (
    id integer NOT NULL,
    token text NOT NULL,
    token_secret text NOT NULL,
    expires_at timestamp with time zone,
    account_id integer NOT NULL,
    app_id integer
);


ALTER TABLE public.socialaccount_socialtoken OWNER TO postgres;

--
-- Name: socialaccount_socialtoken_id_seq; Type: SEQUENCE; Schema: public; Owner: postgres
--

CREATE SEQUENCE public.socialaccount_socialtoken_id_seq
    AS integer
    START WITH 1
    INCREMENT BY 1
    NO MINVALUE
    NO MAXVALUE
    CACHE 1;


ALTER SEQUENCE public.socialaccount_socialtoken_id_seq OWNER TO postgres;

--
-- Name: socialaccount_socialtoken_id_seq; Type: SEQUENCE OWNED BY; Schema: public; Owner: postgres
--

ALTER SEQUENCE public.socialaccount_socialtoken_id_seq OWNED BY public.socialaccount_socialtoken.id;


--
-- Name: tft_tftdivisionorder; Type: TABLE; Schema: public; Owner: postgres
--

CREATE TABLE public.tft_tftdivisionorder (
    order_id bigint NOT NULL,
    current_division integer,
    reached_division integer,
    desired_division integer,
    current_marks integer,
    reached_marks integer,
    created_at timestamp with time zone NOT NULL,
    current_rank_id bigint,
    desired_rank_id bigint,
    reached_rank_id bigint
);


ALTER TABLE public.tft_tftdivisionorder OWNER TO postgres;

--
-- Name: tft_tftmark; Type: TABLE; Schema: public; Owner: postgres
--

CREATE TABLE public.tft_tftmark (
    id bigint NOT NULL,
    marks_0_20 double precision NOT NULL,
    marks_21_40 double precision NOT NULL,
    marks_41_60 double precision NOT NULL,
    marks_61_80 double precision NOT NULL,
    marks_81_100 double precision NOT NULL,
    rank_id bigint NOT NULL
);


ALTER TABLE public.tft_tftmark OWNER TO postgres;

--
-- Name: tft_tftmark_id_seq; Type: SEQUENCE; Schema: public; Owner: postgres
--

ALTER TABLE public.tft_tftmark ALTER COLUMN id ADD GENERATED BY DEFAULT AS IDENTITY (
    SEQUENCE NAME public.tft_tftmark_id_seq
    START WITH 1
    INCREMENT BY 1
    NO MINVALUE
    NO MAXVALUE
    CACHE 1
);


--
-- Name: tft_tftplacement; Type: TABLE; Schema: public; Owner: postgres
--

CREATE TABLE public.tft_tftplacement (
    id bigint NOT NULL,
    rank_name character varying(25) NOT NULL,
    rank_image character varying(100),
    price double precision NOT NULL
);


ALTER TABLE public.tft_tftplacement OWNER TO postgres;

--
-- Name: tft_tftplacement_id_seq; Type: SEQUENCE; Schema: public; Owner: postgres
--

ALTER TABLE public.tft_tftplacement ALTER COLUMN id ADD GENERATED BY DEFAULT AS IDENTITY (
    SEQUENCE NAME public.tft_tftplacement_id_seq
    START WITH 1
    INCREMENT BY 1
    NO MINVALUE
    NO MAXVALUE
    CACHE 1
);


--
-- Name: tft_tftplacementorder; Type: TABLE; Schema: public; Owner: postgres
--

CREATE TABLE public.tft_tftplacementorder (
    order_id bigint NOT NULL,
    number_of_match integer NOT NULL,
    last_rank_id bigint NOT NULL,
    created_at timestamp with time zone NOT NULL
);


ALTER TABLE public.tft_tftplacementorder OWNER TO postgres;

--
-- Name: tft_tftrank; Type: TABLE; Schema: public; Owner: postgres
--

CREATE TABLE public.tft_tftrank (
    id bigint NOT NULL,
    rank_name character varying(25) NOT NULL,
    rank_image character varying(100)
);


ALTER TABLE public.tft_tftrank OWNER TO postgres;

--
-- Name: tft_tftrank_id_seq; Type: SEQUENCE; Schema: public; Owner: postgres
--

ALTER TABLE public.tft_tftrank ALTER COLUMN id ADD GENERATED BY DEFAULT AS IDENTITY (
    SEQUENCE NAME public.tft_tftrank_id_seq
    START WITH 1
    INCREMENT BY 1
    NO MINVALUE
    NO MAXVALUE
    CACHE 1
);


--
-- Name: tft_tfttier; Type: TABLE; Schema: public; Owner: postgres
--

CREATE TABLE public.tft_tfttier (
    id bigint NOT NULL,
    "from_IV_to_III" double precision NOT NULL,
    "from_III_to_II" double precision NOT NULL,
    "from_II_to_I" double precision NOT NULL,
    "from_I_to_IV_next" double precision NOT NULL,
    rank_id bigint NOT NULL
);


ALTER TABLE public.tft_tfttier OWNER TO postgres;

--
-- Name: tft_tfttier_id_seq; Type: SEQUENCE; Schema: public; Owner: postgres
--

ALTER TABLE public.tft_tfttier ALTER COLUMN id ADD GENERATED BY DEFAULT AS IDENTITY (
    SEQUENCE NAME public.tft_tfttier_id_seq
    START WITH 1
    INCREMENT BY 1
    NO MINVALUE
    NO MAXVALUE
    CACHE 1
);


--
-- Name: valorant_valorantdivisionorder; Type: TABLE; Schema: public; Owner: postgres
--

CREATE TABLE public.valorant_valorantdivisionorder (
    order_id bigint NOT NULL,
    current_division integer,
    reached_division integer,
    desired_division integer,
    current_marks integer,
    reached_marks integer,
    created_at timestamp with time zone NOT NULL,
    select_champion boolean,
    current_rank_id bigint,
    desired_rank_id bigint,
    reached_rank_id bigint
);


ALTER TABLE public.valorant_valorantdivisionorder OWNER TO postgres;

--
-- Name: valorant_valorantdivisionorder_champions; Type: TABLE; Schema: public; Owner: postgres
--

CREATE TABLE public.valorant_valorantdivisionorder_champions (
    id bigint NOT NULL,
    valorantdivisionorder_id bigint NOT NULL,
    champion_id bigint NOT NULL
);


ALTER TABLE public.valorant_valorantdivisionorder_champions OWNER TO postgres;

--
-- Name: valorant_valorantdivisionorder_champions_id_seq; Type: SEQUENCE; Schema: public; Owner: postgres
--

ALTER TABLE public.valorant_valorantdivisionorder_champions ALTER COLUMN id ADD GENERATED BY DEFAULT AS IDENTITY (
    SEQUENCE NAME public.valorant_valorantdivisionorder_champions_id_seq
    START WITH 1
    INCREMENT BY 1
    NO MINVALUE
    NO MAXVALUE
    CACHE 1
);


--
-- Name: valorant_valorantmark; Type: TABLE; Schema: public; Owner: postgres
--

CREATE TABLE public.valorant_valorantmark (
    id bigint NOT NULL,
    marks_0_20 double precision NOT NULL,
    marks_21_40 double precision NOT NULL,
    marks_41_60 double precision NOT NULL,
    marks_61_80 double precision NOT NULL,
    marks_81_100 double precision NOT NULL,
    rank_id bigint NOT NULL
);


ALTER TABLE public.valorant_valorantmark OWNER TO postgres;

--
-- Name: valorant_valorantmark_id_seq; Type: SEQUENCE; Schema: public; Owner: postgres
--

ALTER TABLE public.valorant_valorantmark ALTER COLUMN id ADD GENERATED BY DEFAULT AS IDENTITY (
    SEQUENCE NAME public.valorant_valorantmark_id_seq
    START WITH 1
    INCREMENT BY 1
    NO MINVALUE
    NO MAXVALUE
    CACHE 1
);


--
-- Name: valorant_valorantplacement; Type: TABLE; Schema: public; Owner: postgres
--

CREATE TABLE public.valorant_valorantplacement (
    id bigint NOT NULL,
    rank_name character varying(25) NOT NULL,
    rank_image character varying(100),
    price double precision NOT NULL
);


ALTER TABLE public.valorant_valorantplacement OWNER TO postgres;

--
-- Name: valorant_valorantplacement_id_seq; Type: SEQUENCE; Schema: public; Owner: postgres
--

ALTER TABLE public.valorant_valorantplacement ALTER COLUMN id ADD GENERATED BY DEFAULT AS IDENTITY (
    SEQUENCE NAME public.valorant_valorantplacement_id_seq
    START WITH 1
    INCREMENT BY 1
    NO MINVALUE
    NO MAXVALUE
    CACHE 1
);


--
-- Name: valorant_valorantplacementorder; Type: TABLE; Schema: public; Owner: postgres
--

CREATE TABLE public.valorant_valorantplacementorder (
    order_id bigint NOT NULL,
    number_of_match integer NOT NULL,
    select_champion boolean,
    last_rank_id bigint NOT NULL,
    created_at timestamp with time zone NOT NULL
);


ALTER TABLE public.valorant_valorantplacementorder OWNER TO postgres;

--
-- Name: valorant_valorantplacementorder_champions; Type: TABLE; Schema: public; Owner: postgres
--

CREATE TABLE public.valorant_valorantplacementorder_champions (
    id bigint NOT NULL,
    valorantplacementorder_id bigint NOT NULL,
    champion_id bigint NOT NULL
);


ALTER TABLE public.valorant_valorantplacementorder_champions OWNER TO postgres;

--
-- Name: valorant_valorantplacementorder_champions_id_seq; Type: SEQUENCE; Schema: public; Owner: postgres
--

ALTER TABLE public.valorant_valorantplacementorder_champions ALTER COLUMN id ADD GENERATED BY DEFAULT AS IDENTITY (
    SEQUENCE NAME public.valorant_valorantplacementorder_champions_id_seq
    START WITH 1
    INCREMENT BY 1
    NO MINVALUE
    NO MAXVALUE
    CACHE 1
);


--
-- Name: valorant_valorantrank; Type: TABLE; Schema: public; Owner: postgres
--

CREATE TABLE public.valorant_valorantrank (
    id bigint NOT NULL,
    rank_name character varying(25) NOT NULL,
    rank_image character varying(100)
);


ALTER TABLE public.valorant_valorantrank OWNER TO postgres;

--
-- Name: valorant_valorantrank_id_seq; Type: SEQUENCE; Schema: public; Owner: postgres
--

ALTER TABLE public.valorant_valorantrank ALTER COLUMN id ADD GENERATED BY DEFAULT AS IDENTITY (
    SEQUENCE NAME public.valorant_valorantrank_id_seq
    START WITH 1
    INCREMENT BY 1
    NO MINVALUE
    NO MAXVALUE
    CACHE 1
);


--
-- Name: valorant_valoranttier; Type: TABLE; Schema: public; Owner: postgres
--

CREATE TABLE public.valorant_valoranttier (
    id bigint NOT NULL,
    "from_I_to_II" double precision NOT NULL,
    "from_II_to_III" double precision NOT NULL,
    "from_III_to_I_next" double precision NOT NULL,
    rank_id bigint NOT NULL
);


ALTER TABLE public.valorant_valoranttier OWNER TO postgres;

--
-- Name: valorant_valoranttier_id_seq; Type: SEQUENCE; Schema: public; Owner: postgres
--

ALTER TABLE public.valorant_valoranttier ALTER COLUMN id ADD GENERATED BY DEFAULT AS IDENTITY (
    SEQUENCE NAME public.valorant_valoranttier_id_seq
    START WITH 1
    INCREMENT BY 1
    NO MINVALUE
    NO MAXVALUE
    CACHE 1
);


--
-- Name: wildRift_wildriftdivisionorder; Type: TABLE; Schema: public; Owner: postgres
--

CREATE TABLE public."wildRift_wildriftdivisionorder" (
    order_id bigint NOT NULL,
    current_division integer,
    reached_division integer,
    desired_division integer,
    current_marks integer,
    reached_marks integer,
    created_at timestamp with time zone NOT NULL,
    current_rank_id bigint,
    desired_rank_id bigint,
    reached_rank_id bigint,
    select_champion boolean NOT NULL
);


ALTER TABLE public."wildRift_wildriftdivisionorder" OWNER TO postgres;

--
-- Name: wildRift_wildriftdivisionorder_champions; Type: TABLE; Schema: public; Owner: postgres
--

CREATE TABLE public."wildRift_wildriftdivisionorder_champions" (
    id bigint NOT NULL,
    wildriftdivisionorder_id bigint NOT NULL,
    champion_id bigint NOT NULL
);


ALTER TABLE public."wildRift_wildriftdivisionorder_champions" OWNER TO postgres;

--
-- Name: wildRift_wildriftdivisionorder_champions_id_seq; Type: SEQUENCE; Schema: public; Owner: postgres
--

ALTER TABLE public."wildRift_wildriftdivisionorder_champions" ALTER COLUMN id ADD GENERATED BY DEFAULT AS IDENTITY (
    SEQUENCE NAME public."wildRift_wildriftdivisionorder_champions_id_seq"
    START WITH 1
    INCREMENT BY 1
    NO MINVALUE
    NO MAXVALUE
    CACHE 1
);


--
-- Name: wildRift_wildriftmark; Type: TABLE; Schema: public; Owner: postgres
--

CREATE TABLE public."wildRift_wildriftmark" (
    id bigint NOT NULL,
    mark_number integer NOT NULL,
    mark_1 double precision NOT NULL,
    mark_2 double precision NOT NULL,
    mark_3 double precision NOT NULL,
    mark_4 double precision NOT NULL,
    mark_5 double precision NOT NULL,
    mark_6 double precision NOT NULL,
    rank_id bigint NOT NULL
);


ALTER TABLE public."wildRift_wildriftmark" OWNER TO postgres;

--
-- Name: wildRift_wildriftmark_id_seq; Type: SEQUENCE; Schema: public; Owner: postgres
--

ALTER TABLE public."wildRift_wildriftmark" ALTER COLUMN id ADD GENERATED BY DEFAULT AS IDENTITY (
    SEQUENCE NAME public."wildRift_wildriftmark_id_seq"
    START WITH 1
    INCREMENT BY 1
    NO MINVALUE
    NO MAXVALUE
    CACHE 1
);


--
-- Name: wildRift_wildriftrank; Type: TABLE; Schema: public; Owner: postgres
--

CREATE TABLE public."wildRift_wildriftrank" (
    id bigint NOT NULL,
    rank_name character varying(25) NOT NULL,
    rank_image character varying(100)
);


ALTER TABLE public."wildRift_wildriftrank" OWNER TO postgres;

--
-- Name: wildRift_wildriftrank1_id_seq; Type: SEQUENCE; Schema: public; Owner: postgres
--

ALTER TABLE public."wildRift_wildriftrank" ALTER COLUMN id ADD GENERATED BY DEFAULT AS IDENTITY (
    SEQUENCE NAME public."wildRift_wildriftrank1_id_seq"
    START WITH 1
    INCREMENT BY 1
    NO MINVALUE
    NO MAXVALUE
    CACHE 1
);


--
-- Name: wildRift_wildrifttier; Type: TABLE; Schema: public; Owner: postgres
--

CREATE TABLE public."wildRift_wildrifttier" (
    id bigint NOT NULL,
    "from_IV_to_III" double precision NOT NULL,
    "from_III_to_II" double precision NOT NULL,
    "from_II_to_I" double precision NOT NULL,
    "from_I_to_IV_next" double precision NOT NULL,
    rank_id bigint NOT NULL
);


ALTER TABLE public."wildRift_wildrifttier" OWNER TO postgres;

--
-- Name: wildRift_wildrifttier_id_seq; Type: SEQUENCE; Schema: public; Owner: postgres
--

ALTER TABLE public."wildRift_wildrifttier" ALTER COLUMN id ADD GENERATED BY DEFAULT AS IDENTITY (
    SEQUENCE NAME public."wildRift_wildrifttier_id_seq"
    START WITH 1
    INCREMENT BY 1
    NO MINVALUE
    NO MAXVALUE
    CACHE 1
);


--
-- Name: WorldOfWarcraft_worldofwarcraftrpsprice id; Type: DEFAULT; Schema: public; Owner: postgres
--

ALTER TABLE ONLY public."WorldOfWarcraft_worldofwarcraftrpsprice" ALTER COLUMN id SET DEFAULT nextval('public."WorldOfWarcraft_worldofwarcraftrpsprice_id_seq"'::regclass);


--
-- Name: account_emailaddress id; Type: DEFAULT; Schema: public; Owner: postgres
--

ALTER TABLE ONLY public.account_emailaddress ALTER COLUMN id SET DEFAULT nextval('public.account_emailaddress_id_seq'::regclass);


--
-- Name: account_emailconfirmation id; Type: DEFAULT; Schema: public; Owner: postgres
--

ALTER TABLE ONLY public.account_emailconfirmation ALTER COLUMN id SET DEFAULT nextval('public.account_emailconfirmation_id_seq'::regclass);


--
-- Name: chat_message id; Type: DEFAULT; Schema: public; Owner: postgres
--

ALTER TABLE ONLY public.chat_message ALTER COLUMN id SET DEFAULT nextval('public.chat_message_id_seq'::regclass);


--
-- Name: chat_room id; Type: DEFAULT; Schema: public; Owner: postgres
--

ALTER TABLE ONLY public.chat_room ALTER COLUMN id SET DEFAULT nextval('public.chat_room_id_seq'::regclass);


--
-- Name: oauth2_provider_accesstoken id; Type: DEFAULT; Schema: public; Owner: postgres
--

ALTER TABLE ONLY public.oauth2_provider_accesstoken ALTER COLUMN id SET DEFAULT nextval('public.oauth2_provider_accesstoken_id_seq'::regclass);


--
-- Name: oauth2_provider_application id; Type: DEFAULT; Schema: public; Owner: postgres
--

ALTER TABLE ONLY public.oauth2_provider_application ALTER COLUMN id SET DEFAULT nextval('public.oauth2_provider_application_id_seq'::regclass);


--
-- Name: oauth2_provider_grant id; Type: DEFAULT; Schema: public; Owner: postgres
--

ALTER TABLE ONLY public.oauth2_provider_grant ALTER COLUMN id SET DEFAULT nextval('public.oauth2_provider_grant_id_seq'::regclass);


--
-- Name: oauth2_provider_idtoken id; Type: DEFAULT; Schema: public; Owner: postgres
--

ALTER TABLE ONLY public.oauth2_provider_idtoken ALTER COLUMN id SET DEFAULT nextval('public.oauth2_provider_idtoken_id_seq'::regclass);


--
-- Name: oauth2_provider_refreshtoken id; Type: DEFAULT; Schema: public; Owner: postgres
--

ALTER TABLE ONLY public.oauth2_provider_refreshtoken ALTER COLUMN id SET DEFAULT nextval('public.oauth2_provider_refreshtoken_id_seq'::regclass);


--
-- Name: socialaccount_socialaccount id; Type: DEFAULT; Schema: public; Owner: postgres
--

ALTER TABLE ONLY public.socialaccount_socialaccount ALTER COLUMN id SET DEFAULT nextval('public.socialaccount_socialaccount_id_seq'::regclass);


--
-- Name: socialaccount_socialapp id; Type: DEFAULT; Schema: public; Owner: postgres
--

ALTER TABLE ONLY public.socialaccount_socialapp ALTER COLUMN id SET DEFAULT nextval('public.socialaccount_socialapp_id_seq'::regclass);


--
-- Name: socialaccount_socialtoken id; Type: DEFAULT; Schema: public; Owner: postgres
--

ALTER TABLE ONLY public.socialaccount_socialtoken ALTER COLUMN id SET DEFAULT nextval('public.socialaccount_socialtoken_id_seq'::regclass);


--
-- Data for Name: WorldOfWarcraft_worldofwarcraftarenaboostorder; Type: TABLE DATA; Schema: public; Owner: postgres
--

COPY public."WorldOfWarcraft_worldofwarcraftarenaboostorder" (is_arena_2vs2, order_id, current_division, reached_division, desired_division, created_at, current_rank_id, desired_rank_id, reached_rank_id, current_marks, reached_marks, updated_at) FROM stdin;
t	340	0	0	1175	2024-04-21 19:39:59.705413+02	1	1	1	0	0	2024-04-21 19:40:38.427519+02
t	341	0	0	1175	2024-04-21 19:40:35.567291+02	1	1	1	0	0	2024-04-21 19:55:20.665625+02
t	345	0	1175	1175	2024-04-21 19:55:19.622901+02	1	1	1	0	0	2024-04-26 08:17:26.275004+03
\.


--
-- Data for Name: WorldOfWarcraft_worldofwarcraftrank; Type: TABLE DATA; Schema: public; Owner: postgres
--

COPY public."WorldOfWarcraft_worldofwarcraftrank" (id, rank_name, rank_image) FROM stdin;
1	Combatant	wow/images/0-1599.png
2	Challenger	wow/images/1600-1799.png
3	Rival	wow/images/1800-2099.png
4	Duelist	wow/images/2100-2499.png
\.


--
-- Data for Name: WorldOfWarcraft_worldofwarcraftrpsprice; Type: TABLE DATA; Schema: public; Owner: postgres
--

COPY public."WorldOfWarcraft_worldofwarcraftrpsprice" (id, price_of_2vs2, price_of_3vs3) FROM stdin;
1	2	5
\.


--
-- Data for Name: account_emailaddress; Type: TABLE DATA; Schema: public; Owner: postgres
--

COPY public.account_emailaddress (id, email, verified, "primary", user_id) FROM stdin;
\.


--
-- Data for Name: account_emailconfirmation; Type: TABLE DATA; Schema: public; Owner: postgres
--

COPY public.account_emailconfirmation (id, created, sent, key, email_address_id) FROM stdin;
\.


--
-- Data for Name: accounts_baseorder; Type: TABLE DATA; Schema: public; Owner: postgres
--

COPY public.accounts_baseorder (id, name, game_type, price, actual_price, money_owed, invoice, status, duo_boosting, select_booster, turbo_boost, streaming, finish_image, is_done, is_drop, is_extended, customer_gamename, customer_password, customer_server, data_correct, message, payer_id, created_at, updated_at, booster_id, customer_id, details, content_type_id, object_id, promo_code, game_id, promo_code_id, customer_username, pause, approved, wins_number, captcha_id) FROM stdin;
368	Valo368	D	22.5	7.87	0	valo-2-D-3-3-0-5-2-0-0-0-0-0-0-North America-22.5-0-0-0-0-0-0-2024-05-12 11:32:34.753137+00:00	New	f	f	f	f		f	f	f	shehab		North America	f	\N	LS2NQE5XGWY5W	2024-05-12 14:32:54.517736+03	2024-05-30 21:01:36.316109+03	\N	1	From SILVER III 0-20 RR To PLATINUM II	17	368	\N	2	\N	iti	f	f	0	\N
379	Pubg379	D	309.5	108.32	0	pubg-3-D-3-3-0-7-4-0-0-0-0-0-0-false-309.5-0-0-0-0-0-0-2024-05-26 03:28:44.039935+00:00	New	f	f	f	f		f	f	f			false	f	\N	\N	2024-05-26 06:28:44.158634+03	2024-05-30 21:01:36.33007+03	\N	1	From GOLD III points 0 To ACE II	21	379	\N	3	\N		f	f	0	1774
380	Pubg380	D	57.5	20.12	0	pubg-3-D-3-3-0-4-4-0-0-0-0-0-0-false-57.5-0-0-0-0-0-0-2024-05-29 06:39:21.428704+00:00	New	f	f	f	f		f	f	f			false	f	\N	\N	2024-05-29 09:39:21.682027+03	2024-05-30 21:01:36.33406+03	\N	1	From GOLD III points 0 To PLATINUM II	21	380	\N	3	\N		f	f	0	1816
360	Dota2360	P	19.4	6.79	0	DOTA2-10-P-4-10-3001-none-none-0-0-0-0-0-0-Europe West-19.4-0-0-1-0-0-0-2024-05-06 14:15:45.292852+00:00	New	f	f	f	f		f	f	f			Europe West	f	\N	LS2NQE5XGWY5W	2024-05-06 17:16:00.739044+03	2024-05-30 21:01:36.339047+03	\N	1	Boosting of 10 Placement Games With Rank archon	105	360	\N	10	\N		f	f	0	\N
364	OVW2364	P	69.25	15.23	15.23	OVW2-12-P-6-5-0-0-0-0-0-0-0-0-0-North America-69.25-0-0-1-0-0-0-2024-05-06 15:28:04.334857+00:00	New	f	f	f	f		f	f	f			North America	f	\N	LS2NQE5XGWY5W	2024-05-06 18:28:19.656289+03	2024-05-30 21:01:36.465832+03	2	1	Boosting of 5 Placement Games With Last Rank diamond	87	364	\N	12	\N		f	f	5	\N
382	Pubg382	D	57.5	20.12	0	pubg-3-D-3-3-0-4-4-0-0-0-0-0-0-false-57.5-0-0-0-0-0-0-2024-05-29 06:39:25.200379+00:00	New	f	f	f	f		f	f	f			false	f	\N	\N	2024-05-29 09:39:25.292133+03	2024-05-30 21:01:36.57705+03	2	1	From GOLD III points 0 To PLATINUM II	21	382	\N	3	\N		f	f	0	78
356	LOL356	P	11.73	2.58	2.58	lol-4-P-2-3-?-?-?-0-0-0-0-0-0-North America-11.73-0-0-0-0-0-0-2024-05-06 13:33:35.182727+00:00	New	f	f	f	f		f	f	f			North America	f	\N	LS2NQE5XGWY5W	2024-05-06 16:34:03.499732+03	2024-05-30 21:01:36.380935+03	2	1	Boosting of 3 Placement Games With Rank bronze	39	356	\N	4	\N		f	f	3	\N
370	Valo370	D	90.75	31.76	0	valo-2-D-3-3-0-7-2-1-0-0-0-0-0-North America-90.75-0-0-0-0-0-0-2024-05-12 11:34:25.994561+00:00	New	t	f	f	f		f	f	f	shehab		North America	f	\N	LS2NQE5XGWY5W	2024-05-12 14:34:43.519885+03	2024-05-30 21:01:36.321097+03	\N	1	From SILVER III 0-20 RR To ASCENDANT II	17	370	\N	2	\N	iti	f	f	0	\N
358	MOBLEG358	P	150	33	33	MOBLEG-8-P-2-5-0-0-0-0-0-0-0-0-0-North America-150.0-0-0-0-0-0-0-2024-05-06 13:55:07.007277+00:00	New	f	f	f	f		f	f	f			North America	f	\N	LS2NQE5XGWY5W	2024-05-06 16:55:30.237461+03	2024-05-30 21:01:36.409218+03	2	1	Boosting of 5 Placement Games With Rank elite	64	358	\N	8	\N		f	f	5	\N
362	RL362	P	20.15	4.84	3.87	rl-9-P-3-5-?-?-?-0-0-0-0-0-0-North America-20.15-0-0-0-0-0-0-2024-05-06 14:50:18.034894+00:00	New	f	f	f	f		f	f	f			North America	f	\N	LS2NQE5XGWY5W	2024-05-06 17:50:51.120058+03	2024-05-30 21:01:36.433916+03	2	1	Boosting of 5 Placement Games With Rank gold - 4.03$	49	362	\N	9	\N		f	f	4	\N
376	Pubg376	D	218.5	48.07	0	pubg-3-D-3-3-0-6-4-0-0-0-0-0-0-false-218.5-0-0-0-0-0-0-2024-05-12 14:28:18.515111+00:00	New	f	f	f	f		f	f	f			false	f	\N	\N	2024-05-12 17:28:18.611873+03	2024-05-30 21:01:36.523193+03	2	1	From GOLD III points 0 To CROWN II	21	376	\N	3	\N		f	f	0	1145
374	WR374	D	164.83	57.69	0	wr-1-D-2-3-0-6-2-0-0-0-0-0-0-North America-164.83-0-0-0-0-0-0-2024-05-12 12:19:40.748565+00:00	New	f	f	f	f		f	f	f			North America	f	\N	LS2NQE5XGWY5W	2024-05-12 15:19:57.237946+03	2024-05-30 21:01:36.326081+03	\N	1	From BRONZE II Marks 0 To EMERALD III	11	374	\N	1	\N		f	f	0	\N
378	Pubg378	D	309.5	108.32	0	pubg-3-D-3-3-0-7-4-0-0-0-0-0-0-false-309.5-0-0-0-0-0-0-2024-05-12 14:37:17.555086+00:00	New	f	f	f	f		f	f	f	shehab	iti	false	f	\N	\N	2024-05-12 17:37:17.653991+03	2024-05-30 21:01:36.559097+03	2	1	From GOLD III points 0 To ACE II	21	378	\N	3	\N	iti	f	f	0	730
366	Pubg366	D	309.5	108.32	0	pubg-3-D-3-3-0-7-4-0-0-0-0-0-0-false-309.5-0-0-0-0-0-0-2024-05-12 08:15:11.579004+00:00	New	f	f	f	f		f	f	f	shehab		Europe	t	\N	\N	2024-05-12 11:15:11.705635+03	2024-05-30 21:01:36.310123+03	\N	1	From GOLD III points 0 To ACE II	21	366	\N	3	\N	iti	f	f	0	\N
349	LOL349	D	371.58	81.75	46.66244000000001	lol-4-D-2-3-0-5-2-0-1-0-0-2-0-North America-371.58-0-0-0-0-0-0-2024-04-21 20:09:53.801549+00:00	New	f	t	f	f		t	t	f			North America	f	\N	LS2NQE5XGWY5W	2024-04-21 22:10:15.489999+02	2024-04-21 22:17:40.815088+02	2	10	From BRONZE II 0-20 LP To PLATINUM III	41	349	\N	4	\N		f	f	0	\N
341	WOW340	A	47	12.69	0	WOW-6-A-1-0-0-1-1175-0-0-0-0-0-0-North America-47.0-0-0-0-0-1-0-2024-04-21 17:39:36.023987+00:00	Continue	f	f	f	f		t	t	f			North America	f	\N	LS2NQE5XGWY5W	2024-04-21 19:40:35.558785+02	2024-04-21 19:55:20.666955+02	2	1	From 0 RP To 1175	89	341	\N	6	\N		f	f	0	\N
338	LOL338	D	175.84	52.75	0	lol-4-D-3-3-0-5-1-0-0-0-0-0-0-North America-175.84-0-0-0-0-0-0-2024-04-21 17:10:19.646052+00:00	New	f	f	f	f		t	t	f			North America	f	\N	LS2NQE5XGWY5W	2024-04-21 19:10:45.359401+02	2024-04-24 22:54:41.306043+02	2	1	From SILVER II 0-20 LP To PLATINUM IV	41	338	\N	4	\N		f	t	0	\N
340	WOW340	A	47	10.34	0	WOW-6-A-1-0-0-1-1175-0-0-0-0-0-0-North America-47.0-0-0-0-0-1-0-2024-04-21 17:39:36.023987+00:00	New	f	f	f	f		t	t	f			North America	f	\N	LS2NQE5XGWY5W	2024-04-21 19:39:59.700447+02	2024-04-21 19:40:38.428517+02	2	1	From 0 RP To 1175	89	340	\N	6	\N		f	f	0	\N
339	LOL338	D	175.84	38.68	0	lol-4-D-3-3-0-5-1-0-0-0-0-0-0-North America-175.84-0-0-0-0-0-0-2024-04-21 17:10:19.646052+00:00	Continue	f	f	f	f		t	t	f			North America	f	\N	LS2NQE5XGWY5W	2024-04-21 19:32:12.978769+02	2024-04-21 19:41:40.790211+02	2	1	From SILVER II 0-20 LP To PLATINUM IV	41	339	\N	4	\N		f	f	0	\N
342	Pubg342	D	132.5	29.15	0	pubg-3-D-3-3-0-5-4-0-0-0-0-0-0-false-132.5-0-0-0-0-0-0-2024-04-21 17:41:17.136413+00:00	New	f	f	f	f		t	t	f			false	f	\N	\N	2024-04-21 19:41:17.211178+02	2024-04-21 19:41:36.856887+02	2	1	From GOLD III points 0 To DIAMOND II	21	342	\N	3	\N		f	f	0	\N
350	LOL349	D	159.47799999999995	35.09	35.085159999999995	lol-4-D-4-2-4-5-2-0-1-0-0-2-0-North America-159.47799999999995-0-0-0-0-0-0-2024-04-21 20:09:53.801549+00:00	Continue	f	t	f	f	orders/images/favicon.ico	t	f	f			North America	f	\N	LS2NQE5XGWY5W	2024-04-21 22:17:39.970296+02	2024-04-26 07:47:22.796551+03	2	\N	From GOLD III 81-99 LP To PLATINUM III	41	350	\N	4	\N		f	f	0	\N
353	Valo353	D	22.5	7.87	7.87	valo-2-D-3-3-0-5-2-0-0-0-0-0-0-North America-22.5-1-0-0-0-0-ch6ch5ch4-2024-04-22 03:50:31.218482+00:00	New	f	f	f	f	orders/images/images_w5gIgtO.jpg	t	f	f			North America	f	\N	LS2NQE5XGWY5W	2024-04-22 05:50:53.790168+02	2024-04-26 07:50:41.947562+03	2	1	From SILVER III 0-20 RR To PLATINUM II	17	353	\N	2	\N		f	f	0	\N
346	Pubg346	D	218.5	48.07	0	pubg-3-D-3-3-0-6-4-0-0-0-0-0-0-false-218.5-0-0-0-0-0-0-2024-04-21 19:44:49.533214+00:00	New	f	f	f	f		t	t	f			false	f	\N	LS2NQE5XGWY5W	2024-04-21 21:45:07.605586+02	2024-04-21 21:56:13.107492+02	2	10	From GOLD III points 0 To CROWN II	21	346	\N	3	\N		f	f	0	\N
351	LOL338	D	175.84	61.54	0	lol-4-D-3-3-0-5-1-0-0-0-0-0-0-North America-175.84-0-0-0-0-0-0-2024-04-21 17:10:19.646052+00:00	Continue	f	f	f	f		f	f	f			North America	f	\N	LS2NQE5XGWY5W	2024-04-21 22:19:12.72729+02	2024-04-26 08:06:01.063535+03	1	1	From SILVER II 0-20 LP To PLATINUM IV	41	351	\N	4	\N		f	f	0	\N
343	Pubg342	D	132.5	35.78	0	pubg-3-D-3-3-0-5-4-0-0-0-0-0-0-false-132.5-0-0-0-0-0-0-2024-04-21 17:41:17.136413+00:00	Continue	f	f	f	f		t	t	f			North America	t	\N	\N	2024-04-21 19:41:35.460673+02	2024-04-21 21:58:25.13646+02	2	1	From GOLD III points 0 To DIAMOND II	21	343	\N	3	\N		f	f	0	\N
344	LOL338	D	175.84	47.48	0	lol-4-D-3-3-0-5-1-0-0-0-0-0-0-North America-175.84-0-0-0-0-0-0-2024-04-21 17:10:19.646052+00:00	Continue	f	f	f	f		t	t	f			North America	f	\N	LS2NQE5XGWY5W	2024-04-21 19:41:39.845983+02	2024-04-21 22:19:13.618722+02	2	1	From SILVER II 0-20 LP To PLATINUM IV	41	344	\N	4	\N		f	f	0	\N
354	WR354	D	91.73	32.11	32.11	wr-1-D-2-3-0-5-2-0-0-0-0-0-0-North America-91.73-0-0-0-0-0-0-2024-05-02 09:03:05.379221+00:00	New	f	f	f	f	orders/images/WR354.webp	t	f	f			North America	f	\N	LS2NQE5XGWY5W	2024-05-02 12:03:58.008117+03	2024-05-06 11:11:11.554163+03	2	1	From BRONZE II Marks 0 To PLATINUM III	11	354	\N	1	\N		f	f	0	\N
352	LOL349	D	159.47799999999995	55.82	55.81729999999999	lol-4-D-4-2-4-5-2-0-1-0-0-2-0-North America-159.47799999999995-0-0-0-0-0-0-2024-04-21 20:09:53.801549+00:00	Continue	f	t	f	f	orders/images/bronze_2.webp	t	f	f			North America	f	\N	LS2NQE5XGWY5W	2024-04-22 05:49:59.085013+02	2024-04-26 07:51:38.313887+03	2	10	From GOLD III 81-99 LP To PLATINUM III	41	352	\N	4	\N		f	f	0	\N
345	WOW340	A	47	16.45	16.45	WOW-6-A-1-0-0-1-1175-0-0-0-0-0-0-North America-47.0-0-0-0-0-1-0-2024-04-21 17:39:36.023987+00:00	Continue	f	f	f	f	orders/images/WOW340.webp	t	f	f			North America	f	\N	LS2NQE5XGWY5W	2024-04-21 19:55:19.61288+02	2024-04-26 08:17:50.244935+03	2	1	From 0 RP To 1175	89	345	\N	6	\N		f	f	0	\N
381	Pubg381	D	57.5	20.12	0	pubg-3-D-3-3-0-4-4-0-0-0-0-0-0-false-57.5-0-0-0-0-0-0-2024-05-29 06:39:22.940795+00:00	New	f	f	f	f		f	f	f			false	f	\N	\N	2024-05-29 09:39:23.023575+03	2024-05-30 21:01:36.349019+03	\N	1	From GOLD III points 0 To PLATINUM II	21	381	\N	3	\N		f	f	0	1224
347	Pubg346	D	218.5	76.47	0	pubg-3-D-3-3-0-6-4-0-0-0-0-0-0-false-218.5-0-0-0-0-0-0-2024-04-21 19:44:49.533214+00:00	Continue	f	f	f	f		f	f	f			false	f	\N	LS2NQE5XGWY5W	2024-04-21 21:56:11.926911+02	2024-05-30 21:01:36.355005+03	\N	10	From GOLD III points 0 To CROWN II	21	347	\N	3	\N		f	f	0	\N
367	Pubg367	D	510.68	178.74	0	pubg-3-D-3-3-0-7-4-1-0-0-0-0-0-false-510.68-0-0-0-0-0-0-2024-05-12 08:15:25.689190+00:00	New	t	f	f	f		f	f	f	shehab		false	f	\N	\N	2024-05-12 11:15:25.786843+03	2024-05-30 21:01:36.358992+03	\N	1	From GOLD III points 0 To ACE II	21	367	\N	3	\N	itib	f	f	0	\N
369	Valo369	D	22.5	7.87	0	valo-2-D-3-3-0-5-2-0-0-0-0-0-0-North America-22.5-0-0-0-0-0-0-2024-05-12 11:33:18.428243+00:00	New	f	f	f	f		f	f	f	shehab	iti	North America	f	\N	LS2NQE5XGWY5W	2024-05-12 14:33:32.805394+03	2024-05-30 21:01:36.361988+03	\N	1	From SILVER III 0-20 RR To PLATINUM II	17	369	\N	2	\N	iti	f	f	0	\N
371	Pubg371	D	218.5	76.47	0	pubg-3-D-3-3-0-6-4-0-0-0-0-0-0-false-218.5-0-0-0-0-0-0-2024-05-12 11:39:44.756022+00:00	New	f	f	f	f		f	f	f			false	f	\N	\N	2024-05-12 14:39:44.845619+03	2024-05-30 21:01:36.365974+03	\N	1	From GOLD III points 0 To CROWN II	21	371	\N	3	\N		f	f	0	\N
355	Valo355	P	10.44	2.3	1.53	valo-2-P-2-3-0-0-0-0-0-0-0-0-0-North America-10.44-0-0-0-0-0-0-2024-05-06 08:09:34.876172+00:00	New	f	f	f	f	orders/images/Valo355.jpg	t	f	f	hi	hi	North America	t	\N	LS2NQE5XGWY5W	2024-05-06 11:09:52.973798+03	2024-05-30 20:59:03.001995+03	2	1	Boosting of 3 Placement Games With Rank bronze	15	355	\N	2	\N	hi	f	f	2	\N
375	WR375	D	144.93	50.73	0	wr-1-D-3-3-0-6-2-0-0-0-0-0-0-North America-144.93-0-0-0-0-0-0-2024-05-12 12:22:29.635321+00:00	New	f	f	f	f		f	f	f	shehab	iti	North America	f	\N	LS2NQE5XGWY5W	2024-05-12 15:22:46.267328+03	2024-05-30 21:01:36.505207+03	2	1	From SILVER II Marks 0 To EMERALD III	11	375	\N	1	\N	iti	f	f	0	1129
365	Pubg365	D	218.5	76.47	0	pubg-3-D-3-3-0-6-4-0-0-0-0-0-0-false-218.5-0-0-0-0-0-0-2024-05-12 07:42:35.401924+00:00	New	f	f	f	f		f	f	f	shehab		Eu	f	\N	\N	2024-05-12 10:42:35.508514+03	2024-05-30 21:01:36.344033+03	\N	1	From GOLD III points 0 To CROWN II	21	365	\N	3	\N	iti	f	f	0	\N
357	TFT357	P	25.85	5.69	1.14	tft-5-P-2-5-?-?-?-0-0-0-0-0-0-North America-25.85-0-0-0-0-0-0-2024-05-06 13:51:11.599305+00:00	New	f	f	f	f		f	f	f			North America	f	\N	LS2NQE5XGWY5W	2024-05-06 16:51:31.996341+03	2024-05-30 21:01:36.395324+03	2	1	Boosting of 5 Placement Games With Rank bronze - 5.17	25	357	\N	5	\N		f	f	1	\N
361	Dota2361	P	17.46	3.84	3.84	DOTA2-10-P-4-9-2910-none-none-0-0-0-0-0-0-Europe West-17.46-0-0-1-0-0-0-2024-05-06 14:17:02.809690+00:00	New	f	f	f	f		f	f	f			Europe West	f	\N	LS2NQE5XGWY5W	2024-05-06 17:17:19.609222+03	2024-05-30 21:01:36.422946+03	2	1	Boosting of 9 Placement Games With Rank archon	105	361	\N	10	\N		f	f	8	\N
363	RL363	S	100.75	22.16	22.16	rl-9-S-8-5-?-?-?-0-0-0-0-0-0-North America-100.75-0-0-0-0-0-0-2024-05-06 15:02:33.478305+00:00	New	f	f	f	f		f	f	f			North America	f	\N	LS2NQE5XGWY5W	2024-05-06 18:04:04.832464+03	2024-05-30 21:01:36.447895+03	2	1	Seasonal Reward Boosting by 5 Wins With Rank supersonic legend - 20.15$	47	363	\N	9	\N		f	f	5	\N
373	WR373	D	454.76	159.17	0	wr-1-D-3-3-0-7-2-0-0-0-0-0-0-North America-454.76-0-0-0-0-0-0-2024-05-12 12:18:43.786505+00:00	New	f	f	f	f		f	f	f			North America	f	\N	LS2NQE5XGWY5W	2024-05-12 15:18:59.819411+03	2024-05-30 21:01:36.486962+03	2	1	From SILVER II Marks 0 To DIAMOND III	11	373	\N	1	\N		f	f	0	475
377	Pubg377	D	309.5	108.32	0	pubg-3-D-3-3-0-7-4-0-0-0-0-0-0-false-309.5-0-0-0-0-0-0-2024-05-12 14:29:13.019421+00:00	New	f	f	f	f		f	f	f			false	f	\N	\N	2024-05-12 17:29:13.126149+03	2024-05-30 21:01:36.539151+03	2	1	From GOLD III points 0 To ACE II	21	377	\N	3	\N		f	f	0	1191
348	Pubg342	D	132.5	46.38	46.38	pubg-3-D-3-3-0-5-4-0-0-0-0-0-0-false-132.5-0-0-0-0-0-0-2024-04-21 17:41:17.136413+00:00	Continue	f	f	f	f	orders/images/Pubg342.jpg	t	f	f			North America	f	\N	\N	2024-04-21 21:58:24.17303+02	2024-05-30 20:52:53.566929+03	2	1	From GOLD III points 0 To DIAMOND II	21	348	\N	3	\N		f	f	0	\N
\.


--
-- Data for Name: accounts_baseuser; Type: TABLE DATA; Schema: public; Owner: postgres
--

COPY public.accounts_baseuser (id, password, last_login, is_superuser, username, first_name, last_name, email, is_staff, is_active, date_joined, country, is_booster, is_customer, is_admin, created_at, updated_at, is_online, last_online, activation_code, activation_time, rest_password_code, rest_password_time, date_of_birth) FROM stdin;
22	pbkdf2_sha256$600000$hSIqT9ncmTkBqcWsDWZ9HV$+ALAwbLkKcbhgyw1axM8jmDdvYSe9T8nblzB10nwBWs=	\N	f	samyvsv	shehab	tharwat	shetcsvhr999@gmail.com	f	f	2024-04-15 02:12:08+02	EG	f	f	f	2024-04-15 02:12:12.180513+02	2024-04-21 18:13:04.140144+02	f	2024-04-15 02:12:08+02	69391	2024-04-15 02:16:51.021621+02	\N	\N	\N
2	pbkdf2_sha256$720000$pS2Rar6NDlmWcAOaMWkSek$mvkGiJmhOQFPZY0XUS2FayFhT0EzhzGd80rptLY7Zy8=	2024-05-30 20:50:00.391521+03	f	shehab	ahmed	salim	shethr999@gmail.com	f	t	2024-02-28 07:02:32+02	EG	t	f	f	2024-02-28 07:02:33.00105+02	2024-05-30 21:05:05.142844+03	f	2024-05-30 21:05:05.142844+03	\N	\N	\N	2024-04-03 15:24:12.643296+02	\N
64	pbkdf2_sha256$720000$K2tUvnbK7Z0OVIxUcFIyML$uSA+UdPUzspTXUwRK9VmtQmjAyxOgqtE2hcCALZZ54k=	\N	f	shehabtharwat			shehabshehabeldin9@gmail.com	f	t	2024-05-11 19:24:25.276111+03	\N	t	f	f	2024-05-11 19:24:26.526856+03	2024-05-11 19:24:32.411193+03	f	2024-05-11 19:24:25.276111+03	\N	\N	\N	\N	\N
24	pbkdf2_sha256$600000$MEcndpOJF1VSxdvchWFKZH$kPV+UEW6ra/dgn/pk9CLgjUBaMU6eAn3hsAsL5h43yo=	\N	f	momo	shehab	tharwat	shethr999hhghghghgh@gmail.com	f	f	2024-04-15 02:23:59+02	EG	f	f	f	2024-04-15 02:24:02.393392+02	2024-04-21 18:13:13.761767+02	f	2024-04-15 02:23:59+02	67723	2024-04-15 02:28:56.16712+02	\N	\N	\N
1	pbkdf2_sha256$720000$IcndJjPHjfa0oLT3U6RIyG$27/KL/emY2UYWzeDM1538w0BAu2OtIj3pJ/OMmsa1go=	2024-05-30 10:17:33.088555+03	t	iti			iti@iti.com	t	t	2024-02-28 06:47:56+02	GM	f	t	f	2024-02-28 06:47:57.461341+02	2024-05-26 14:21:57.375306+03	f	2024-05-26 14:21:57.375306+03	\N	\N	\N	\N	2002-12-05
30	pbkdf2_sha256$720000$xoblJ4SEszT9rUzmECCeU9$nQwtPoaxPoqw4fEfgVBMVEBXhU6GuhfEqexuDH2bLBQ=	\N	f	example			example@example.com	f	t	2024-04-24 11:51:07.571071+02	\N	f	f	f	2024-04-24 11:51:08.330069+02	2024-04-24 11:51:08.330069+02	f	2024-04-24 11:51:07.571071+02	\N	\N	\N	\N	\N
25	pbkdf2_sha256$600000$5rTcncxGzs3Ndofk4i1vZE$C9bw1mrKv6ok17ZSymUYf/+jmI4MPuMCbkEphDtrPx0=	\N	f	01210753280f	shehab	tharwat	shethr99ggg9@gmail.com	f	f	2024-04-15 02:29:43+02	EG	f	f	f	2024-04-15 02:29:46.383428+02	2024-04-21 18:13:18.146051+02	f	2024-04-15 02:29:43+02	11805	2024-04-15 02:33:05.678713+02	\N	\N	\N
67	pbkdf2_sha256$720000$0UI8POiyNTYveq9JUraWp4$9jkGT/+UL3jnsI6ZCUEycTAiEbTHO7peDS1g5fHiZ4k=	2024-05-26 12:03:54.475171+03	t	admin			admin@gmail.com	t	t	2024-05-26 12:03:38.65038+03	\N	f	f	f	2024-05-26 12:03:39.391337+03	2024-05-26 13:39:15.141969+03	f	2024-05-26 13:39:15.140972+03	\N	\N	\N	\N	\N
65	pbkdf2_sha256$720000$PTa2hdql5NWeyjJ4F4ZG1V$QUWTsSYHzg0WoakpBuuxviigHJ4EPa075gLFnrkJbm0=	\N	f	testuser			Tookhafaga@gmail.com	f	t	2024-05-11 19:26:34.447784+03	\N	t	f	f	2024-05-11 19:26:35.511651+03	2024-05-11 19:26:38.966239+03	f	2024-05-11 19:26:34.447784+03	\N	\N	\N	\N	\N
26	pbkdf2_sha256$600000$WpjwqFRqH4oZ0UG7im5tLQ$HP9xP9xQc6NwqPmUjk8snbNfwtoWI907A971sEMmjn8=	\N	f	knknkk	shehabnmkk	tharwat	shethr9jj99@gmail.com	f	f	2024-04-15 02:37:23+02	EG	f	f	f	2024-04-15 02:37:26.768462+02	2024-04-21 18:13:22.427583+02	f	2024-04-15 02:37:23+02	50606	2024-04-15 02:37:28.680749+02	\N	\N	\N
63	pbkdf2_sha256$720000$QXDPJ9xieIgRrUGBi25kur$UdQpJRO+2lyGGoB/iYyO/xHCpsGdF/k4SQ2cjoqD8UI=	\N	f	shehabbbvv			shehabshehaddfwbeldin9@gmail.com	f	t	2024-05-11 19:23:58.017099+03	\N	t	f	f	2024-05-11 19:23:59.581944+03	2024-05-11 19:24:05.915942+03	f	2024-05-11 19:23:58.017099+03	\N	\N	\N	\N	\N
31	pbkdf2_sha256$720000$IkqKre2sKLGBG9UXgRqsav$LutM8nJdz6nc97hfGgL3vrach0wC7f78il7+furlpB8=	\N	f	testform			madboost.gg@gmail.com	f	t	2024-04-24 11:59:12.930794+02	\N	t	f	f	2024-04-24 11:59:13.828422+02	2024-04-24 11:59:13.831414+02	f	2024-04-24 11:59:12.930794+02	\N	\N	\N	\N	\N
21	pbkdf2_sha256$600000$oi397MVuykWcUXE0fLd6o5$oB0a3v56+2ckYz4KCtZveaBFYRDuQADhlbZ7Vi8Ipkc=	\N	f	igjrkg	shehab	tharwat	shethr9nk99@gmail.com	f	f	2024-04-15 02:09:06+02	EG	f	f	f	2024-04-15 02:09:09.271488+02	2024-04-21 18:13:26.397258+02	f	2024-04-15 02:09:06+02	77225	2024-04-15 02:11:36.000183+02	\N	\N	\N
66	pbkdf2_sha256$720000$f8IabB6UMPbSLYRsdpt3I2$jNvjPtf3pLSlsJkKPSL3hr1PKVWiupd0/PTuiuzIsVM=	\N	f	hemacr			hemaanor66@gmail.com	f	t	2024-05-11 19:46:35.507501+03	\N	t	f	f	2024-05-11 19:46:36.474444+03	2024-05-11 19:46:38.998449+03	f	2024-05-11 19:46:35.507501+03	\N	\N	\N	\N	\N
27	pbkdf2_sha256$720000$13heQr9KtixGyrZSHrsX1Z$7LBI4m3DnEOnwaZShJRS1ImJ4B022Z+CXmhZq9WMZ2w=	\N	f	moussad				f	t	2024-04-17 07:54:25+02	\N	t	f	f	2024-04-17 07:54:26.755147+02	2024-05-26 15:35:17.221639+03	f	2024-04-17 07:54:25+02	\N	\N	\N	\N	\N
23	pbkdf2_sha256$600000$PM7uDGlPJYlNLG8d7lnrcQ$Sk3Rx8hKqiNdD/ZxobmpmbF0fYO357ut7c5Smunohtg=	\N	f	cscscscs	shehabcs	tharwatscsc	shethr9sccscscs99@gmail.com	f	f	2024-04-15 02:17:24+02	EG	f	f	f	2024-04-15 02:17:27.791809+02	2024-04-21 18:13:30.155023+02	f	2024-04-15 02:17:24+02	28998	2024-04-15 02:23:28.941125+02	\N	\N	\N
10	pbkdf2_sha256$720000$8g3LRIsQ03XKNu9b9z7J5U$fsUmupAcuebLJ7AM6/BidgPTWdKczxKGSy4KXlcDozM=	2024-04-21 22:00:12.118136+02	f	samy	shehab	tharwat	shehabshehabeldin980@gmail.com	f	t	2024-03-09 18:55:20+02	EG	f	f	f	2024-03-09 18:55:21.614559+02	2024-04-21 22:15:36.307331+02	f	2024-04-21 22:15:36.305339+02	59937	2024-03-09 18:56:35.969448+02	\N	\N	\N
34	pbkdf2_sha256$720000$g9XplbfEg5ctzpn3hKfVvN$AIDu3W9aydFZe8xuoSoFa85MDF7cOXykInimEtFfy/E=	\N	f	iti@iti.comx			madbooxst.gg@gmail.com	f	t	2024-04-24 12:01:52.179022+02	\N	t	f	f	2024-04-24 12:01:53.047734+02	2024-04-24 12:01:53.053712+02	f	2024-04-24 12:01:52.179022+02	\N	\N	\N	\N	\N
3	pbkdf2_sha256$720000$hcaS7xsP6ZH10Wq47PycQf$61GanGOqwWZ2jX+atTd5l4SGU04mxMEbcfYTM4NlDMI=	2024-04-20 04:40:50+02	f	ahmed	ahmed			f	t	2024-03-08 06:29:48+02	AL	f	t	f	2024-03-08 06:29:48.98141+02	2024-04-21 18:12:42.983365+02	f	2024-04-20 04:50:25+02	\N	\N	\N	\N	\N
35	pbkdf2_sha256$720000$K2wll0MwSCwKxrSs6k4FZI$6ddEHL01NCOz3c4aLATP2nab7pgNir51Fm78iIRoHbY=	\N	f	01210753280x			shehabshehabeldxin980@gmail.com	f	t	2024-04-24 12:02:12.763458+02	\N	t	f	f	2024-04-24 12:02:13.612157+02	2024-04-24 12:02:13.61515+02	f	2024-04-24 12:02:12.763458+02	\N	\N	\N	\N	\N
19	pbkdf2_sha256$600000$pOD1Gw4GEwF6F5cjH1XtLd$sYmXEy/FUDUrm3x8C2YxiNqTnu8PN0R4iZl7niQWh5Y=	2024-04-15 01:58:06+02	f	itiffcwdcsc	shehabb	tharwatt	shescthr9fsfss99@gmail.com	f	t	2024-04-15 01:57:11+02	EG	f	f	f	2024-04-15 01:57:11.902547+02	2024-04-21 18:12:59.620382+02	f	2024-04-15 01:57:11+02	\N	2024-04-15 01:57:14.533528+02	\N	\N	\N
52	pbkdf2_sha256$720000$1nvrgyj2uRFA8ZorfCWmc6$LsU1NDQmEb46hDThIqVqbM4oM06acK9zpkNqHrvuhKc=	\N	f	shehabthbdkbk			www.ahmedhatb2@gmail.com	f	t	2024-04-25 00:03:30.928217+02	\N	t	f	f	2024-04-25 00:03:31.760994+02	2024-04-25 00:03:35.795311+02	f	2024-04-25 00:03:30.928217+02	\N	\N	\N	\N	\N
50	pbkdf2_sha256$720000$NsXac7acWr4UdN4bWN9tCx$hw1DvbOO9HgbV7t048AusChyfUQX5nhq7KlaSF29sUU=	\N	f	samyaas			madboosdwdt.gg@gmail.com	f	t	2024-04-24 22:50:26.799781+02	\N	t	f	f	2024-04-24 22:50:27.554761+02	2024-04-24 22:50:30.289834+02	f	2024-04-24 22:50:26.799781+02	\N	\N	\N	\N	\N
13	pbkdf2_sha256$600000$eoWsaS78TOU9Q6vyXiSl2K$F1U38hWojI6gwbNcCOsgUNeop+7mTv2BUtawedh4l4A=	\N	f	samy2				f	t	2024-03-19 06:18:41+02	\N	t	f	f	2024-03-19 06:18:42.111042+02	2024-05-05 05:15:09.758668+03	f	2024-03-19 06:18:41+02	\N	\N	\N	\N	\N
62	pbkdf2_sha256$720000$jrzJ7W1UeJ89saMOXa17Hm$1i9l5fJByYGomrEfTj3YUdp0soSqIL22vdKsLB2qQT4=	\N	f	samycdcsc			shehabshehabeldin9@gmail.com	f	t	2024-05-03 19:28:52.44172+03	\N	t	f	f	2024-05-03 19:28:53.129849+03	2024-05-03 19:28:55.950156+03	f	2024-05-03 19:28:52.44172+03	\N	\N	\N	\N	\N
15	pbkdf2_sha256$600000$y6xhOMJD7kIJdwtC71Ti1U$TMNLB/0/sBQxDVW4L+TLSOeTwM0WIKzVdTBO/FaULZU=	\N	f	shethr9xccc@gmail.com				f	t	2024-04-14 21:00:07+02	\N	f	f	f	2024-04-14 21:00:08.091584+02	2024-05-04 07:22:40.038962+03	f	2024-04-14 21:00:07+02	\N	\N	\N	\N	\N
\.


--
-- Data for Name: accounts_baseuser_groups; Type: TABLE DATA; Schema: public; Owner: postgres
--

COPY public.accounts_baseuser_groups (id, baseuser_id, group_id) FROM stdin;
\.


--
-- Data for Name: accounts_baseuser_user_permissions; Type: TABLE DATA; Schema: public; Owner: postgres
--

COPY public.accounts_baseuser_user_permissions (id, baseuser_id, permission_id) FROM stdin;
\.


--
-- Data for Name: accounts_boosterpercent; Type: TABLE DATA; Schema: public; Owner: postgres
--

COPY public.accounts_boosterpercent (id, booster_percent1, booster_percent2, booster_percent3, booster_percent4, booster_percent5) FROM stdin;
1	22	24	27	30	35
\.


--
-- Data for Name: accounts_captcha; Type: TABLE DATA; Schema: public; Owner: postgres
--

COPY public.accounts_captcha (id, image, value) FROM stdin;
1	static/captcha_images/3fPD.png	3fPD
2	static/captcha_images/v8SL.png	v8SL
3	static/captcha_images/8IsM.png	8IsM
4	static/captcha_images/TI8a.png	TI8a
5	static/captcha_images/ThQ5.png	ThQ5
6	static/captcha_images/MG1s.png	MG1s
7	static/captcha_images/6ANp.png	6ANp
8	static/captcha_images/SSt2.png	SSt2
9	static/captcha_images/RZ9o.png	RZ9o
10	static/captcha_images/EkM2.png	EkM2
11	static/captcha_images/6ELk.png	6ELk
12	static/captcha_images/pYX1.png	pYX1
13	static/captcha_images/5WkA.png	5WkA
14	static/captcha_images/4WJj.png	4WJj
15	static/captcha_images/Kz5L.png	Kz5L
16	static/captcha_images/D3cQ.png	D3cQ
17	static/captcha_images/T7Oo.png	T7Oo
18	static/captcha_images/cYG3.png	cYG3
19	static/captcha_images/fJJ2.png	fJJ2
20	static/captcha_images/Rw3A.png	Rw3A
21	static/captcha_images/9IEg.png	9IEg
22	static/captcha_images/3fJA.png	3fJA
23	static/captcha_images/Fw2E.png	Fw2E
24	static/captcha_images/K8aX.png	K8aX
25	static/captcha_images/f1PD.png	f1PD
26	static/captcha_images/aF9K.png	aF9K
27	static/captcha_images/N5Wc.png	N5Wc
28	static/captcha_images/mRD7.png	mRD7
29	static/captcha_images/LQs9.png	LQs9
30	static/captcha_images/JRy1.png	JRy1
31	static/captcha_images/4UgA.png	4UgA
32	static/captcha_images/4yZY.png	4yZY
33	static/captcha_images/eQ7C.png	eQ7C
34	static/captcha_images/MAd7.png	MAd7
35	static/captcha_images/1KtA.png	1KtA
36	static/captcha_images/u6MF.png	u6MF
37	static/captcha_images/gEV5.png	gEV5
38	static/captcha_images/OTc3.png	OTc3
39	static/captcha_images/rCN3.png	rCN3
40	static/captcha_images/GTj1.png	GTj1
41	static/captcha_images/aDJ4.png	aDJ4
42	static/captcha_images/SXf4.png	SXf4
43	static/captcha_images/1HKs.png	1HKs
44	static/captcha_images/Ks1X.png	Ks1X
45	static/captcha_images/TrQ3.png	TrQ3
46	static/captcha_images/1sAQ.png	1sAQ
47	static/captcha_images/q1SC.png	q1SC
48	static/captcha_images/Lf3U.png	Lf3U
49	static/captcha_images/Gx4P.png	Gx4P
50	static/captcha_images/2fYA.png	2fYA
51	static/captcha_images/nP0W.png	nP0W
52	static/captcha_images/sT5V.png	sT5V
53	static/captcha_images/7iJU.png	7iJU
54	static/captcha_images/tZZ4.png	tZZ4
55	static/captcha_images/qDK1.png	qDK1
56	static/captcha_images/Q6fT.png	Q6fT
57	static/captcha_images/2WUr.png	2WUr
58	static/captcha_images/7MyA.png	7MyA
59	static/captcha_images/jR5Y.png	jR5Y
60	static/captcha_images/R6Oj.png	R6Oj
61	static/captcha_images/EwK8.png	EwK8
62	static/captcha_images/RhJ8.png	RhJ8
63	static/captcha_images/u3QT.png	u3QT
64	static/captcha_images/3UlL.png	3UlL
65	static/captcha_images/6eHR.png	6eHR
66	static/captcha_images/ZRw4.png	ZRw4
67	static/captcha_images/H6Ky.png	H6Ky
68	static/captcha_images/y6TP.png	y6TP
69	static/captcha_images/Aj3C.png	Aj3C
70	static/captcha_images/A8rX.png	A8rX
71	static/captcha_images/6kPH.png	6kPH
72	static/captcha_images/V7rD.png	V7rD
73	static/captcha_images/InE7.png	InE7
74	static/captcha_images/0yMF.png	0yMF
75	static/captcha_images/u0EW.png	u0EW
76	static/captcha_images/uO7V.png	uO7V
77	static/captcha_images/0hZQ.png	0hZQ
78	static/captcha_images/RpX6.png	RpX6
79	static/captcha_images/Rk0M.png	Rk0M
80	static/captcha_images/8HIk.png	8HIk
81	static/captcha_images/M4wG.png	M4wG
82	static/captcha_images/xU7J.png	xU7J
83	static/captcha_images/8EUi.png	8EUi
84	static/captcha_images/O2mP.png	O2mP
85	static/captcha_images/bOO8.png	bOO8
86	static/captcha_images/EmC5.png	EmC5
87	static/captcha_images/XQo3.png	XQo3
88	static/captcha_images/Z1Rc.png	Z1Rc
89	static/captcha_images/6lIB.png	6lIB
90	static/captcha_images/3HKw.png	3HKw
91	static/captcha_images/IU8g.png	IU8g
92	static/captcha_images/KL4r.png	KL4r
93	static/captcha_images/HDr5.png	HDr5
94	static/captcha_images/HRf0.png	HRf0
95	static/captcha_images/7CTh.png	7CTh
96	static/captcha_images/VhN2.png	VhN2
97	static/captcha_images/GM1f.png	GM1f
98	static/captcha_images/8XLm.png	8XLm
99	static/captcha_images/kZ1D.png	kZ1D
100	static/captcha_images/1YPc.png	1YPc
101	static/captcha_images/U1Py.png	U1Py
102	static/captcha_images/LNm5.png	LNm5
103	static/captcha_images/MV0q.png	MV0q
104	static/captcha_images/8xMJ.png	8xMJ
105	static/captcha_images/1CWq.png	1CWq
106	static/captcha_images/GjO4.png	GjO4
107	static/captcha_images/0ErN.png	0ErN
108	static/captcha_images/gOY6.png	gOY6
109	static/captcha_images/8dPN.png	8dPN
110	static/captcha_images/bAU5.png	bAU5
111	static/captcha_images/8GDx.png	8GDx
112	static/captcha_images/TJx4.png	TJx4
113	static/captcha_images/Iy8D.png	Iy8D
114	static/captcha_images/Hk8Y.png	Hk8Y
115	static/captcha_images/8NtP.png	8NtP
116	static/captcha_images/1oOJ.png	1oOJ
117	static/captcha_images/X5Xa.png	X5Xa
118	static/captcha_images/N9Ro.png	N9Ro
119	static/captcha_images/9PpA.png	9PpA
120	static/captcha_images/gSZ5.png	gSZ5
121	static/captcha_images/J3cW.png	J3cW
122	static/captcha_images/6pLR.png	6pLR
123	static/captcha_images/Qt9K.png	Qt9K
124	static/captcha_images/7xCR.png	7xCR
125	static/captcha_images/IE4c.png	IE4c
126	static/captcha_images/1LKf.png	1LKf
127	static/captcha_images/W7qS.png	W7qS
128	static/captcha_images/yTA5.png	yTA5
129	static/captcha_images/Qu2I.png	Qu2I
130	static/captcha_images/4WUp.png	4WUp
131	static/captcha_images/0ZJh.png	0ZJh
132	static/captcha_images/IvA3.png	IvA3
133	static/captcha_images/M2Yj.png	M2Yj
134	static/captcha_images/q0JE.png	q0JE
135	static/captcha_images/a8TN.png	a8TN
136	static/captcha_images/0QfQ.png	0QfQ
137	static/captcha_images/ZrQ4.png	ZrQ4
138	static/captcha_images/H8sW.png	H8sW
139	static/captcha_images/S9jY.png	S9jY
140	static/captcha_images/w4IV.png	w4IV
141	static/captcha_images/VaG6.png	VaG6
142	static/captcha_images/1XJg.png	1XJg
143	static/captcha_images/KVp5.png	KVp5
144	static/captcha_images/gLQ4.png	gLQ4
145	static/captcha_images/4PwW.png	4PwW
146	static/captcha_images/4rGT.png	4rGT
147	static/captcha_images/6YDc.png	6YDc
148	static/captcha_images/zGL7.png	zGL7
149	static/captcha_images/LVv0.png	LVv0
150	static/captcha_images/mRA2.png	mRA2
151	static/captcha_images/Vl3Y.png	Vl3Y
152	static/captcha_images/kBI5.png	kBI5
153	static/captcha_images/K1nS.png	K1nS
154	static/captcha_images/CVy3.png	CVy3
155	static/captcha_images/5TYq.png	5TYq
156	static/captcha_images/7ZpM.png	7ZpM
157	static/captcha_images/Qy4Z.png	Qy4Z
158	static/captcha_images/uA6V.png	uA6V
159	static/captcha_images/N3Kw.png	N3Kw
160	static/captcha_images/0GFz.png	0GFz
161	static/captcha_images/lP8Z.png	lP8Z
162	static/captcha_images/vL8P.png	vL8P
163	static/captcha_images/d5XK.png	d5XK
164	static/captcha_images/cNH1.png	cNH1
165	static/captcha_images/3IAj.png	3IAj
166	static/captcha_images/iHY3.png	iHY3
167	static/captcha_images/SGl0.png	SGl0
168	static/captcha_images/f5EL.png	f5EL
169	static/captcha_images/JUs4.png	JUs4
170	static/captcha_images/O7oI.png	O7oI
171	static/captcha_images/R2Th.png	R2Th
172	static/captcha_images/9aGU.png	9aGU
173	static/captcha_images/IDq5.png	IDq5
174	static/captcha_images/8HNq.png	8HNq
175	static/captcha_images/5VeQ.png	5VeQ
176	static/captcha_images/q2ZL.png	q2ZL
177	static/captcha_images/0ObS.png	0ObS
178	static/captcha_images/cVX1.png	cVX1
179	static/captcha_images/PVu0.png	PVu0
180	static/captcha_images/3YVe.png	3YVe
181	static/captcha_images/9NcI.png	9NcI
182	static/captcha_images/3ZhP.png	3ZhP
183	static/captcha_images/Gt8G.png	Gt8G
184	static/captcha_images/Y2jX.png	Y2jX
185	static/captcha_images/JO6w.png	JO6w
186	static/captcha_images/2RtO.png	2RtO
187	static/captcha_images/HnQ0.png	HnQ0
188	static/captcha_images/4GVm.png	4GVm
189	static/captcha_images/O9eQ.png	O9eQ
190	static/captcha_images/s3FB.png	s3FB
191	static/captcha_images/6tMY.png	6tMY
192	static/captcha_images/J3rE.png	J3rE
193	static/captcha_images/Q0Qq.png	Q0Qq
194	static/captcha_images/SG5d.png	SG5d
195	static/captcha_images/a2NE.png	a2NE
196	static/captcha_images/uF2F.png	uF2F
197	static/captcha_images/MQc3.png	MQc3
198	static/captcha_images/U5jI.png	U5jI
199	static/captcha_images/PiX8.png	PiX8
200	static/captcha_images/2XGl.png	2XGl
201	static/captcha_images/y5RN.png	y5RN
202	static/captcha_images/wO4G.png	wO4G
203	static/captcha_images/5JYz.png	5JYz
204	static/captcha_images/MY7r.png	MY7r
205	static/captcha_images/q0KU.png	q0KU
206	static/captcha_images/Bh9I.png	Bh9I
207	static/captcha_images/FyT1.png	FyT1
208	static/captcha_images/0zBB.png	0zBB
209	static/captcha_images/fRR7.png	fRR7
210	static/captcha_images/EI0t.png	EI0t
211	static/captcha_images/Fv4H.png	Fv4H
212	static/captcha_images/3YjX.png	3YjX
213	static/captcha_images/L7bJ.png	L7bJ
214	static/captcha_images/A5bP.png	A5bP
215	static/captcha_images/SyY7.png	SyY7
216	static/captcha_images/EXw7.png	EXw7
217	static/captcha_images/2IBd.png	2IBd
218	static/captcha_images/vB9W.png	vB9W
219	static/captcha_images/OT6h.png	OT6h
220	static/captcha_images/H0Zr.png	H0Zr
221	static/captcha_images/uJU1.png	uJU1
222	static/captcha_images/7RfA.png	7RfA
223	static/captcha_images/HA8j.png	HA8j
224	static/captcha_images/Jm5L.png	Jm5L
225	static/captcha_images/u8SZ.png	u8SZ
226	static/captcha_images/Pu7B.png	Pu7B
227	static/captcha_images/FH9d.png	FH9d
228	static/captcha_images/JT1z.png	JT1z
229	static/captcha_images/Nq7X.png	Nq7X
230	static/captcha_images/OXw6.png	OXw6
231	static/captcha_images/HhC3.png	HhC3
232	static/captcha_images/3QOr.png	3QOr
233	static/captcha_images/YzC9.png	YzC9
234	static/captcha_images/X1Ka.png	X1Ka
235	static/captcha_images/T2rT.png	T2rT
236	static/captcha_images/UF3u.png	UF3u
237	static/captcha_images/3ScL.png	3ScL
238	static/captcha_images/5SEx.png	5SEx
239	static/captcha_images/nOV2.png	nOV2
240	static/captcha_images/yDJ0.png	yDJ0
241	static/captcha_images/2MnQ.png	2MnQ
242	static/captcha_images/f7KD.png	f7KD
243	static/captcha_images/qMW0.png	qMW0
244	static/captcha_images/M7Xv.png	M7Xv
245	static/captcha_images/TN2h.png	TN2h
246	static/captcha_images/gAT9.png	gAT9
247	static/captcha_images/WF0g.png	WF0g
248	static/captcha_images/UB0t.png	UB0t
249	static/captcha_images/0OLf.png	0OLf
250	static/captcha_images/A1Rp.png	A1Rp
251	static/captcha_images/wXK2.png	wXK2
252	static/captcha_images/YQ0n.png	YQ0n
253	static/captcha_images/h4EB.png	h4EB
254	static/captcha_images/2XxM.png	2XxM
255	static/captcha_images/DPd2.png	DPd2
256	static/captcha_images/4FoO.png	4FoO
257	static/captcha_images/Rz3L.png	Rz3L
258	static/captcha_images/Lf6B.png	Lf6B
259	static/captcha_images/Pw6T.png	Pw6T
260	static/captcha_images/S1Yk.png	S1Yk
261	static/captcha_images/0TvY.png	0TvY
262	static/captcha_images/7IdB.png	7IdB
263	static/captcha_images/nO5P.png	nO5P
264	static/captcha_images/L3Cm.png	L3Cm
265	static/captcha_images/pAR9.png	pAR9
266	static/captcha_images/Ew8X.png	Ew8X
267	static/captcha_images/1BlG.png	1BlG
268	static/captcha_images/PRt6.png	PRt6
269	static/captcha_images/T8Kn.png	T8Kn
270	static/captcha_images/I1aT.png	I1aT
271	static/captcha_images/PN0j.png	PN0j
272	static/captcha_images/5ONz.png	5ONz
273	static/captcha_images/B5Jj.png	B5Jj
274	static/captcha_images/9LEq.png	9LEq
275	static/captcha_images/Tn6I.png	Tn6I
276	static/captcha_images/P7xY.png	P7xY
277	static/captcha_images/8XKl.png	8XKl
278	static/captcha_images/oFY9.png	oFY9
279	static/captcha_images/4oVY.png	4oVY
280	static/captcha_images/0AFu.png	0AFu
281	static/captcha_images/ASt3.png	ASt3
282	static/captcha_images/Co1I.png	Co1I
283	static/captcha_images/G9Rf.png	G9Rf
284	static/captcha_images/XCz3.png	XCz3
285	static/captcha_images/xM8H.png	xM8H
286	static/captcha_images/OX0x.png	OX0x
287	static/captcha_images/Wg8K.png	Wg8K
288	static/captcha_images/L7Ab.png	L7Ab
289	static/captcha_images/Q4Gg.png	Q4Gg
290	static/captcha_images/5MaS.png	5MaS
291	static/captcha_images/Lo6X.png	Lo6X
292	static/captcha_images/WG3u.png	WG3u
293	static/captcha_images/QC5q.png	QC5q
294	static/captcha_images/MC2h.png	MC2h
295	static/captcha_images/A7Iq.png	A7Iq
296	static/captcha_images/Z7iF.png	Z7iF
297	static/captcha_images/6iZB.png	6iZB
298	static/captcha_images/T1Hu.png	T1Hu
299	static/captcha_images/FdJ6.png	FdJ6
300	static/captcha_images/ZdY9.png	ZdY9
301	static/captcha_images/NB1w.png	NB1w
302	static/captcha_images/fN3A.png	fN3A
303	static/captcha_images/iGO3.png	iGO3
304	static/captcha_images/D8pG.png	D8pG
305	static/captcha_images/NT7r.png	NT7r
306	static/captcha_images/Q7pC.png	Q7pC
307	static/captcha_images/n1YY.png	n1YY
308	static/captcha_images/pL8M.png	pL8M
309	static/captcha_images/tM2B.png	tM2B
310	static/captcha_images/n9FX.png	n9FX
311	static/captcha_images/F9pJ.png	F9pJ
312	static/captcha_images/bE9I.png	bE9I
313	static/captcha_images/n3FZ.png	n3FZ
314	static/captcha_images/7QmQ.png	7QmQ
315	static/captcha_images/i0XX.png	i0XX
316	static/captcha_images/cR6X.png	cR6X
317	static/captcha_images/Wz8B.png	Wz8B
318	static/captcha_images/pEQ3.png	pEQ3
319	static/captcha_images/hJ1W.png	hJ1W
320	static/captcha_images/xBF4.png	xBF4
321	static/captcha_images/6aDO.png	6aDO
322	static/captcha_images/BiQ9.png	BiQ9
323	static/captcha_images/g4KL.png	g4KL
324	static/captcha_images/FI2i.png	FI2i
325	static/captcha_images/7BrU.png	7BrU
326	static/captcha_images/g2NG.png	g2NG
327	static/captcha_images/R2yD.png	R2yD
328	static/captcha_images/ZA0p.png	ZA0p
329	static/captcha_images/C7Bw.png	C7Bw
330	static/captcha_images/DG0w.png	DG0w
331	static/captcha_images/wJX9.png	wJX9
332	static/captcha_images/Dn6A.png	Dn6A
333	static/captcha_images/H1Nd.png	H1Nd
334	static/captcha_images/BQ6w.png	BQ6w
335	static/captcha_images/aIZ0.png	aIZ0
336	static/captcha_images/6bED.png	6bED
337	static/captcha_images/9XFz.png	9XFz
338	static/captcha_images/0CrG.png	0CrG
339	static/captcha_images/2AnG.png	2AnG
340	static/captcha_images/RV2p.png	RV2p
341	static/captcha_images/IP2y.png	IP2y
342	static/captcha_images/4uNL.png	4uNL
343	static/captcha_images/Ig6X.png	Ig6X
344	static/captcha_images/n6YO.png	n6YO
345	static/captcha_images/6dCJ.png	6dCJ
346	static/captcha_images/F0Ig.png	F0Ig
347	static/captcha_images/JzU2.png	JzU2
348	static/captcha_images/cR2V.png	cR2V
349	static/captcha_images/ZuQ2.png	ZuQ2
350	static/captcha_images/eDU2.png	eDU2
351	static/captcha_images/HgZ2.png	HgZ2
352	static/captcha_images/TS7h.png	TS7h
353	static/captcha_images/2JzD.png	2JzD
354	static/captcha_images/N5Bk.png	N5Bk
355	static/captcha_images/5LmT.png	5LmT
356	static/captcha_images/JcD1.png	JcD1
357	static/captcha_images/DT3r.png	DT3r
358	static/captcha_images/V2Lh.png	V2Lh
359	static/captcha_images/5RTq.png	5RTq
360	static/captcha_images/W2No.png	W2No
361	static/captcha_images/Gh1O.png	Gh1O
362	static/captcha_images/P4Tz.png	P4Tz
363	static/captcha_images/RPm7.png	RPm7
364	static/captcha_images/7cSZ.png	7cSZ
365	static/captcha_images/M7wS.png	M7wS
366	static/captcha_images/4BsT.png	4BsT
367	static/captcha_images/VOh9.png	VOh9
368	static/captcha_images/bCH6.png	bCH6
369	static/captcha_images/2YaS.png	2YaS
370	static/captcha_images/2SLt.png	2SLt
371	static/captcha_images/1eKE.png	1eKE
372	static/captcha_images/H7Rt.png	H7Rt
373	static/captcha_images/bBN1.png	bBN1
374	static/captcha_images/OjG8.png	OjG8
375	static/captcha_images/rT9G.png	rT9G
376	static/captcha_images/PwL2.png	PwL2
377	static/captcha_images/H3dR.png	H3dR
378	static/captcha_images/3WGi.png	3WGi
379	static/captcha_images/eT7A.png	eT7A
380	static/captcha_images/WT4l.png	WT4l
381	static/captcha_images/2JeL.png	2JeL
382	static/captcha_images/Oz5F.png	Oz5F
383	static/captcha_images/WmU5.png	WmU5
384	static/captcha_images/p2FG.png	p2FG
385	static/captcha_images/aMM7.png	aMM7
386	static/captcha_images/Z8qC.png	Z8qC
387	static/captcha_images/l1HZ.png	l1HZ
388	static/captcha_images/NQb2.png	NQb2
389	static/captcha_images/u7VY.png	u7VY
390	static/captcha_images/Wr9B.png	Wr9B
391	static/captcha_images/vQ9Y.png	vQ9Y
392	static/captcha_images/9BeC.png	9BeC
393	static/captcha_images/6jFN.png	6jFN
394	static/captcha_images/1DxT.png	1DxT
395	static/captcha_images/Z8fT.png	Z8fT
396	static/captcha_images/QfO8.png	QfO8
397	static/captcha_images/QhJ1.png	QhJ1
398	static/captcha_images/NA7y.png	NA7y
399	static/captcha_images/Z5vU.png	Z5vU
400	static/captcha_images/3zRY.png	3zRY
401	static/captcha_images/Gn7K.png	Gn7K
402	static/captcha_images/vTN6.png	vTN6
403	static/captcha_images/8TWk.png	8TWk
404	static/captcha_images/2rJU.png	2rJU
405	static/captcha_images/B0Kn.png	B0Kn
406	static/captcha_images/B7Ox.png	B7Ox
407	static/captcha_images/IJ0t.png	IJ0t
408	static/captcha_images/Lb4V.png	Lb4V
409	static/captcha_images/bJ3P.png	bJ3P
410	static/captcha_images/V0Nd.png	V0Nd
411	static/captcha_images/L1vQ.png	L1vQ
412	static/captcha_images/G0Ng.png	G0Ng
413	static/captcha_images/Pl3W.png	Pl3W
414	static/captcha_images/LU5a.png	LU5a
415	static/captcha_images/F7uZ.png	F7uZ
416	static/captcha_images/Xk5G.png	Xk5G
417	static/captcha_images/JqO4.png	JqO4
418	static/captcha_images/2ObY.png	2ObY
419	static/captcha_images/W5rW.png	W5rW
420	static/captcha_images/lB3S.png	lB3S
421	static/captcha_images/XF3o.png	XF3o
422	static/captcha_images/R1qX.png	R1qX
423	static/captcha_images/3mWE.png	3mWE
424	static/captcha_images/rN8I.png	rN8I
425	static/captcha_images/4CpQ.png	4CpQ
426	static/captcha_images/FVh9.png	FVh9
427	static/captcha_images/fJ8Q.png	fJ8Q
428	static/captcha_images/K3Vh.png	K3Vh
429	static/captcha_images/LR5p.png	LR5p
430	static/captcha_images/4SuE.png	4SuE
431	static/captcha_images/GJ0n.png	GJ0n
432	static/captcha_images/G4Bp.png	G4Bp
433	static/captcha_images/B4Ip.png	B4Ip
434	static/captcha_images/OH1o.png	OH1o
435	static/captcha_images/AC6t.png	AC6t
436	static/captcha_images/zM0B.png	zM0B
437	static/captcha_images/2gSB.png	2gSB
438	static/captcha_images/lVQ5.png	lVQ5
439	static/captcha_images/AOw0.png	AOw0
440	static/captcha_images/ViF1.png	ViF1
441	static/captcha_images/0AhH.png	0AhH
442	static/captcha_images/Q3Xe.png	Q3Xe
443	static/captcha_images/uCJ4.png	uCJ4
444	static/captcha_images/C6Jz.png	C6Jz
445	static/captcha_images/5POc.png	5POc
446	static/captcha_images/Mv8E.png	Mv8E
447	static/captcha_images/p0WH.png	p0WH
448	static/captcha_images/Ss4J.png	Ss4J
449	static/captcha_images/V6nZ.png	V6nZ
450	static/captcha_images/0bIL.png	0bIL
451	static/captcha_images/lO3J.png	lO3J
452	static/captcha_images/HqB9.png	HqB9
453	static/captcha_images/KS5u.png	KS5u
454	static/captcha_images/gS0O.png	gS0O
455	static/captcha_images/O8Ag.png	O8Ag
456	static/captcha_images/zBQ5.png	zBQ5
457	static/captcha_images/WhF3.png	WhF3
458	static/captcha_images/kU1N.png	kU1N
459	static/captcha_images/SO0i.png	SO0i
460	static/captcha_images/Iw0D.png	Iw0D
461	static/captcha_images/PMq1.png	PMq1
462	static/captcha_images/r8SD.png	r8SD
463	static/captcha_images/4WMf.png	4WMf
464	static/captcha_images/yG9D.png	yG9D
465	static/captcha_images/5CTx.png	5CTx
466	static/captcha_images/8XlC.png	8XlC
467	static/captcha_images/GV3x.png	GV3x
468	static/captcha_images/m6EV.png	m6EV
469	static/captcha_images/Gv9T.png	Gv9T
470	static/captcha_images/xCK2.png	xCK2
471	static/captcha_images/GD1q.png	GD1q
472	static/captcha_images/StB7.png	StB7
473	static/captcha_images/TIg5.png	TIg5
474	static/captcha_images/HA2t.png	HA2t
475	static/captcha_images/Ch4K.png	Ch4K
476	static/captcha_images/8RmW.png	8RmW
477	static/captcha_images/AeX7.png	AeX7
478	static/captcha_images/l9HF.png	l9HF
479	static/captcha_images/FUk2.png	FUk2
480	static/captcha_images/NoN1.png	NoN1
481	static/captcha_images/HzJ9.png	HzJ9
482	static/captcha_images/AWv1.png	AWv1
483	static/captcha_images/o4KG.png	o4KG
484	static/captcha_images/VF0p.png	VF0p
485	static/captcha_images/6MGl.png	6MGl
486	static/captcha_images/9OwN.png	9OwN
487	static/captcha_images/c1LD.png	c1LD
488	static/captcha_images/Et0H.png	Et0H
489	static/captcha_images/eME7.png	eME7
490	static/captcha_images/eB4N.png	eB4N
491	static/captcha_images/TnR9.png	TnR9
492	static/captcha_images/Fh8U.png	Fh8U
493	static/captcha_images/Dk6T.png	Dk6T
494	static/captcha_images/TQ7s.png	TQ7s
495	static/captcha_images/Iu3P.png	Iu3P
496	static/captcha_images/X4Kh.png	X4Kh
497	static/captcha_images/2bEL.png	2bEL
498	static/captcha_images/TVv5.png	TVv5
499	static/captcha_images/0PPl.png	0PPl
500	static/captcha_images/H1dJ.png	H1dJ
501	static/captcha_images/4UHe.png	4UHe
502	static/captcha_images/DfQ2.png	DfQ2
503	static/captcha_images/XYv7.png	XYv7
504	static/captcha_images/W5nQ.png	W5nQ
505	static/captcha_images/Hf3S.png	Hf3S
506	static/captcha_images/Y7dG.png	Y7dG
507	static/captcha_images/4AZg.png	4AZg
508	static/captcha_images/PH1g.png	PH1g
509	static/captcha_images/GjT9.png	GjT9
510	static/captcha_images/D0Px.png	D0Px
511	static/captcha_images/E4tJ.png	E4tJ
512	static/captcha_images/h1KO.png	h1KO
513	static/captcha_images/wM7E.png	wM7E
514	static/captcha_images/IM4y.png	IM4y
515	static/captcha_images/V6qB.png	V6qB
516	static/captcha_images/pEY4.png	pEY4
517	static/captcha_images/lF8P.png	lF8P
518	static/captcha_images/9yDB.png	9yDB
519	static/captcha_images/AbG8.png	AbG8
520	static/captcha_images/C6Br.png	C6Br
521	static/captcha_images/B2Xl.png	B2Xl
522	static/captcha_images/2eOK.png	2eOK
523	static/captcha_images/2hVL.png	2hVL
524	static/captcha_images/0FOj.png	0FOj
525	static/captcha_images/IHn4.png	IHn4
526	static/captcha_images/7KcR.png	7KcR
527	static/captcha_images/fK7Y.png	fK7Y
528	static/captcha_images/R6Cn.png	R6Cn
529	static/captcha_images/S8Jj.png	S8Jj
530	static/captcha_images/rEF5.png	rEF5
531	static/captcha_images/A2uL.png	A2uL
532	static/captcha_images/0WbM.png	0WbM
533	static/captcha_images/Hu9F.png	Hu9F
534	static/captcha_images/T0yQ.png	T0yQ
535	static/captcha_images/cBO6.png	cBO6
536	static/captcha_images/Qw5P.png	Qw5P
537	static/captcha_images/y8OR.png	y8OR
538	static/captcha_images/YP7f.png	YP7f
539	static/captcha_images/xB3W.png	xB3W
540	static/captcha_images/pE3B.png	pE3B
541	static/captcha_images/RIt9.png	RIt9
542	static/captcha_images/E8rK.png	E8rK
543	static/captcha_images/qVH7.png	qVH7
544	static/captcha_images/qF3T.png	qF3T
545	static/captcha_images/VV7w.png	VV7w
546	static/captcha_images/4WfS.png	4WfS
547	static/captcha_images/qC2Z.png	qC2Z
548	static/captcha_images/ET6h.png	ET6h
549	static/captcha_images/sAL7.png	sAL7
550	static/captcha_images/O4yB.png	O4yB
551	static/captcha_images/5nPL.png	5nPL
552	static/captcha_images/A5iL.png	A5iL
553	static/captcha_images/hH0D.png	hH0D
554	static/captcha_images/pO1W.png	pO1W
555	static/captcha_images/H7rZ.png	H7rZ
556	static/captcha_images/Ko4O.png	Ko4O
557	static/captcha_images/4TNd.png	4TNd
558	static/captcha_images/2kJF.png	2kJF
559	static/captcha_images/At4J.png	At4J
560	static/captcha_images/0sUS.png	0sUS
561	static/captcha_images/l0LD.png	l0LD
562	static/captcha_images/u4YM.png	u4YM
563	static/captcha_images/Tp9F.png	Tp9F
564	static/captcha_images/TAr5.png	TAr5
565	static/captcha_images/Z9rF.png	Z9rF
566	static/captcha_images/UwM1.png	UwM1
567	static/captcha_images/dU3V.png	dU3V
568	static/captcha_images/VsH0.png	VsH0
569	static/captcha_images/l8SD.png	l8SD
570	static/captcha_images/3FmR.png	3FmR
571	static/captcha_images/cQ5A.png	cQ5A
572	static/captcha_images/pM6W.png	pM6W
573	static/captcha_images/g4WS.png	g4WS
574	static/captcha_images/wZ5S.png	wZ5S
575	static/captcha_images/1fFB.png	1fFB
576	static/captcha_images/cZ4V.png	cZ4V
577	static/captcha_images/g1MV.png	g1MV
578	static/captcha_images/UV8s.png	UV8s
579	static/captcha_images/eD9I.png	eD9I
580	static/captcha_images/1EXt.png	1EXt
581	static/captcha_images/SE1b.png	SE1b
582	static/captcha_images/O2Nw.png	O2Nw
583	static/captcha_images/BgS6.png	BgS6
584	static/captcha_images/L1aD.png	L1aD
585	static/captcha_images/1VfA.png	1VfA
586	static/captcha_images/0pLO.png	0pLO
587	static/captcha_images/i0PN.png	i0PN
588	static/captcha_images/Ud2Z.png	Ud2Z
589	static/captcha_images/BK9x.png	BK9x
590	static/captcha_images/Zb6G.png	Zb6G
591	static/captcha_images/J3Mb.png	J3Mb
592	static/captcha_images/x4NV.png	x4NV
593	static/captcha_images/KyS3.png	KyS3
594	static/captcha_images/Um7N.png	Um7N
595	static/captcha_images/JIz4.png	JIz4
596	static/captcha_images/8HOa.png	8HOa
597	static/captcha_images/LyK6.png	LyK6
598	static/captcha_images/VoP6.png	VoP6
599	static/captcha_images/9VTj.png	9VTj
600	static/captcha_images/L4Fm.png	L4Fm
601	static/captcha_images/T5If.png	T5If
602	static/captcha_images/F9Ix.png	F9Ix
603	static/captcha_images/uGS2.png	uGS2
604	static/captcha_images/LY7g.png	LY7g
605	static/captcha_images/hYZ2.png	hYZ2
606	static/captcha_images/Cr7A.png	Cr7A
607	static/captcha_images/h7YA.png	h7YA
608	static/captcha_images/BGx2.png	BGx2
609	static/captcha_images/K4uS.png	K4uS
610	static/captcha_images/lMI3.png	lMI3
611	static/captcha_images/EPo8.png	EPo8
612	static/captcha_images/j6RE.png	j6RE
613	static/captcha_images/B5Ra.png	B5Ra
614	static/captcha_images/ZTs1.png	ZTs1
615	static/captcha_images/XJ5f.png	XJ5f
616	static/captcha_images/0kQZ.png	0kQZ
617	static/captcha_images/OG5c.png	OG5c
618	static/captcha_images/6NFn.png	6NFn
619	static/captcha_images/8xVC.png	8xVC
620	static/captcha_images/7KRi.png	7KRi
621	static/captcha_images/G5cH.png	G5cH
622	static/captcha_images/YS4e.png	YS4e
623	static/captcha_images/gAC8.png	gAC8
624	static/captcha_images/6ZPx.png	6ZPx
625	static/captcha_images/TQp2.png	TQp2
626	static/captcha_images/KtM4.png	KtM4
627	static/captcha_images/Z6Ck.png	Z6Ck
628	static/captcha_images/j8PK.png	j8PK
629	static/captcha_images/W9mK.png	W9mK
630	static/captcha_images/NQ7g.png	NQ7g
631	static/captcha_images/c8WO.png	c8WO
632	static/captcha_images/3DlZ.png	3DlZ
633	static/captcha_images/RzV6.png	RzV6
634	static/captcha_images/I0mJ.png	I0mJ
635	static/captcha_images/m4KZ.png	m4KZ
636	static/captcha_images/XDh8.png	XDh8
637	static/captcha_images/D8wC.png	D8wC
638	static/captcha_images/R1sI.png	R1sI
639	static/captcha_images/N3Oi.png	N3Oi
640	static/captcha_images/2nHZ.png	2nHZ
641	static/captcha_images/GXw0.png	GXw0
642	static/captcha_images/hJ6T.png	hJ6T
643	static/captcha_images/h1LD.png	h1LD
644	static/captcha_images/CP4l.png	CP4l
645	static/captcha_images/3MdB.png	3MdB
646	static/captcha_images/tHJ2.png	tHJ2
647	static/captcha_images/k5FM.png	k5FM
648	static/captcha_images/Bl1Q.png	Bl1Q
649	static/captcha_images/n8OR.png	n8OR
650	static/captcha_images/eI3H.png	eI3H
651	static/captcha_images/1GJv.png	1GJv
652	static/captcha_images/0NnA.png	0NnA
653	static/captcha_images/aDO0.png	aDO0
654	static/captcha_images/d2AX.png	d2AX
655	static/captcha_images/vZ7A.png	vZ7A
656	static/captcha_images/4PWp.png	4PWp
657	static/captcha_images/6nCM.png	6nCM
658	static/captcha_images/Y4Tq.png	Y4Tq
659	static/captcha_images/U1Ra.png	U1Ra
660	static/captcha_images/TsP9.png	TsP9
661	static/captcha_images/c4YJ.png	c4YJ
662	static/captcha_images/bV5A.png	bV5A
663	static/captcha_images/1iNN.png	1iNN
664	static/captcha_images/6aKT.png	6aKT
665	static/captcha_images/7IJp.png	7IJp
666	static/captcha_images/kHZ4.png	kHZ4
667	static/captcha_images/bWJ1.png	bWJ1
668	static/captcha_images/vBC2.png	vBC2
669	static/captcha_images/9mXL.png	9mXL
670	static/captcha_images/5UwH.png	5UwH
671	static/captcha_images/sUM0.png	sUM0
672	static/captcha_images/BXg0.png	BXg0
673	static/captcha_images/B3Rh.png	B3Rh
674	static/captcha_images/3DrD.png	3DrD
675	static/captcha_images/z9IX.png	z9IX
676	static/captcha_images/GjL4.png	GjL4
677	static/captcha_images/CM1c.png	CM1c
678	static/captcha_images/6CRg.png	6CRg
679	static/captcha_images/t1AH.png	t1AH
680	static/captcha_images/AhV1.png	AhV1
681	static/captcha_images/JKs2.png	JKs2
682	static/captcha_images/FeO0.png	FeO0
683	static/captcha_images/XT9q.png	XT9q
684	static/captcha_images/H7zA.png	H7zA
685	static/captcha_images/5IiS.png	5IiS
686	static/captcha_images/PmA2.png	PmA2
687	static/captcha_images/TI5e.png	TI5e
688	static/captcha_images/6zRV.png	6zRV
689	static/captcha_images/Py1J.png	Py1J
690	static/captcha_images/Nw7L.png	Nw7L
691	static/captcha_images/XVg0.png	XVg0
692	static/captcha_images/p2NP.png	p2NP
693	static/captcha_images/0jBY.png	0jBY
694	static/captcha_images/qTQ7.png	qTQ7
695	static/captcha_images/4jRT.png	4jRT
696	static/captcha_images/x7UM.png	x7UM
697	static/captcha_images/Te5N.png	Te5N
698	static/captcha_images/Vf5A.png	Vf5A
699	static/captcha_images/3FOq.png	3FOq
700	static/captcha_images/a4PD.png	a4PD
701	static/captcha_images/s8JC.png	s8JC
702	static/captcha_images/WKi1.png	WKi1
703	static/captcha_images/qE4Z.png	qE4Z
704	static/captcha_images/V6vK.png	V6vK
705	static/captcha_images/NlV6.png	NlV6
706	static/captcha_images/4iWH.png	4iWH
707	static/captcha_images/Ph4S.png	Ph4S
708	static/captcha_images/Y5Re.png	Y5Re
709	static/captcha_images/SOu6.png	SOu6
710	static/captcha_images/u1JD.png	u1JD
711	static/captcha_images/F2jM.png	F2jM
712	static/captcha_images/J3Cj.png	J3Cj
713	static/captcha_images/BE4q.png	BE4q
714	static/captcha_images/EGh8.png	EGh8
715	static/captcha_images/Om4Y.png	Om4Y
716	static/captcha_images/iT9Q.png	iT9Q
717	static/captcha_images/5RzP.png	5RzP
718	static/captcha_images/0TMy.png	0TMy
719	static/captcha_images/J9wB.png	J9wB
720	static/captcha_images/6oEI.png	6oEI
721	static/captcha_images/Wh8X.png	Wh8X
722	static/captcha_images/GV8i.png	GV8i
723	static/captcha_images/EDp0.png	EDp0
724	static/captcha_images/9hNQ.png	9hNQ
725	static/captcha_images/bG3P.png	bG3P
726	static/captcha_images/Pa3H.png	Pa3H
727	static/captcha_images/DDj4.png	DDj4
728	static/captcha_images/uE2J.png	uE2J
729	static/captcha_images/M8cY.png	M8cY
730	static/captcha_images/JN6h.png	JN6h
731	static/captcha_images/3TUd.png	3TUd
732	static/captcha_images/3NDw.png	3NDw
733	static/captcha_images/Ys1O.png	Ys1O
734	static/captcha_images/s8NB.png	s8NB
735	static/captcha_images/Q0Hp.png	Q0Hp
736	static/captcha_images/CzC9.png	CzC9
737	static/captcha_images/kZU5.png	kZU5
738	static/captcha_images/tA9O.png	tA9O
739	static/captcha_images/ZJ7a.png	ZJ7a
740	static/captcha_images/U6Tg.png	U6Tg
741	static/captcha_images/j6QQ.png	j6QQ
742	static/captcha_images/VL8h.png	VL8h
743	static/captcha_images/BZi8.png	BZi8
744	static/captcha_images/3fXP.png	3fXP
745	static/captcha_images/mH8V.png	mH8V
746	static/captcha_images/3FYe.png	3FYe
747	static/captcha_images/8kNZ.png	8kNZ
748	static/captcha_images/Jq7G.png	Jq7G
749	static/captcha_images/cL5W.png	cL5W
750	static/captcha_images/Uz7S.png	Uz7S
751	static/captcha_images/PS0y.png	PS0y
752	static/captcha_images/Fv8Q.png	Fv8Q
753	static/captcha_images/Ed5S.png	Ed5S
754	static/captcha_images/SY6c.png	SY6c
755	static/captcha_images/qAU8.png	qAU8
756	static/captcha_images/NlZ0.png	NlZ0
757	static/captcha_images/rR5O.png	rR5O
758	static/captcha_images/wJ6O.png	wJ6O
759	static/captcha_images/FM3m.png	FM3m
760	static/captcha_images/U7dH.png	U7dH
761	static/captcha_images/5ClQ.png	5ClQ
762	static/captcha_images/mZL4.png	mZL4
763	static/captcha_images/lJX8.png	lJX8
764	static/captcha_images/pV2J.png	pV2J
765	static/captcha_images/hFJ2.png	hFJ2
766	static/captcha_images/R3Kk.png	R3Kk
767	static/captcha_images/T5pH.png	T5pH
768	static/captcha_images/t7KU.png	t7KU
769	static/captcha_images/wCX4.png	wCX4
770	static/captcha_images/GFr4.png	GFr4
771	static/captcha_images/E8Jb.png	E8Jb
772	static/captcha_images/4kHC.png	4kHC
773	static/captcha_images/5tGM.png	5tGM
774	static/captcha_images/IjD5.png	IjD5
775	static/captcha_images/KbG1.png	KbG1
776	static/captcha_images/0lTX.png	0lTX
777	static/captcha_images/MvD7.png	MvD7
778	static/captcha_images/Y4Sh.png	Y4Sh
779	static/captcha_images/0mTP.png	0mTP
780	static/captcha_images/NZq4.png	NZq4
781	static/captcha_images/4KVc.png	4KVc
782	static/captcha_images/2pUT.png	2pUT
783	static/captcha_images/zZI0.png	zZI0
784	static/captcha_images/BZ3c.png	BZ3c
785	static/captcha_images/aQ5M.png	aQ5M
786	static/captcha_images/2dPW.png	2dPW
787	static/captcha_images/MZ2o.png	MZ2o
788	static/captcha_images/fDQ0.png	fDQ0
789	static/captcha_images/H7Ct.png	H7Ct
790	static/captcha_images/GOv7.png	GOv7
791	static/captcha_images/Ls7G.png	Ls7G
792	static/captcha_images/8OgK.png	8OgK
793	static/captcha_images/MP5g.png	MP5g
794	static/captcha_images/1lZL.png	1lZL
795	static/captcha_images/SH8h.png	SH8h
796	static/captcha_images/TI8k.png	TI8k
797	static/captcha_images/7IeI.png	7IeI
798	static/captcha_images/eMC4.png	eMC4
799	static/captcha_images/7zYB.png	7zYB
800	static/captcha_images/k9HK.png	k9HK
801	static/captcha_images/HjD8.png	HjD8
802	static/captcha_images/1VRm.png	1VRm
803	static/captcha_images/My4U.png	My4U
804	static/captcha_images/LTh1.png	LTh1
805	static/captcha_images/S0Mc.png	S0Mc
806	static/captcha_images/a5JH.png	a5JH
807	static/captcha_images/g1DQ.png	g1DQ
808	static/captcha_images/6eUE.png	6eUE
809	static/captcha_images/3KyY.png	3KyY
810	static/captcha_images/0JKl.png	0JKl
811	static/captcha_images/p5PC.png	p5PC
812	static/captcha_images/LTz8.png	LTz8
813	static/captcha_images/3jXJ.png	3jXJ
814	static/captcha_images/TaK5.png	TaK5
815	static/captcha_images/PM8y.png	PM8y
816	static/captcha_images/vO2W.png	vO2W
817	static/captcha_images/9XEg.png	9XEg
818	static/captcha_images/rF8Q.png	rF8Q
819	static/captcha_images/zZC5.png	zZC5
820	static/captcha_images/z4RP.png	z4RP
821	static/captcha_images/CQr3.png	CQr3
822	static/captcha_images/Dm0T.png	Dm0T
823	static/captcha_images/1IrB.png	1IrB
824	static/captcha_images/e1GK.png	e1GK
825	static/captcha_images/2RMj.png	2RMj
826	static/captcha_images/MrG7.png	MrG7
827	static/captcha_images/8nFT.png	8nFT
828	static/captcha_images/Da8C.png	Da8C
829	static/captcha_images/TcB6.png	TcB6
830	static/captcha_images/kXE7.png	kXE7
831	static/captcha_images/GnL4.png	GnL4
832	static/captcha_images/Wg0T.png	Wg0T
833	static/captcha_images/6CgM.png	6CgM
834	static/captcha_images/Ob2O.png	Ob2O
835	static/captcha_images/X8Ad.png	X8Ad
836	static/captcha_images/9OsR.png	9OsR
837	static/captcha_images/A8Rj.png	A8Rj
838	static/captcha_images/iZE7.png	iZE7
839	static/captcha_images/6bKK.png	6bKK
840	static/captcha_images/cT0K.png	cT0K
841	static/captcha_images/AB4e.png	AB4e
842	static/captcha_images/ZKs8.png	ZKs8
843	static/captcha_images/6MwS.png	6MwS
844	static/captcha_images/6iBM.png	6iBM
845	static/captcha_images/H2Aj.png	H2Aj
846	static/captcha_images/p1UM.png	p1UM
847	static/captcha_images/b2AN.png	b2AN
848	static/captcha_images/4kNB.png	4kNB
849	static/captcha_images/7KaX.png	7KaX
850	static/captcha_images/VL2b.png	VL2b
851	static/captcha_images/h0LO.png	h0LO
852	static/captcha_images/mC1H.png	mC1H
853	static/captcha_images/qMF9.png	qMF9
854	static/captcha_images/Vk0P.png	Vk0P
855	static/captcha_images/9PaA.png	9PaA
856	static/captcha_images/rPA6.png	rPA6
857	static/captcha_images/Mw5W.png	Mw5W
858	static/captcha_images/aYL5.png	aYL5
859	static/captcha_images/yH0N.png	yH0N
860	static/captcha_images/Q7Da.png	Q7Da
861	static/captcha_images/Y3tS.png	Y3tS
862	static/captcha_images/xM7B.png	xM7B
863	static/captcha_images/Pd0G.png	Pd0G
864	static/captcha_images/zK6Q.png	zK6Q
865	static/captcha_images/eKN6.png	eKN6
866	static/captcha_images/GjE3.png	GjE3
867	static/captcha_images/Lm3M.png	Lm3M
868	static/captcha_images/aJ1H.png	aJ1H
869	static/captcha_images/RZ5p.png	RZ5p
870	static/captcha_images/7NXx.png	7NXx
871	static/captcha_images/2lXU.png	2lXU
872	static/captcha_images/3GyV.png	3GyV
873	static/captcha_images/YSq5.png	YSq5
874	static/captcha_images/5HbL.png	5HbL
875	static/captcha_images/Z6lM.png	Z6lM
876	static/captcha_images/cUB7.png	cUB7
877	static/captcha_images/ZY0c.png	ZY0c
878	static/captcha_images/2bLA.png	2bLA
879	static/captcha_images/NhC4.png	NhC4
880	static/captcha_images/8rAC.png	8rAC
881	static/captcha_images/F1eO.png	F1eO
882	static/captcha_images/ZzZ7.png	ZzZ7
883	static/captcha_images/OgA1.png	OgA1
884	static/captcha_images/n4PZ.png	n4PZ
885	static/captcha_images/2NxV.png	2NxV
886	static/captcha_images/0nLA.png	0nLA
887	static/captcha_images/VzX6.png	VzX6
888	static/captcha_images/oD2X.png	oD2X
889	static/captcha_images/yXA7.png	yXA7
890	static/captcha_images/X2yF.png	X2yF
891	static/captcha_images/RDn0.png	RDn0
892	static/captcha_images/5lWZ.png	5lWZ
893	static/captcha_images/MmS7.png	MmS7
894	static/captcha_images/PfC3.png	PfC3
895	static/captcha_images/N0Yn.png	N0Yn
896	static/captcha_images/3PnA.png	3PnA
897	static/captcha_images/w4OP.png	w4OP
898	static/captcha_images/7ZjW.png	7ZjW
899	static/captcha_images/xMM5.png	xMM5
900	static/captcha_images/PeY3.png	PeY3
901	static/captcha_images/GyX5.png	GyX5
902	static/captcha_images/qNW8.png	qNW8
903	static/captcha_images/nY5Q.png	nY5Q
904	static/captcha_images/7sSN.png	7sSN
905	static/captcha_images/G2Ou.png	G2Ou
906	static/captcha_images/GI8k.png	GI8k
907	static/captcha_images/bX0T.png	bX0T
908	static/captcha_images/A0Ft.png	A0Ft
909	static/captcha_images/V3nG.png	V3nG
910	static/captcha_images/mB8W.png	mB8W
911	static/captcha_images/fW1Q.png	fW1Q
912	static/captcha_images/WhI7.png	WhI7
913	static/captcha_images/8nKY.png	8nKY
914	static/captcha_images/gP5M.png	gP5M
915	static/captcha_images/LH2x.png	LH2x
916	static/captcha_images/HhU1.png	HhU1
917	static/captcha_images/2ZtD.png	2ZtD
918	static/captcha_images/NT3d.png	NT3d
919	static/captcha_images/eE4S.png	eE4S
920	static/captcha_images/Qc1W.png	Qc1W
921	static/captcha_images/OT0d.png	OT0d
922	static/captcha_images/0MsI.png	0MsI
923	static/captcha_images/ODf3.png	ODf3
924	static/captcha_images/S8Bh.png	S8Bh
925	static/captcha_images/A0Zy.png	A0Zy
926	static/captcha_images/FyR8.png	FyR8
927	static/captcha_images/5ZTp.png	5ZTp
928	static/captcha_images/b9XR.png	b9XR
929	static/captcha_images/FDf7.png	FDf7
930	static/captcha_images/BIh2.png	BIh2
931	static/captcha_images/PuF8.png	PuF8
932	static/captcha_images/Cd9S.png	Cd9S
933	static/captcha_images/6IoQ.png	6IoQ
934	static/captcha_images/XT9x.png	XT9x
935	static/captcha_images/eKS3.png	eKS3
936	static/captcha_images/Mq6C.png	Mq6C
937	static/captcha_images/VG4m.png	VG4m
938	static/captcha_images/F1jX.png	F1jX
939	static/captcha_images/qK0R.png	qK0R
940	static/captcha_images/kPT6.png	kPT6
941	static/captcha_images/7fZZ.png	7fZZ
942	static/captcha_images/QYs6.png	QYs6
943	static/captcha_images/lLN1.png	lLN1
944	static/captcha_images/5QzR.png	5QzR
945	static/captcha_images/Z7rL.png	Z7rL
946	static/captcha_images/q9XT.png	q9XT
947	static/captcha_images/s7AY.png	s7AY
948	static/captcha_images/7bIY.png	7bIY
949	static/captcha_images/5rKV.png	5rKV
950	static/captcha_images/3pLU.png	3pLU
951	static/captcha_images/XL5n.png	XL5n
952	static/captcha_images/S2Nv.png	S2Nv
953	static/captcha_images/G0kG.png	G0kG
954	static/captcha_images/JtQ2.png	JtQ2
955	static/captcha_images/MhS7.png	MhS7
956	static/captcha_images/gE7Z.png	gE7Z
957	static/captcha_images/2ITj.png	2ITj
958	static/captcha_images/aDO0.png	aDO0
959	static/captcha_images/kX2I.png	kX2I
960	static/captcha_images/4XTx.png	4XTx
961	static/captcha_images/V1hN.png	V1hN
962	static/captcha_images/x0QP.png	x0QP
963	static/captcha_images/RgD9.png	RgD9
964	static/captcha_images/BAb8.png	BAb8
965	static/captcha_images/VPp5.png	VPp5
966	static/captcha_images/DgQ4.png	DgQ4
967	static/captcha_images/O6Kk.png	O6Kk
968	static/captcha_images/5VcQ.png	5VcQ
969	static/captcha_images/O1zZ.png	O1zZ
970	static/captcha_images/5ROn.png	5ROn
971	static/captcha_images/YPe5.png	YPe5
972	static/captcha_images/VM3n.png	VM3n
973	static/captcha_images/Mn6J.png	Mn6J
974	static/captcha_images/Q1rX.png	Q1rX
975	static/captcha_images/4EmM.png	4EmM
976	static/captcha_images/8NGn.png	8NGn
977	static/captcha_images/X1vJ.png	X1vJ
978	static/captcha_images/5LuK.png	5LuK
979	static/captcha_images/PkV6.png	PkV6
980	static/captcha_images/eRL1.png	eRL1
981	static/captcha_images/ZcS3.png	ZcS3
982	static/captcha_images/h4WE.png	h4WE
983	static/captcha_images/9zRC.png	9zRC
984	static/captcha_images/GE8y.png	GE8y
985	static/captcha_images/wH4D.png	wH4D
986	static/captcha_images/4NsP.png	4NsP
987	static/captcha_images/DA8o.png	DA8o
988	static/captcha_images/E7It.png	E7It
989	static/captcha_images/M8Zo.png	M8Zo
990	static/captcha_images/3FoZ.png	3FoZ
991	static/captcha_images/zUW6.png	zUW6
992	static/captcha_images/1WdQ.png	1WdQ
993	static/captcha_images/uO3A.png	uO3A
994	static/captcha_images/Md2P.png	Md2P
995	static/captcha_images/3vPY.png	3vPY
996	static/captcha_images/K3Xw.png	K3Xw
997	static/captcha_images/6RYg.png	6RYg
998	static/captcha_images/s1LF.png	s1LF
999	static/captcha_images/vW9W.png	vW9W
1000	static/captcha_images/XW4h.png	XW4h
1001	static/captcha_images/iC6P.png	iC6P
1002	static/captcha_images/8PpY.png	8PpY
1003	static/captcha_images/4uOT.png	4uOT
1004	static/captcha_images/w5TQ.png	w5TQ
1005	static/captcha_images/Qn1A.png	Qn1A
1006	static/captcha_images/1TEt.png	1TEt
1007	static/captcha_images/zIE0.png	zIE0
1008	static/captcha_images/4FPt.png	4FPt
1009	static/captcha_images/dT0B.png	dT0B
1010	static/captcha_images/NoC4.png	NoC4
1011	static/captcha_images/1LtB.png	1LtB
1012	static/captcha_images/G0Cx.png	G0Cx
1013	static/captcha_images/No8T.png	No8T
1014	static/captcha_images/e6NH.png	e6NH
1015	static/captcha_images/RdC1.png	RdC1
1016	static/captcha_images/PhT3.png	PhT3
1017	static/captcha_images/jCF7.png	jCF7
1018	static/captcha_images/CLr5.png	CLr5
1019	static/captcha_images/v5RC.png	v5RC
1020	static/captcha_images/6EzK.png	6EzK
1021	static/captcha_images/1FPq.png	1FPq
1022	static/captcha_images/pL7P.png	pL7P
1023	static/captcha_images/0SKy.png	0SKy
1024	static/captcha_images/xU5U.png	xU5U
1025	static/captcha_images/3KKa.png	3KKa
1026	static/captcha_images/4JTi.png	4JTi
1027	static/captcha_images/4YFb.png	4YFb
1028	static/captcha_images/9tNL.png	9tNL
1029	static/captcha_images/4EEp.png	4EEp
1030	static/captcha_images/SbQ7.png	SbQ7
1031	static/captcha_images/u5JR.png	u5JR
1032	static/captcha_images/rQ5R.png	rQ5R
1033	static/captcha_images/4sBZ.png	4sBZ
1034	static/captcha_images/L6Um.png	L6Um
1035	static/captcha_images/Px7N.png	Px7N
1036	static/captcha_images/J2cX.png	J2cX
1037	static/captcha_images/Bl4T.png	Bl4T
1038	static/captcha_images/Th4X.png	Th4X
1039	static/captcha_images/7YUr.png	7YUr
1040	static/captcha_images/8LXu.png	8LXu
1041	static/captcha_images/gG7H.png	gG7H
1042	static/captcha_images/N1Jd.png	N1Jd
1043	static/captcha_images/1bCG.png	1bCG
1044	static/captcha_images/7zTH.png	7zTH
1045	static/captcha_images/LLe4.png	LLe4
1046	static/captcha_images/FY4q.png	FY4q
1047	static/captcha_images/V7Hz.png	V7Hz
1048	static/captcha_images/A1Ou.png	A1Ou
1049	static/captcha_images/BzY8.png	BzY8
1050	static/captcha_images/IzS4.png	IzS4
1051	static/captcha_images/Ws7T.png	Ws7T
1052	static/captcha_images/T6Xl.png	T6Xl
1053	static/captcha_images/XxG9.png	XxG9
1054	static/captcha_images/SmF0.png	SmF0
1055	static/captcha_images/Wu3E.png	Wu3E
1056	static/captcha_images/G2qE.png	G2qE
1057	static/captcha_images/fDG6.png	fDG6
1058	static/captcha_images/iNC5.png	iNC5
1059	static/captcha_images/s7YM.png	s7YM
1060	static/captcha_images/qOH6.png	qOH6
1061	static/captcha_images/SD1q.png	SD1q
1062	static/captcha_images/L5gL.png	L5gL
1063	static/captcha_images/dZQ1.png	dZQ1
1064	static/captcha_images/6BtS.png	6BtS
1065	static/captcha_images/FIy9.png	FIy9
1066	static/captcha_images/7QpZ.png	7QpZ
1067	static/captcha_images/Og5U.png	Og5U
1068	static/captcha_images/bB0O.png	bB0O
1069	static/captcha_images/8fXY.png	8fXY
1070	static/captcha_images/T3Nr.png	T3Nr
1071	static/captcha_images/WG9t.png	WG9t
1072	static/captcha_images/b6LP.png	b6LP
1073	static/captcha_images/Ul8M.png	Ul8M
1074	static/captcha_images/6HiW.png	6HiW
1075	static/captcha_images/D3Jy.png	D3Jy
1076	static/captcha_images/6ReA.png	6ReA
1077	static/captcha_images/3SeD.png	3SeD
1078	static/captcha_images/J3mZ.png	J3mZ
1079	static/captcha_images/l9IZ.png	l9IZ
1080	static/captcha_images/QWc1.png	QWc1
1081	static/captcha_images/MNh3.png	MNh3
1082	static/captcha_images/nPR6.png	nPR6
1083	static/captcha_images/1BTv.png	1BTv
1084	static/captcha_images/G8Xq.png	G8Xq
1085	static/captcha_images/JCm0.png	JCm0
1086	static/captcha_images/4LcT.png	4LcT
1087	static/captcha_images/K4Xk.png	K4Xk
1088	static/captcha_images/AXz9.png	AXz9
1089	static/captcha_images/4oUP.png	4oUP
1090	static/captcha_images/FxR0.png	FxR0
1091	static/captcha_images/4UaI.png	4UaI
1092	static/captcha_images/AM0b.png	AM0b
1093	static/captcha_images/Ky4L.png	Ky4L
1094	static/captcha_images/CN8v.png	CN8v
1095	static/captcha_images/Z9uG.png	Z9uG
1096	static/captcha_images/MsB3.png	MsB3
1097	static/captcha_images/HSx5.png	HSx5
1098	static/captcha_images/C1Ak.png	C1Ak
1099	static/captcha_images/cK9T.png	cK9T
1100	static/captcha_images/1XJx.png	1XJx
1101	static/captcha_images/WQ9n.png	WQ9n
1102	static/captcha_images/h8BI.png	h8BI
1103	static/captcha_images/1WXo.png	1WXo
1104	static/captcha_images/RB0r.png	RB0r
1105	static/captcha_images/B2Vy.png	B2Vy
1106	static/captcha_images/6mFA.png	6mFA
1107	static/captcha_images/gOV1.png	gOV1
1108	static/captcha_images/7LeI.png	7LeI
1109	static/captcha_images/G5nQ.png	G5nQ
1110	static/captcha_images/2cUQ.png	2cUQ
1111	static/captcha_images/G1kL.png	G1kL
1112	static/captcha_images/U4jP.png	U4jP
1113	static/captcha_images/9OFc.png	9OFc
1114	static/captcha_images/Qh5X.png	Qh5X
1115	static/captcha_images/X2vL.png	X2vL
1116	static/captcha_images/DXi4.png	DXi4
1117	static/captcha_images/Gr4V.png	Gr4V
1118	static/captcha_images/aRY8.png	aRY8
1119	static/captcha_images/SGi0.png	SGi0
1120	static/captcha_images/w3MF.png	w3MF
1121	static/captcha_images/Tk9A.png	Tk9A
1122	static/captcha_images/8nCW.png	8nCW
1123	static/captcha_images/0LvT.png	0LvT
1124	static/captcha_images/E3gY.png	E3gY
1125	static/captcha_images/FvI5.png	FvI5
1126	static/captcha_images/V1Vj.png	V1Vj
1127	static/captcha_images/mAX9.png	mAX9
1128	static/captcha_images/tP8M.png	tP8M
1129	static/captcha_images/1HqY.png	1HqY
1130	static/captcha_images/c8ZU.png	c8ZU
1131	static/captcha_images/gRS8.png	gRS8
1132	static/captcha_images/rMT8.png	rMT8
1133	static/captcha_images/Qz2P.png	Qz2P
1134	static/captcha_images/iGG4.png	iGG4
1135	static/captcha_images/HTv2.png	HTv2
1136	static/captcha_images/hUR5.png	hUR5
1137	static/captcha_images/IWg4.png	IWg4
1138	static/captcha_images/dZ5T.png	dZ5T
1139	static/captcha_images/QDm9.png	QDm9
1140	static/captcha_images/nFL0.png	nFL0
1141	static/captcha_images/YGu3.png	YGu3
1142	static/captcha_images/Uf3X.png	Uf3X
1143	static/captcha_images/9AgI.png	9AgI
1144	static/captcha_images/DK2b.png	DK2b
1145	static/captcha_images/2RvH.png	2RvH
1146	static/captcha_images/Ur2F.png	Ur2F
1147	static/captcha_images/9yJG.png	9yJG
1148	static/captcha_images/HTz6.png	HTz6
1149	static/captcha_images/1JiH.png	1JiH
1150	static/captcha_images/1DyM.png	1DyM
1151	static/captcha_images/3UeB.png	3UeB
1152	static/captcha_images/SIg2.png	SIg2
1153	static/captcha_images/M3Ny.png	M3Ny
1154	static/captcha_images/0cAF.png	0cAF
1155	static/captcha_images/cUU5.png	cUU5
1156	static/captcha_images/NXm8.png	NXm8
1157	static/captcha_images/HPh9.png	HPh9
1158	static/captcha_images/1OxT.png	1OxT
1159	static/captcha_images/6wMD.png	6wMD
1160	static/captcha_images/DL8t.png	DL8t
1161	static/captcha_images/Eb3B.png	Eb3B
1162	static/captcha_images/1QmO.png	1QmO
1163	static/captcha_images/Y6cK.png	Y6cK
1164	static/captcha_images/n4PG.png	n4PG
1165	static/captcha_images/gL1B.png	gL1B
1166	static/captcha_images/1kPF.png	1kPF
1167	static/captcha_images/WpJ2.png	WpJ2
1168	static/captcha_images/9eXG.png	9eXG
1169	static/captcha_images/a6ZY.png	a6ZY
1170	static/captcha_images/EU0f.png	EU0f
1171	static/captcha_images/6QvS.png	6QvS
1172	static/captcha_images/YjR3.png	YjR3
1173	static/captcha_images/YC3k.png	YC3k
1174	static/captcha_images/Fn1L.png	Fn1L
1175	static/captcha_images/tEQ4.png	tEQ4
1176	static/captcha_images/JI9c.png	JI9c
1177	static/captcha_images/OxS4.png	OxS4
1178	static/captcha_images/NNm9.png	NNm9
1179	static/captcha_images/3RCa.png	3RCa
1180	static/captcha_images/D9Fs.png	D9Fs
1181	static/captcha_images/5hPE.png	5hPE
1182	static/captcha_images/Z0wM.png	Z0wM
1183	static/captcha_images/1BpK.png	1BpK
1184	static/captcha_images/4HHv.png	4HHv
1185	static/captcha_images/YaB7.png	YaB7
1186	static/captcha_images/W7Xg.png	W7Xg
1187	static/captcha_images/nS6L.png	nS6L
1188	static/captcha_images/nSQ0.png	nSQ0
1189	static/captcha_images/Mv4R.png	Mv4R
1190	static/captcha_images/A0Jj.png	A0Jj
1191	static/captcha_images/c7UL.png	c7UL
1192	static/captcha_images/BKx8.png	BKx8
1193	static/captcha_images/dC1R.png	dC1R
1194	static/captcha_images/Xc4L.png	Xc4L
1195	static/captcha_images/Jm9T.png	Jm9T
1196	static/captcha_images/Q8wI.png	Q8wI
1197	static/captcha_images/ObA1.png	ObA1
1198	static/captcha_images/3FdW.png	3FdW
1199	static/captcha_images/1qLV.png	1qLV
1200	static/captcha_images/SsT8.png	SsT8
1201	static/captcha_images/H3Ax.png	H3Ax
1202	static/captcha_images/X4Vj.png	X4Vj
1203	static/captcha_images/0nUW.png	0nUW
1204	static/captcha_images/b5ZT.png	b5ZT
1205	static/captcha_images/A8cE.png	A8cE
1206	static/captcha_images/3XAr.png	3XAr
1207	static/captcha_images/6UuC.png	6UuC
1208	static/captcha_images/GW9u.png	GW9u
1209	static/captcha_images/v2NA.png	v2NA
1210	static/captcha_images/KGd1.png	KGd1
1211	static/captcha_images/O3sV.png	O3sV
1212	static/captcha_images/OiF1.png	OiF1
1213	static/captcha_images/x4WT.png	x4WT
1214	static/captcha_images/6IpG.png	6IpG
1215	static/captcha_images/8ZjU.png	8ZjU
1216	static/captcha_images/3UzO.png	3UzO
1217	static/captcha_images/h6OK.png	h6OK
1218	static/captcha_images/1rQQ.png	1rQQ
1219	static/captcha_images/3ChG.png	3ChG
1220	static/captcha_images/MVt5.png	MVt5
1221	static/captcha_images/7oUK.png	7oUK
1222	static/captcha_images/v3ZY.png	v3ZY
1223	static/captcha_images/Q3Ki.png	Q3Ki
1224	static/captcha_images/KR7n.png	KR7n
1225	static/captcha_images/eAJ6.png	eAJ6
1226	static/captcha_images/uP2U.png	uP2U
1227	static/captcha_images/XD7e.png	XD7e
1228	static/captcha_images/H8jZ.png	H8jZ
1229	static/captcha_images/O5dU.png	O5dU
1230	static/captcha_images/1IFz.png	1IFz
1231	static/captcha_images/GQ6t.png	GQ6t
1232	static/captcha_images/Hk9V.png	Hk9V
1233	static/captcha_images/r9GI.png	r9GI
1234	static/captcha_images/C9Yq.png	C9Yq
1235	static/captcha_images/Eb6E.png	Eb6E
1236	static/captcha_images/T9Hm.png	T9Hm
1237	static/captcha_images/eWY0.png	eWY0
1238	static/captcha_images/PZn7.png	PZn7
1239	static/captcha_images/8AZc.png	8AZc
1240	static/captcha_images/4NVx.png	4NVx
1241	static/captcha_images/bVD5.png	bVD5
1242	static/captcha_images/9IOv.png	9IOv
1243	static/captcha_images/9aPX.png	9aPX
1244	static/captcha_images/2ADw.png	2ADw
1245	static/captcha_images/ZY6g.png	ZY6g
1246	static/captcha_images/lTN2.png	lTN2
1247	static/captcha_images/aZV4.png	aZV4
1248	static/captcha_images/9DnD.png	9DnD
1249	static/captcha_images/n4MT.png	n4MT
1250	static/captcha_images/2qLW.png	2qLW
1251	static/captcha_images/LS8j.png	LS8j
1252	static/captcha_images/4LeQ.png	4LeQ
1253	static/captcha_images/9CVe.png	9CVe
1254	static/captcha_images/KB1v.png	KB1v
1255	static/captcha_images/8YYz.png	8YYz
1256	static/captcha_images/C0uK.png	C0uK
1257	static/captcha_images/UAz7.png	UAz7
1258	static/captcha_images/6aHW.png	6aHW
1259	static/captcha_images/iA9N.png	iA9N
1260	static/captcha_images/Dv0P.png	Dv0P
1261	static/captcha_images/9GBr.png	9GBr
1262	static/captcha_images/BZ6n.png	BZ6n
1263	static/captcha_images/3OrA.png	3OrA
1264	static/captcha_images/4RDj.png	4RDj
1265	static/captcha_images/5NdK.png	5NdK
1266	static/captcha_images/C0gI.png	C0gI
1267	static/captcha_images/HiF6.png	HiF6
1268	static/captcha_images/fC1C.png	fC1C
1269	static/captcha_images/7ONk.png	7ONk
1270	static/captcha_images/XFz9.png	XFz9
1271	static/captcha_images/ZDk5.png	ZDk5
1272	static/captcha_images/dOH1.png	dOH1
1273	static/captcha_images/0jYY.png	0jYY
1274	static/captcha_images/PqR4.png	PqR4
1275	static/captcha_images/h6HU.png	h6HU
1276	static/captcha_images/5NfB.png	5NfB
1277	static/captcha_images/9xYK.png	9xYK
1278	static/captcha_images/zYB8.png	zYB8
1279	static/captcha_images/KMk5.png	KMk5
1280	static/captcha_images/U3Ld.png	U3Ld
1281	static/captcha_images/Xi4R.png	Xi4R
1282	static/captcha_images/vS0O.png	vS0O
1283	static/captcha_images/BtS1.png	BtS1
1284	static/captcha_images/0NqX.png	0NqX
1285	static/captcha_images/2EEp.png	2EEp
1286	static/captcha_images/j6VO.png	j6VO
1287	static/captcha_images/W2mR.png	W2mR
1288	static/captcha_images/GTl6.png	GTl6
1289	static/captcha_images/QD7u.png	QD7u
1290	static/captcha_images/D4Tn.png	D4Tn
1291	static/captcha_images/2VmA.png	2VmA
1292	static/captcha_images/2KyX.png	2KyX
1293	static/captcha_images/w2QD.png	w2QD
1294	static/captcha_images/MjI6.png	MjI6
1295	static/captcha_images/Qt0W.png	Qt0W
1296	static/captcha_images/e2JI.png	e2JI
1297	static/captcha_images/NC6j.png	NC6j
1298	static/captcha_images/jEE4.png	jEE4
1299	static/captcha_images/Vw9Q.png	Vw9Q
1300	static/captcha_images/BbE9.png	BbE9
1301	static/captcha_images/3wRG.png	3wRG
1302	static/captcha_images/8VXa.png	8VXa
1303	static/captcha_images/0PmW.png	0PmW
1304	static/captcha_images/7ZfF.png	7ZfF
1305	static/captcha_images/A6jR.png	A6jR
1306	static/captcha_images/OIl8.png	OIl8
1307	static/captcha_images/j7TZ.png	j7TZ
1308	static/captcha_images/s3HP.png	s3HP
1309	static/captcha_images/Gl1N.png	Gl1N
1310	static/captcha_images/1ACn.png	1ACn
1311	static/captcha_images/YUr8.png	YUr8
1312	static/captcha_images/WKx2.png	WKx2
1313	static/captcha_images/0BwG.png	0BwG
1314	static/captcha_images/3VHg.png	3VHg
1315	static/captcha_images/zO2S.png	zO2S
1316	static/captcha_images/T5zK.png	T5zK
1317	static/captcha_images/UPr3.png	UPr3
1318	static/captcha_images/U0mL.png	U0mL
1319	static/captcha_images/W8bV.png	W8bV
1320	static/captcha_images/IN0v.png	IN0v
1321	static/captcha_images/7mVH.png	7mVH
1322	static/captcha_images/6aKP.png	6aKP
1323	static/captcha_images/4DOh.png	4DOh
1324	static/captcha_images/I2jZ.png	I2jZ
1325	static/captcha_images/5aGY.png	5aGY
1326	static/captcha_images/Db8W.png	Db8W
1327	static/captcha_images/LEv9.png	LEv9
1328	static/captcha_images/Q7nD.png	Q7nD
1329	static/captcha_images/El3J.png	El3J
1330	static/captcha_images/Qq3N.png	Qq3N
1331	static/captcha_images/U1mI.png	U1mI
1332	static/captcha_images/rF5A.png	rF5A
1333	static/captcha_images/T0Bv.png	T0Bv
1334	static/captcha_images/uXU1.png	uXU1
1335	static/captcha_images/u9UU.png	u9UU
1336	static/captcha_images/r3JM.png	r3JM
1337	static/captcha_images/7RoX.png	7RoX
1338	static/captcha_images/WY9g.png	WY9g
1339	static/captcha_images/3AsO.png	3AsO
1340	static/captcha_images/y7ZM.png	y7ZM
1341	static/captcha_images/T6Qr.png	T6Qr
1342	static/captcha_images/pFR7.png	pFR7
1343	static/captcha_images/M9tP.png	M9tP
1344	static/captcha_images/5ZVo.png	5ZVo
1345	static/captcha_images/Xy2D.png	Xy2D
1346	static/captcha_images/vK6H.png	vK6H
1347	static/captcha_images/7WzZ.png	7WzZ
1348	static/captcha_images/8lBQ.png	8lBQ
1349	static/captcha_images/hJ8V.png	hJ8V
1350	static/captcha_images/1OgS.png	1OgS
1351	static/captcha_images/4GwP.png	4GwP
1352	static/captcha_images/2mZB.png	2mZB
1353	static/captcha_images/D0Jg.png	D0Jg
1354	static/captcha_images/T4tD.png	T4tD
1355	static/captcha_images/0DsH.png	0DsH
1356	static/captcha_images/v2KZ.png	v2KZ
1357	static/captcha_images/XDy3.png	XDy3
1358	static/captcha_images/K9uK.png	K9uK
1359	static/captcha_images/dYR7.png	dYR7
1360	static/captcha_images/bNT3.png	bNT3
1361	static/captcha_images/1FaM.png	1FaM
1362	static/captcha_images/o8KV.png	o8KV
1363	static/captcha_images/Q5Gt.png	Q5Gt
1364	static/captcha_images/E7dI.png	E7dI
1365	static/captcha_images/IvX2.png	IvX2
1366	static/captcha_images/JMp9.png	JMp9
1367	static/captcha_images/g9UH.png	g9UH
1368	static/captcha_images/oO6H.png	oO6H
1369	static/captcha_images/W6aU.png	W6aU
1370	static/captcha_images/Dg5X.png	Dg5X
1371	static/captcha_images/bD5Z.png	bD5Z
1372	static/captcha_images/U4cG.png	U4cG
1373	static/captcha_images/3bZA.png	3bZA
1374	static/captcha_images/YaT6.png	YaT6
1375	static/captcha_images/AAc3.png	AAc3
1376	static/captcha_images/Un9X.png	Un9X
1377	static/captcha_images/z9AS.png	z9AS
1378	static/captcha_images/HHg1.png	HHg1
1379	static/captcha_images/OtP5.png	OtP5
1380	static/captcha_images/fBA4.png	fBA4
1381	static/captcha_images/DSo9.png	DSo9
1382	static/captcha_images/2ELw.png	2ELw
1383	static/captcha_images/X2My.png	X2My
1384	static/captcha_images/Oh9C.png	Oh9C
1385	static/captcha_images/QuF6.png	QuF6
1386	static/captcha_images/Pb6Z.png	Pb6Z
1387	static/captcha_images/Hw1M.png	Hw1M
1388	static/captcha_images/FJz4.png	FJz4
1389	static/captcha_images/9JkQ.png	9JkQ
1390	static/captcha_images/gG4Y.png	gG4Y
1391	static/captcha_images/LuD6.png	LuD6
1392	static/captcha_images/BmG4.png	BmG4
1393	static/captcha_images/UmA4.png	UmA4
1394	static/captcha_images/1WCv.png	1WCv
1395	static/captcha_images/0VvQ.png	0VvQ
1396	static/captcha_images/Vn4I.png	Vn4I
1397	static/captcha_images/4YOk.png	4YOk
1398	static/captcha_images/9EVb.png	9EVb
1399	static/captcha_images/E5kT.png	E5kT
1400	static/captcha_images/0GpJ.png	0GpJ
1401	static/captcha_images/Q4Gf.png	Q4Gf
1402	static/captcha_images/K2Cl.png	K2Cl
1403	static/captcha_images/6zEQ.png	6zEQ
1404	static/captcha_images/RF0x.png	RF0x
1405	static/captcha_images/MBx8.png	MBx8
1406	static/captcha_images/5bQE.png	5bQE
1407	static/captcha_images/T6aY.png	T6aY
1408	static/captcha_images/BnR6.png	BnR6
1409	static/captcha_images/6KMm.png	6KMm
1410	static/captcha_images/Do4H.png	Do4H
1411	static/captcha_images/vVA8.png	vVA8
1412	static/captcha_images/Y5Km.png	Y5Km
1413	static/captcha_images/WjF3.png	WjF3
1414	static/captcha_images/BsK1.png	BsK1
1415	static/captcha_images/BBk5.png	BBk5
1416	static/captcha_images/yH3K.png	yH3K
1417	static/captcha_images/t9TA.png	t9TA
1418	static/captcha_images/6JjT.png	6JjT
1419	static/captcha_images/f4BW.png	f4BW
1420	static/captcha_images/JH3i.png	JH3i
1421	static/captcha_images/Pn7U.png	Pn7U
1422	static/captcha_images/E5vG.png	E5vG
1423	static/captcha_images/nEO6.png	nEO6
1424	static/captcha_images/j9RG.png	j9RG
1425	static/captcha_images/3ADw.png	3ADw
1426	static/captcha_images/hL8E.png	hL8E
1427	static/captcha_images/pIH6.png	pIH6
1428	static/captcha_images/q5ME.png	q5ME
1429	static/captcha_images/ZHa3.png	ZHa3
1430	static/captcha_images/gO2A.png	gO2A
1431	static/captcha_images/3FWh.png	3FWh
1432	static/captcha_images/vUB2.png	vUB2
1433	static/captcha_images/Y6fX.png	Y6fX
1434	static/captcha_images/XZd4.png	XZd4
1435	static/captcha_images/HLo1.png	HLo1
1436	static/captcha_images/iIP1.png	iIP1
1437	static/captcha_images/qR5V.png	qR5V
1438	static/captcha_images/Ya2M.png	Ya2M
1439	static/captcha_images/f5CF.png	f5CF
1440	static/captcha_images/E0Uc.png	E0Uc
1441	static/captcha_images/D3Qu.png	D3Qu
1442	static/captcha_images/RQ2f.png	RQ2f
1443	static/captcha_images/YuN7.png	YuN7
1444	static/captcha_images/1UsI.png	1UsI
1445	static/captcha_images/s9QL.png	s9QL
1446	static/captcha_images/UPc1.png	UPc1
1447	static/captcha_images/SpH1.png	SpH1
1448	static/captcha_images/6UIi.png	6UIi
1449	static/captcha_images/p4GG.png	p4GG
1450	static/captcha_images/vU5R.png	vU5R
1451	static/captcha_images/8mVQ.png	8mVQ
1452	static/captcha_images/Ir9A.png	Ir9A
1453	static/captcha_images/kG9D.png	kG9D
1454	static/captcha_images/QBh6.png	QBh6
1455	static/captcha_images/UVo1.png	UVo1
1456	static/captcha_images/Y3En.png	Y3En
1457	static/captcha_images/bHY4.png	bHY4
1458	static/captcha_images/iF8I.png	iF8I
1459	static/captcha_images/PlB7.png	PlB7
1460	static/captcha_images/z2EY.png	z2EY
1461	static/captcha_images/O4Ji.png	O4Ji
1462	static/captcha_images/iPN9.png	iPN9
1463	static/captcha_images/9DnO.png	9DnO
1464	static/captcha_images/tN5H.png	tN5H
1465	static/captcha_images/S1wS.png	S1wS
1466	static/captcha_images/1fZA.png	1fZA
1467	static/captcha_images/xYD2.png	xYD2
1468	static/captcha_images/5KFb.png	5KFb
1469	static/captcha_images/H1Vh.png	H1Vh
1470	static/captcha_images/Hp8P.png	Hp8P
1471	static/captcha_images/NbK9.png	NbK9
1472	static/captcha_images/FL5a.png	FL5a
1473	static/captcha_images/MHi8.png	MHi8
1474	static/captcha_images/X3uV.png	X3uV
1475	static/captcha_images/Fv5U.png	Fv5U
1476	static/captcha_images/hG3P.png	hG3P
1477	static/captcha_images/PkU6.png	PkU6
1478	static/captcha_images/5JzR.png	5JzR
1479	static/captcha_images/UA5q.png	UA5q
1480	static/captcha_images/N8aV.png	N8aV
1481	static/captcha_images/6nYP.png	6nYP
1482	static/captcha_images/UCc4.png	UCc4
1483	static/captcha_images/X8Eq.png	X8Eq
1484	static/captcha_images/mV7F.png	mV7F
1485	static/captcha_images/3iZS.png	3iZS
1486	static/captcha_images/e6IF.png	e6IF
1487	static/captcha_images/3KrB.png	3KrB
1488	static/captcha_images/pHI8.png	pHI8
1489	static/captcha_images/eK1R.png	eK1R
1490	static/captcha_images/Ss5U.png	Ss5U
1491	static/captcha_images/KQm8.png	KQm8
1492	static/captcha_images/fK8L.png	fK8L
1493	static/captcha_images/2NgB.png	2NgB
1494	static/captcha_images/1MQl.png	1MQl
1495	static/captcha_images/Qk0A.png	Qk0A
1496	static/captcha_images/ThJ1.png	ThJ1
1497	static/captcha_images/9SkV.png	9SkV
1498	static/captcha_images/NkL9.png	NkL9
1499	static/captcha_images/Z0zD.png	Z0zD
1500	static/captcha_images/U6nA.png	U6nA
1501	static/captcha_images/GzZ2.png	GzZ2
1502	static/captcha_images/EJ5s.png	EJ5s
1503	static/captcha_images/d9GD.png	d9GD
1504	static/captcha_images/dY2V.png	dY2V
1505	static/captcha_images/7sXH.png	7sXH
1506	static/captcha_images/8CvK.png	8CvK
1507	static/captcha_images/Nf9L.png	Nf9L
1508	static/captcha_images/yY0V.png	yY0V
1509	static/captcha_images/zY0E.png	zY0E
1510	static/captcha_images/IJn8.png	IJn8
1511	static/captcha_images/XrF5.png	XrF5
1512	static/captcha_images/Ub1T.png	Ub1T
1513	static/captcha_images/7UDf.png	7UDf
1514	static/captcha_images/xVW5.png	xVW5
1515	static/captcha_images/lUL9.png	lUL9
1516	static/captcha_images/sOO1.png	sOO1
1517	static/captcha_images/H0Ej.png	H0Ej
1518	static/captcha_images/fY3I.png	fY3I
1519	static/captcha_images/2HnF.png	2HnF
1520	static/captcha_images/qMJ6.png	qMJ6
1521	static/captcha_images/Co0Y.png	Co0Y
1522	static/captcha_images/F4fQ.png	F4fQ
1523	static/captcha_images/i4TX.png	i4TX
1524	static/captcha_images/RHg1.png	RHg1
1525	static/captcha_images/Jn4O.png	Jn4O
1526	static/captcha_images/W7Av.png	W7Av
1527	static/captcha_images/Qg3H.png	Qg3H
1528	static/captcha_images/dHR7.png	dHR7
1529	static/captcha_images/jE0Z.png	jE0Z
1530	static/captcha_images/c7FA.png	c7FA
1531	static/captcha_images/b7WC.png	b7WC
1532	static/captcha_images/kF1M.png	kF1M
1533	static/captcha_images/5PoZ.png	5PoZ
1534	static/captcha_images/ECb7.png	ECb7
1535	static/captcha_images/8INy.png	8INy
1536	static/captcha_images/DxL9.png	DxL9
1537	static/captcha_images/JJp8.png	JJp8
1538	static/captcha_images/6iAH.png	6iAH
1539	static/captcha_images/X8aS.png	X8aS
1540	static/captcha_images/iYW7.png	iYW7
1541	static/captcha_images/k6UZ.png	k6UZ
1542	static/captcha_images/1UWo.png	1UWo
1543	static/captcha_images/Ji7V.png	Ji7V
1544	static/captcha_images/7FCg.png	7FCg
1545	static/captcha_images/6bGX.png	6bGX
1546	static/captcha_images/Fr3I.png	Fr3I
1547	static/captcha_images/Rl2A.png	Rl2A
1548	static/captcha_images/mE9I.png	mE9I
1549	static/captcha_images/2RqG.png	2RqG
1550	static/captcha_images/u2TT.png	u2TT
1551	static/captcha_images/1JwX.png	1JwX
1552	static/captcha_images/5vXS.png	5vXS
1553	static/captcha_images/DV4y.png	DV4y
1554	static/captcha_images/AcL7.png	AcL7
1555	static/captcha_images/2IYf.png	2IYf
1556	static/captcha_images/d6GF.png	d6GF
1557	static/captcha_images/eQB8.png	eQB8
1558	static/captcha_images/VhT6.png	VhT6
1559	static/captcha_images/4XSa.png	4XSa
1560	static/captcha_images/V5rC.png	V5rC
1561	static/captcha_images/GA8v.png	GA8v
1562	static/captcha_images/6RIp.png	6RIp
1563	static/captcha_images/rB4B.png	rB4B
1564	static/captcha_images/3FaY.png	3FaY
1565	static/captcha_images/r2QQ.png	r2QQ
1566	static/captcha_images/9aYA.png	9aYA
1567	static/captcha_images/7KpN.png	7KpN
1568	static/captcha_images/7BBe.png	7BBe
1569	static/captcha_images/H8sR.png	H8sR
1570	static/captcha_images/8eRK.png	8eRK
1571	static/captcha_images/a5BO.png	a5BO
1572	static/captcha_images/7CgX.png	7CgX
1573	static/captcha_images/R1Qb.png	R1Qb
1574	static/captcha_images/rNZ0.png	rNZ0
1575	static/captcha_images/p2FH.png	p2FH
1576	static/captcha_images/z8DO.png	z8DO
1577	static/captcha_images/Zx5J.png	Zx5J
1578	static/captcha_images/6WjB.png	6WjB
1579	static/captcha_images/1dZH.png	1dZH
1580	static/captcha_images/8PfF.png	8PfF
1581	static/captcha_images/d8AE.png	d8AE
1582	static/captcha_images/1nFP.png	1nFP
1583	static/captcha_images/h9GG.png	h9GG
1584	static/captcha_images/O7Hl.png	O7Hl
1585	static/captcha_images/Ln6E.png	Ln6E
1586	static/captcha_images/XbF8.png	XbF8
1587	static/captcha_images/Y1Xf.png	Y1Xf
1588	static/captcha_images/R1Rl.png	R1Rl
1589	static/captcha_images/RtU6.png	RtU6
1590	static/captcha_images/Wf5N.png	Wf5N
1591	static/captcha_images/QaY1.png	QaY1
1592	static/captcha_images/yRX7.png	yRX7
1593	static/captcha_images/XY5j.png	XY5j
1594	static/captcha_images/6cGB.png	6cGB
1595	static/captcha_images/B1Jp.png	B1Jp
1596	static/captcha_images/6dNO.png	6dNO
1597	static/captcha_images/3NhQ.png	3NhQ
1598	static/captcha_images/Ij6T.png	Ij6T
1599	static/captcha_images/P2qX.png	P2qX
1600	static/captcha_images/N4Ht.png	N4Ht
1601	static/captcha_images/6mVQ.png	6mVQ
1602	static/captcha_images/LDn7.png	LDn7
1603	static/captcha_images/1AAx.png	1AAx
1604	static/captcha_images/b1HA.png	b1HA
1605	static/captcha_images/p5LN.png	p5LN
1606	static/captcha_images/1sHL.png	1sHL
1607	static/captcha_images/Xg8T.png	Xg8T
1608	static/captcha_images/I9oL.png	I9oL
1609	static/captcha_images/BPc1.png	BPc1
1610	static/captcha_images/YHa8.png	YHa8
1611	static/captcha_images/RiT2.png	RiT2
1612	static/captcha_images/nS1B.png	nS1B
1613	static/captcha_images/O8Pp.png	O8Pp
1614	static/captcha_images/s3WX.png	s3WX
1615	static/captcha_images/8YWn.png	8YWn
1616	static/captcha_images/5ZRk.png	5ZRk
1617	static/captcha_images/K0kP.png	K0kP
1618	static/captcha_images/Sy8T.png	Sy8T
1619	static/captcha_images/L9Zw.png	L9Zw
1620	static/captcha_images/kFB7.png	kFB7
1621	static/captcha_images/VlF7.png	VlF7
1622	static/captcha_images/1WGs.png	1WGs
1623	static/captcha_images/vHF4.png	vHF4
1624	static/captcha_images/Cl2Q.png	Cl2Q
1625	static/captcha_images/0YgK.png	0YgK
1626	static/captcha_images/7rTJ.png	7rTJ
1627	static/captcha_images/SXu8.png	SXu8
1628	static/captcha_images/7dRA.png	7dRA
1629	static/captcha_images/yC3A.png	yC3A
1630	static/captcha_images/3MEk.png	3MEk
1631	static/captcha_images/QI7m.png	QI7m
1632	static/captcha_images/OR5i.png	OR5i
1633	static/captcha_images/I8bL.png	I8bL
1634	static/captcha_images/Jc9B.png	Jc9B
1635	static/captcha_images/dB9U.png	dB9U
1636	static/captcha_images/2EQg.png	2EQg
1637	static/captcha_images/J0Id.png	J0Id
1638	static/captcha_images/7ObD.png	7ObD
1639	static/captcha_images/EXp7.png	EXp7
1640	static/captcha_images/JN2t.png	JN2t
1641	static/captcha_images/o4TR.png	o4TR
1642	static/captcha_images/DvF3.png	DvF3
1643	static/captcha_images/8HHz.png	8HHz
1644	static/captcha_images/qL8B.png	qL8B
1645	static/captcha_images/r3MN.png	r3MN
1646	static/captcha_images/Y3xY.png	Y3xY
1647	static/captcha_images/IFo5.png	IFo5
1648	static/captcha_images/I0lZ.png	I0lZ
1649	static/captcha_images/3xDP.png	3xDP
1650	static/captcha_images/E1Xn.png	E1Xn
1651	static/captcha_images/Fu4U.png	Fu4U
1652	static/captcha_images/Qw3C.png	Qw3C
1653	static/captcha_images/uI8K.png	uI8K
1654	static/captcha_images/XRi8.png	XRi8
1655	static/captcha_images/4JEh.png	4JEh
1656	static/captcha_images/E3kF.png	E3kF
1657	static/captcha_images/8ThD.png	8ThD
1658	static/captcha_images/w4ZI.png	w4ZI
1659	static/captcha_images/9JuA.png	9JuA
1660	static/captcha_images/LL8z.png	LL8z
1661	static/captcha_images/nIV2.png	nIV2
1662	static/captcha_images/W0lF.png	W0lF
1663	static/captcha_images/T5oH.png	T5oH
1664	static/captcha_images/IMt9.png	IMt9
1665	static/captcha_images/RN2s.png	RN2s
1666	static/captcha_images/oDV3.png	oDV3
1667	static/captcha_images/dON9.png	dON9
1668	static/captcha_images/bP7L.png	bP7L
1669	static/captcha_images/Ah2E.png	Ah2E
1670	static/captcha_images/A1wT.png	A1wT
1671	static/captcha_images/s2DJ.png	s2DJ
1672	static/captcha_images/zDE1.png	zDE1
1673	static/captcha_images/QFs4.png	QFs4
1674	static/captcha_images/fES6.png	fES6
1675	static/captcha_images/J2lF.png	J2lF
1676	static/captcha_images/1OlT.png	1OlT
1677	static/captcha_images/FvN2.png	FvN2
1678	static/captcha_images/iD2Y.png	iD2Y
1679	static/captcha_images/HR7j.png	HR7j
1680	static/captcha_images/YoT2.png	YoT2
1681	static/captcha_images/x7TT.png	x7TT
1682	static/captcha_images/LV6a.png	LV6a
1683	static/captcha_images/uN2N.png	uN2N
1684	static/captcha_images/Qn1Z.png	Qn1Z
1685	static/captcha_images/tS0P.png	tS0P
1686	static/captcha_images/1xCV.png	1xCV
1687	static/captcha_images/7CsZ.png	7CsZ
1688	static/captcha_images/oL9K.png	oL9K
1689	static/captcha_images/2TsQ.png	2TsQ
1690	static/captcha_images/FY5g.png	FY5g
1691	static/captcha_images/oSQ1.png	oSQ1
1692	static/captcha_images/OG8d.png	OG8d
1693	static/captcha_images/J1Ja.png	J1Ja
1694	static/captcha_images/2FvV.png	2FvV
1695	static/captcha_images/V3yX.png	V3yX
1696	static/captcha_images/ZqA8.png	ZqA8
1697	static/captcha_images/nV2N.png	nV2N
1698	static/captcha_images/uWV7.png	uWV7
1699	static/captcha_images/ZT8l.png	ZT8l
1700	static/captcha_images/1qYY.png	1qYY
1701	static/captcha_images/7ImE.png	7ImE
1702	static/captcha_images/F8pD.png	F8pD
1703	static/captcha_images/ExD6.png	ExD6
1704	static/captcha_images/L3Mv.png	L3Mv
1705	static/captcha_images/r4BO.png	r4BO
1706	static/captcha_images/wW9X.png	wW9X
1707	static/captcha_images/DuQ7.png	DuQ7
1708	static/captcha_images/Z3Kn.png	Z3Kn
1709	static/captcha_images/Hw8Q.png	Hw8Q
1710	static/captcha_images/4tOX.png	4tOX
1711	static/captcha_images/eU3I.png	eU3I
1712	static/captcha_images/Sl8T.png	Sl8T
1713	static/captcha_images/6SeE.png	6SeE
1714	static/captcha_images/Gl1K.png	Gl1K
1715	static/captcha_images/6LkE.png	6LkE
1716	static/captcha_images/g6DI.png	g6DI
1717	static/captcha_images/ATw0.png	ATw0
1718	static/captcha_images/9MTq.png	9MTq
1719	static/captcha_images/h1DX.png	h1DX
1720	static/captcha_images/wGX7.png	wGX7
1721	static/captcha_images/wWC6.png	wWC6
1722	static/captcha_images/1OUo.png	1OUo
1723	static/captcha_images/DW0q.png	DW0q
1724	static/captcha_images/QlI2.png	QlI2
1725	static/captcha_images/G8dR.png	G8dR
1726	static/captcha_images/Wi1S.png	Wi1S
1727	static/captcha_images/6lPI.png	6lPI
1728	static/captcha_images/j0OY.png	j0OY
1729	static/captcha_images/L0Eg.png	L0Eg
1730	static/captcha_images/4cKQ.png	4cKQ
1731	static/captcha_images/t8NC.png	t8NC
1732	static/captcha_images/g0PY.png	g0PY
1733	static/captcha_images/OMb3.png	OMb3
1734	static/captcha_images/C7Ew.png	C7Ew
1735	static/captcha_images/Tg4Y.png	Tg4Y
1736	static/captcha_images/fER7.png	fER7
1737	static/captcha_images/0FyZ.png	0FyZ
1738	static/captcha_images/BNh2.png	BNh2
1739	static/captcha_images/GqS0.png	GqS0
1740	static/captcha_images/F4Ju.png	F4Ju
1741	static/captcha_images/G0dL.png	G0dL
1742	static/captcha_images/j0BM.png	j0BM
1743	static/captcha_images/4jXZ.png	4jXZ
1744	static/captcha_images/2VuR.png	2VuR
1745	static/captcha_images/T3Mz.png	T3Mz
1746	static/captcha_images/Ld6J.png	Ld6J
1747	static/captcha_images/Jf4C.png	Jf4C
1748	static/captcha_images/iH6X.png	iH6X
1749	static/captcha_images/6aXV.png	6aXV
1750	static/captcha_images/v2BR.png	v2BR
1751	static/captcha_images/rQY5.png	rQY5
1752	static/captcha_images/O2Re.png	O2Re
1753	static/captcha_images/1pMO.png	1pMO
1754	static/captcha_images/8VCh.png	8VCh
1755	static/captcha_images/4nFS.png	4nFS
1756	static/captcha_images/bWE8.png	bWE8
1757	static/captcha_images/OL1f.png	OL1f
1758	static/captcha_images/SLx5.png	SLx5
1759	static/captcha_images/R3Dl.png	R3Dl
1760	static/captcha_images/5CkA.png	5CkA
1761	static/captcha_images/4GxX.png	4GxX
1762	static/captcha_images/7BDi.png	7BDi
1763	static/captcha_images/vC8P.png	vC8P
1764	static/captcha_images/Ny5U.png	Ny5U
1765	static/captcha_images/WQ9b.png	WQ9b
1766	static/captcha_images/l3PP.png	l3PP
1767	static/captcha_images/JCh7.png	JCh7
1768	static/captcha_images/bK0K.png	bK0K
1769	static/captcha_images/IP1l.png	IP1l
1770	static/captcha_images/8kKN.png	8kKN
1771	static/captcha_images/YY9b.png	YY9b
1772	static/captcha_images/bF9S.png	bF9S
1773	static/captcha_images/hZ0L.png	hZ0L
1774	static/captcha_images/g1OW.png	g1OW
1775	static/captcha_images/B2Rc.png	B2Rc
1776	static/captcha_images/9tSG.png	9tSG
1777	static/captcha_images/8qFB.png	8qFB
1778	static/captcha_images/z0MU.png	z0MU
1779	static/captcha_images/JnA7.png	JnA7
1780	static/captcha_images/T3aB.png	T3aB
1781	static/captcha_images/o6QB.png	o6QB
1782	static/captcha_images/QpW6.png	QpW6
1783	static/captcha_images/K0kW.png	K0kW
1784	static/captcha_images/L5tN.png	L5tN
1785	static/captcha_images/8FKj.png	8FKj
1786	static/captcha_images/4RFd.png	4RFd
1787	static/captcha_images/Z3hM.png	Z3hM
1788	static/captcha_images/Re1D.png	Re1D
1789	static/captcha_images/9yKV.png	9yKV
1790	static/captcha_images/K3mZ.png	K3mZ
1791	static/captcha_images/W6Zo.png	W6Zo
1792	static/captcha_images/Z2Cz.png	Z2Cz
1793	static/captcha_images/y0PL.png	y0PL
1794	static/captcha_images/4COw.png	4COw
1795	static/captcha_images/Jr1F.png	Jr1F
1796	static/captcha_images/4VkU.png	4VkU
1797	static/captcha_images/3ZcR.png	3ZcR
1798	static/captcha_images/9JAq.png	9JAq
1799	static/captcha_images/8UCz.png	8UCz
1800	static/captcha_images/NC6o.png	NC6o
1801	static/captcha_images/6GgA.png	6GgA
1802	static/captcha_images/B5mE.png	B5mE
1803	static/captcha_images/S9iD.png	S9iD
1804	static/captcha_images/lXY5.png	lXY5
1805	static/captcha_images/gDS3.png	gDS3
1806	static/captcha_images/dPL1.png	dPL1
1807	static/captcha_images/AV4d.png	AV4d
1808	static/captcha_images/1AcE.png	1AcE
1809	static/captcha_images/AJ7k.png	AJ7k
1810	static/captcha_images/w1RZ.png	w1RZ
1811	static/captcha_images/2iXR.png	2iXR
1812	static/captcha_images/5sMY.png	5sMY
1813	static/captcha_images/SwK5.png	SwK5
1814	static/captcha_images/sZ5M.png	sZ5M
1815	static/captcha_images/E1Gx.png	E1Gx
1816	static/captcha_images/Nu5H.png	Nu5H
1817	static/captcha_images/Pn3W.png	Pn3W
1818	static/captcha_images/FI5a.png	FI5a
1819	static/captcha_images/dNZ9.png	dNZ9
1820	static/captcha_images/Ya6D.png	Ya6D
1821	static/captcha_images/EP3q.png	EP3q
1822	static/captcha_images/Wt1G.png	Wt1G
1823	static/captcha_images/tEA2.png	tEA2
1824	static/captcha_images/HgF4.png	HgF4
1825	static/captcha_images/NX5x.png	NX5x
1826	static/captcha_images/K3Wm.png	K3Wm
1827	static/captcha_images/JYy0.png	JYy0
1828	static/captcha_images/W0Tt.png	W0Tt
1829	static/captcha_images/7PNi.png	7PNi
1830	static/captcha_images/1UkB.png	1UkB
1831	static/captcha_images/FEw8.png	FEw8
1832	static/captcha_images/6DpA.png	6DpA
1833	static/captcha_images/7AHo.png	7AHo
1834	static/captcha_images/WC1i.png	WC1i
1835	static/captcha_images/K3Dg.png	K3Dg
1836	static/captcha_images/a9WQ.png	a9WQ
1837	static/captcha_images/0xTC.png	0xTC
1838	static/captcha_images/w8FS.png	w8FS
1839	static/captcha_images/W3cR.png	W3cR
1840	static/captcha_images/jQH8.png	jQH8
1841	static/captcha_images/1qEF.png	1qEF
1842	static/captcha_images/6gEW.png	6gEW
1843	static/captcha_images/N3Xm.png	N3Xm
1844	static/captcha_images/fG4G.png	fG4G
1845	static/captcha_images/fN8X.png	fN8X
1846	static/captcha_images/R5cB.png	R5cB
1847	static/captcha_images/pSR3.png	pSR3
1848	static/captcha_images/8QuC.png	8QuC
1849	static/captcha_images/9QpC.png	9QpC
1850	static/captcha_images/j0WR.png	j0WR
1851	static/captcha_images/bDI2.png	bDI2
1852	static/captcha_images/1APx.png	1APx
1853	static/captcha_images/MzT9.png	MzT9
1854	static/captcha_images/gJZ9.png	gJZ9
1855	static/captcha_images/Oa0J.png	Oa0J
1856	static/captcha_images/pMY8.png	pMY8
1857	static/captcha_images/rSY6.png	rSY6
1858	static/captcha_images/9YzG.png	9YzG
1859	static/captcha_images/QVp1.png	QVp1
1860	static/captcha_images/3RoF.png	3RoF
1861	static/captcha_images/n9YX.png	n9YX
1862	static/captcha_images/bV9R.png	bV9R
1863	static/captcha_images/Z5Pb.png	Z5Pb
1864	static/captcha_images/Aj7L.png	Aj7L
1865	static/captcha_images/7lFZ.png	7lFZ
1866	static/captcha_images/FA1o.png	FA1o
1867	static/captcha_images/1AlY.png	1AlY
1868	static/captcha_images/2rIQ.png	2rIQ
1869	static/captcha_images/P8Nc.png	P8Nc
1870	static/captcha_images/Mg1F.png	Mg1F
1871	static/captcha_images/Ri3X.png	Ri3X
1872	static/captcha_images/WNj7.png	WNj7
1873	static/captcha_images/Or9K.png	Or9K
1874	static/captcha_images/Q7mY.png	Q7mY
1875	static/captcha_images/W8Vz.png	W8Vz
1876	static/captcha_images/zQI6.png	zQI6
1877	static/captcha_images/BlB5.png	BlB5
1878	static/captcha_images/V4Uc.png	V4Uc
1879	static/captcha_images/Dp9I.png	Dp9I
1880	static/captcha_images/pTR5.png	pTR5
1881	static/captcha_images/oQ3G.png	oQ3G
1882	static/captcha_images/3tTL.png	3tTL
1883	static/captcha_images/UUw8.png	UUw8
1884	static/captcha_images/INh2.png	INh2
1885	static/captcha_images/n2SD.png	n2SD
1886	static/captcha_images/Qz3B.png	Qz3B
1887	static/captcha_images/cQ7U.png	cQ7U
1888	static/captcha_images/Zp9C.png	Zp9C
1889	static/captcha_images/3OKl.png	3OKl
1890	static/captcha_images/1VcS.png	1VcS
1891	static/captcha_images/wN5A.png	wN5A
1892	static/captcha_images/STu2.png	STu2
1893	static/captcha_images/dW3K.png	dW3K
1894	static/captcha_images/XEu5.png	XEu5
1895	static/captcha_images/UlS8.png	UlS8
1896	static/captcha_images/ABx4.png	ABx4
1897	static/captcha_images/T3Hv.png	T3Hv
1898	static/captcha_images/U1xY.png	U1xY
1899	static/captcha_images/O1Fp.png	O1Fp
1900	static/captcha_images/5LjY.png	5LjY
1901	static/captcha_images/qI9S.png	qI9S
1902	static/captcha_images/gFO7.png	gFO7
1903	static/captcha_images/h6EY.png	h6EY
1904	static/captcha_images/YhZ6.png	YhZ6
1905	static/captcha_images/bL6A.png	bL6A
1906	static/captcha_images/zOD7.png	zOD7
1907	static/captcha_images/GeN3.png	GeN3
1908	static/captcha_images/v6QG.png	v6QG
1909	static/captcha_images/Bn5W.png	Bn5W
1910	static/captcha_images/QZ0n.png	QZ0n
1911	static/captcha_images/8NpR.png	8NpR
1912	static/captcha_images/b6PZ.png	b6PZ
1913	static/captcha_images/n8AP.png	n8AP
1914	static/captcha_images/V6oB.png	V6oB
1915	static/captcha_images/P7tS.png	P7tS
1916	static/captcha_images/6JjS.png	6JjS
1917	static/captcha_images/El8G.png	El8G
1918	static/captcha_images/4GQg.png	4GQg
1919	static/captcha_images/C4Mf.png	C4Mf
1920	static/captcha_images/9vVN.png	9vVN
1921	static/captcha_images/bK3X.png	bK3X
1922	static/captcha_images/ZY8o.png	ZY8o
1923	static/captcha_images/2dHB.png	2dHB
1924	static/captcha_images/z4BX.png	z4BX
1925	static/captcha_images/HI4l.png	HI4l
1926	static/captcha_images/k2TZ.png	k2TZ
1927	static/captcha_images/z0DN.png	z0DN
1928	static/captcha_images/8IKf.png	8IKf
1929	static/captcha_images/sLT4.png	sLT4
1930	static/captcha_images/OFe9.png	OFe9
1931	static/captcha_images/tRK4.png	tRK4
1932	static/captcha_images/Dw6N.png	Dw6N
1933	static/captcha_images/7VtH.png	7VtH
1934	static/captcha_images/QkX1.png	QkX1
1935	static/captcha_images/bFA1.png	bFA1
1936	static/captcha_images/uL6C.png	uL6C
1937	static/captcha_images/qC8L.png	qC8L
1938	static/captcha_images/4DyH.png	4DyH
1939	static/captcha_images/Ms0G.png	Ms0G
1940	static/captcha_images/VMn9.png	VMn9
1941	static/captcha_images/PcS7.png	PcS7
1942	static/captcha_images/RLu3.png	RLu3
1943	static/captcha_images/F9Rp.png	F9Rp
1944	static/captcha_images/Rn0A.png	Rn0A
1945	static/captcha_images/Ah1W.png	Ah1W
1946	static/captcha_images/pU4W.png	pU4W
1947	static/captcha_images/C8wP.png	C8wP
1948	static/captcha_images/uY9F.png	uY9F
1949	static/captcha_images/Ok9O.png	Ok9O
1950	static/captcha_images/Y3kJ.png	Y3kJ
1951	static/captcha_images/0yQC.png	0yQC
1952	static/captcha_images/8qZP.png	8qZP
1953	static/captcha_images/BHv7.png	BHv7
1954	static/captcha_images/3YiD.png	3YiD
1955	static/captcha_images/pOT9.png	pOT9
1956	static/captcha_images/Ya2C.png	Ya2C
1957	static/captcha_images/L0Gm.png	L0Gm
1958	static/captcha_images/2EuS.png	2EuS
1959	static/captcha_images/9pXV.png	9pXV
1960	static/captcha_images/d5IC.png	d5IC
1961	static/captcha_images/1mLC.png	1mLC
1962	static/captcha_images/JN6v.png	JN6v
1963	static/captcha_images/xD1P.png	xD1P
1964	static/captcha_images/B1cV.png	B1cV
1965	static/captcha_images/IpY8.png	IpY8
1966	static/captcha_images/rEH7.png	rEH7
1967	static/captcha_images/YeE5.png	YeE5
1968	static/captcha_images/LU0e.png	LU0e
1969	static/captcha_images/HK8q.png	HK8q
1970	static/captcha_images/yY4J.png	yY4J
1971	static/captcha_images/eP9J.png	eP9J
1972	static/captcha_images/FD7j.png	FD7j
1973	static/captcha_images/vX5B.png	vX5B
1974	static/captcha_images/4DdL.png	4DdL
1975	static/captcha_images/OHe5.png	OHe5
1976	static/captcha_images/L7vT.png	L7vT
1977	static/captcha_images/U6iJ.png	U6iJ
1978	static/captcha_images/GoE0.png	GoE0
1979	static/captcha_images/4ZkW.png	4ZkW
1980	static/captcha_images/1eWH.png	1eWH
1981	static/captcha_images/IRl1.png	IRl1
1982	static/captcha_images/4PPa.png	4PPa
1983	static/captcha_images/wI3V.png	wI3V
1984	static/captcha_images/OnE7.png	OnE7
1985	static/captcha_images/Bc9P.png	Bc9P
1986	static/captcha_images/8YNv.png	8YNv
1987	static/captcha_images/B3dK.png	B3dK
1988	static/captcha_images/JpJ5.png	JpJ5
1989	static/captcha_images/HNw1.png	HNw1
1990	static/captcha_images/U3yP.png	U3yP
1991	static/captcha_images/2fZN.png	2fZN
1992	static/captcha_images/hO1U.png	hO1U
1993	static/captcha_images/h5DP.png	h5DP
1994	static/captcha_images/ZmY9.png	ZmY9
1995	static/captcha_images/E3nT.png	E3nT
1996	static/captcha_images/1PYk.png	1PYk
1997	static/captcha_images/TvO8.png	TvO8
1998	static/captcha_images/Ry0I.png	Ry0I
1999	static/captcha_images/0WWh.png	0WWh
2000	static/captcha_images/8eGH.png	8eGH
\.


--
-- Data for Name: accounts_promocode; Type: TABLE DATA; Schema: public; Owner: postgres
--

COPY public.accounts_promocode (id, code, description, discount_amount, is_active, expiration_date, max_uses, times_used, created_at, updated_at) FROM stdin;
1	br12	save 12% with promo code	12	t	2024-03-05	0	0	2024-03-04 05:49:20.212213+02	2024-03-04 05:49:20.212213+02
\.


--
-- Data for Name: accounts_tip_data; Type: TABLE DATA; Schema: public; Owner: postgres
--

COPY public.accounts_tip_data (id, payer_id, invoice, created_at, updated_at) FROM stdin;
4	LS2NQE5XGWY5W	tip-iti-10-173-shehab-2024-03-29 14:45:06.168543+00:00	2024-03-29 16:45:19.361885+02	2024-03-29 16:45:19.361885+02
5	LS2NQE5XGWY5W	tip-iti-10-185-shehab-2024-04-01 06:27:15.131000+00:00	2024-04-01 08:27:31.574159+02	2024-04-01 08:27:31.574159+02
6	LS2NQE5XGWY5W	tip-iti-10-289-shehab-2024-04-14 14:14:01.999680+00:00	2024-04-14 16:14:21.222498+02	2024-04-14 16:14:21.222498+02
7	LS2NQE5XGWY5W	tip-iti-10-289-shehab-2024-04-14 14:20:54.774781+00:00	2024-04-14 16:21:12.440563+02	2024-04-14 16:21:12.440563+02
\.


--
-- Data for Name: accounts_tokenforpay; Type: TABLE DATA; Schema: public; Owner: postgres
--

COPY public.accounts_tokenforpay (id, token, user_id, created_at, updated_at, invoice) FROM stdin;
296	1ca5befa638ee16060f705fb927e	3	2024-04-20 15:14:23.879946+02	2024-04-20 15:14:23.879946+02	tft-5-P-1-5-?-?-?-0-0-0-0-0-0-North America-25.85-0-0-0-0-0-0-2024-04-20 13:14:23.870925+00:00
\.


--
-- Data for Name: accounts_transaction; Type: TABLE DATA; Schema: public; Owner: postgres
--

COPY public.accounts_transaction (id, amount, notice, status, date, type, order_id, tip_id, user_id) FROM stdin;
420	371.58	From BRONZE II 0-20 LP To PLATINUM III - League of Legends	New	2024-04-21 22:10:16.906114+02	WITHDRAWAL	349	\N	10
421	46.66	From BRONZE II 0-20 LP To PLATINUM III - League of Legends	Drop	2024-04-21 22:17:40.820074+02	DEPOSIT	349	\N	2
422	22.5	From SILVER III 0-20 RR To PLATINUM II - VALORANT	New	2024-04-22 05:50:54.75222+02	WITHDRAWAL	353	\N	1
423	35.09	From GOLD III 81-99 LP To PLATINUM III - League of Legends	Done	2024-04-26 07:47:22.814682+03	DEPOSIT	350	\N	2
424	7.87	From SILVER III 0-20 RR To PLATINUM II - VALORANT	Done	2024-04-26 07:48:07.572761+03	DEPOSIT	353	\N	2
425	7.87	From SILVER III 0-20 RR To PLATINUM II - VALORANT	Done	2024-04-26 07:50:41.965515+03	DEPOSIT	353	\N	2
426	55.82	From GOLD III 81-99 LP To PLATINUM III - League of Legends	Done	2024-04-26 07:51:38.332839+03	DEPOSIT	352	\N	2
427	16.45	From 0 RP To 1175 - World of Warcraft	Done	2024-04-26 08:17:50.252912+03	DEPOSIT	345	\N	2
428	91.73	From BRONZE II Marks 0 To PLATINUM III - Lol: Wild Rift	New	2024-05-02 12:04:02.397881+03	WITHDRAWAL	354	\N	1
429	10.44	Boosting of 3 Placement Games With Rank bronze - VALORANT	New	2024-05-06 11:09:53.032641+03	WITHDRAWAL	355	\N	1
430	32.11	From BRONZE II Marks 0 To PLATINUM III - Lol: Wild Rift	Done	2024-05-06 11:11:11.562822+03	DEPOSIT	354	\N	2
431	11.73	Boosting of 3 Placement Games With Rank bronze - League of Legends	New	2024-05-06 16:34:04.744661+03	WITHDRAWAL	356	\N	1
432	25.85	Boosting of 5 Placement Games With Rank bronze - 5.17 - Team Fight Tactics	New	2024-05-06 16:51:33.093135+03	WITHDRAWAL	357	\N	1
433	150	Boosting of 5 Placement Games With Rank elite - Mobile Legends	New	2024-05-06 16:55:31.180032+03	WITHDRAWAL	358	\N	1
435	19.4	Boosting of 10 Placement Games With Rank archon - Dota 2	New	2024-05-06 17:16:00.784921+03	WITHDRAWAL	360	\N	1
436	17.46	Boosting of 9 Placement Games With Rank archon - Dota 2	New	2024-05-06 17:17:19.656097+03	WITHDRAWAL	361	\N	1
437	20.15	Boosting of 5 Placement Games With Rank gold - 4.03$ - Rocket League	New	2024-05-06 17:50:52.442481+03	WITHDRAWAL	362	\N	1
438	100.75	Seasonal Reward Boosting by 5 Wins With Rank supersonic legend - 20.15$ - Rocket League	New	2024-05-06 18:04:06.729135+03	WITHDRAWAL	363	\N	1
439	69.25	Boosting of 5 Placement Games With Last Rank diamond - Overwatch 2	New	2024-05-06 18:28:21.178074+03	WITHDRAWAL	364	\N	1
440	218.5	From GOLD III points 0 To CROWN II - Pubg Mobile	New	2024-05-12 10:42:36.624979+03	WITHDRAWAL	365	\N	1
441	309.5	From GOLD III points 0 To ACE II - Pubg Mobile	New	2024-05-12 11:15:13.760306+03	WITHDRAWAL	366	\N	1
442	510.68	From GOLD III points 0 To ACE II - Pubg Mobile	New	2024-05-12 11:15:27.010113+03	WITHDRAWAL	367	\N	1
443	22.5	From SILVER III 0-20 RR To PLATINUM II - VALORANT	New	2024-05-12 14:32:57.330954+03	WITHDRAWAL	368	\N	1
444	22.5	From SILVER III 0-20 RR To PLATINUM II - VALORANT	New	2024-05-12 14:33:34.130779+03	WITHDRAWAL	369	\N	1
445	90.75	From SILVER III 0-20 RR To ASCENDANT II - VALORANT	New	2024-05-12 14:34:44.868812+03	WITHDRAWAL	370	\N	1
446	218.5	From GOLD III points 0 To CROWN II - Pubg Mobile	New	2024-05-12 14:39:45.804472+03	WITHDRAWAL	371	\N	1
447	454.76	From SILVER II Marks 0 To DIAMOND III - Lol: Wild Rift	New	2024-05-12 15:19:01.488571+03	WITHDRAWAL	373	\N	1
448	164.83	From BRONZE II Marks 0 To EMERALD III - Lol: Wild Rift	New	2024-05-12 15:19:58.572511+03	WITHDRAWAL	374	\N	1
449	144.93	From SILVER II Marks 0 To EMERALD III - Lol: Wild Rift	New	2024-05-12 15:22:47.768694+03	WITHDRAWAL	375	\N	1
450	218.5	From GOLD III points 0 To CROWN II - Pubg Mobile	New	2024-05-12 17:28:19.984941+03	WITHDRAWAL	376	\N	1
451	309.5	From GOLD III points 0 To ACE II - Pubg Mobile	New	2024-05-12 17:29:14.031436+03	WITHDRAWAL	377	\N	1
452	309.5	From GOLD III points 0 To ACE II - Pubg Mobile	New	2024-05-12 17:37:18.550699+03	WITHDRAWAL	378	\N	1
453	309.5	From GOLD III points 0 To ACE II - Pubg Mobile	New	2024-05-26 06:28:46.516841+03	WITHDRAWAL	379	\N	1
454	57.5	From GOLD III points 0 To PLATINUM II - Pubg Mobile	New	2024-05-29 09:39:27.174916+03	WITHDRAWAL	380	\N	1
455	57.5	From GOLD III points 0 To PLATINUM II - Pubg Mobile	New	2024-05-29 09:39:27.767565+03	WITHDRAWAL	381	\N	1
456	57.5	From GOLD III points 0 To PLATINUM II - Pubg Mobile	New	2024-05-29 09:39:27.967415+03	WITHDRAWAL	382	\N	1
457	46.38	From GOLD III points 0 To DIAMOND II - Pubg Mobile	Done	2024-05-30 20:52:53.584875+03	DEPOSIT	348	\N	2
458	1.53	Boosting of 3 Placement Games With Rank bronze - VALORANT	Done	2024-05-30 20:59:03.020106+03	DEPOSIT	355	\N	2
\.


--
-- Data for Name: accounts_wallet; Type: TABLE DATA; Schema: public; Owner: postgres
--

COPY public.accounts_wallet (id, money, user_id) FROM stdin;
73	0	62
34	0	27
36	0	15
37	0	13
38	0	3
74	0	63
41	0	19
42	0	22
44	0	24
75	0	64
76	0	65
45	0	25
46	0	26
47	0	21
77	0	66
48	0	23
40	371.58	10
50	0	30
51	0	31
53	0	34
54	0	35
78	0	67
33	4035.81	1
43	249.77489999999997	2
62	0	50
64	0	52
\.


--
-- Data for Name: auth_group; Type: TABLE DATA; Schema: public; Owner: postgres
--

COPY public.auth_group (id, name) FROM stdin;
\.


--
-- Data for Name: auth_group_permissions; Type: TABLE DATA; Schema: public; Owner: postgres
--

COPY public.auth_group_permissions (id, group_id, permission_id) FROM stdin;
\.


--
-- Data for Name: auth_permission; Type: TABLE DATA; Schema: public; Owner: postgres
--

COPY public.auth_permission (id, name, content_type_id, codename) FROM stdin;
1	Can add log entry	1	add_logentry
2	Can change log entry	1	change_logentry
3	Can delete log entry	1	delete_logentry
4	Can view log entry	1	view_logentry
5	Can add permission	2	add_permission
6	Can change permission	2	change_permission
7	Can delete permission	2	delete_permission
8	Can view permission	2	view_permission
9	Can add group	3	add_group
10	Can change group	3	change_group
11	Can delete group	3	delete_group
12	Can view group	3	view_group
13	Can add content type	4	add_contenttype
14	Can change content type	4	change_contenttype
15	Can delete content type	4	delete_contenttype
16	Can view content type	4	view_contenttype
17	Can add session	5	add_session
18	Can change session	5	change_session
19	Can delete session	5	delete_session
20	Can view session	5	view_session
21	Can add booster	6	add_booster
22	Can change booster	6	change_booster
23	Can delete booster	6	delete_booster
24	Can view booster	6	view_booster
25	Can add order rating	7	add_orderrating
26	Can change order rating	7	change_orderrating
27	Can delete order rating	7	delete_orderrating
28	Can view order rating	7	view_orderrating
29	Can add wild rift rank	8	add_wildriftrank
30	Can change wild rift rank	8	change_wildriftrank
31	Can delete wild rift rank	8	delete_wildriftrank
32	Can view wild rift rank	8	view_wildriftrank
33	Can add wild rift tier	9	add_wildrifttier
34	Can change wild rift tier	9	change_wildrifttier
35	Can delete wild rift tier	9	delete_wildrifttier
36	Can view wild rift tier	9	view_wildrifttier
37	Can add wild rift mark	10	add_wildriftmark
38	Can change wild rift mark	10	change_wildriftmark
39	Can delete wild rift mark	10	delete_wildriftmark
40	Can view wild rift mark	10	view_wildriftmark
41	Can add wild rift division order	11	add_wildriftdivisionorder
42	Can change wild rift division order	11	change_wildriftdivisionorder
43	Can delete wild rift division order	11	delete_wildriftdivisionorder
44	Can view wild rift division order	11	view_wildriftdivisionorder
45	Can add valorant placement	12	add_valorantplacement
46	Can change valorant placement	12	change_valorantplacement
47	Can delete valorant placement	12	delete_valorantplacement
48	Can view valorant placement	12	view_valorantplacement
49	Can add valorant rank	13	add_valorantrank
50	Can change valorant rank	13	change_valorantrank
51	Can delete valorant rank	13	delete_valorantrank
52	Can view valorant rank	13	view_valorantrank
53	Can add valorant tier	14	add_valoranttier
54	Can change valorant tier	14	change_valoranttier
55	Can delete valorant tier	14	delete_valoranttier
56	Can view valorant tier	14	view_valoranttier
57	Can add valorant placement order	15	add_valorantplacementorder
58	Can change valorant placement order	15	change_valorantplacementorder
59	Can delete valorant placement order	15	delete_valorantplacementorder
60	Can view valorant placement order	15	view_valorantplacementorder
61	Can add valorant mark	16	add_valorantmark
62	Can change valorant mark	16	change_valorantmark
63	Can delete valorant mark	16	delete_valorantmark
64	Can view valorant mark	16	view_valorantmark
65	Can add valorant division order	17	add_valorantdivisionorder
66	Can change valorant division order	17	change_valorantdivisionorder
67	Can delete valorant division order	17	delete_valorantdivisionorder
68	Can view valorant division order	17	view_valorantdivisionorder
69	Can add pubg rank	18	add_pubgrank
70	Can change pubg rank	18	change_pubgrank
71	Can delete pubg rank	18	delete_pubgrank
72	Can view pubg rank	18	view_pubgrank
73	Can add pubg tier	19	add_pubgtier
74	Can change pubg tier	19	change_pubgtier
75	Can delete pubg tier	19	delete_pubgtier
76	Can view pubg tier	19	view_pubgtier
77	Can add pubg mark	20	add_pubgmark
78	Can change pubg mark	20	change_pubgmark
79	Can delete pubg mark	20	delete_pubgmark
80	Can view pubg mark	20	view_pubgmark
81	Can add pubg division order	21	add_pubgdivisionorder
82	Can change pubg division order	21	change_pubgdivisionorder
83	Can delete pubg division order	21	delete_pubgdivisionorder
84	Can view pubg division order	21	view_pubgdivisionorder
85	Can add tft placement	22	add_tftplacement
86	Can change tft placement	22	change_tftplacement
87	Can delete tft placement	22	delete_tftplacement
88	Can view tft placement	22	view_tftplacement
89	Can add tft rank	23	add_tftrank
90	Can change tft rank	23	change_tftrank
91	Can delete tft rank	23	delete_tftrank
92	Can view tft rank	23	view_tftrank
93	Can add tft tier	24	add_tfttier
94	Can change tft tier	24	change_tfttier
95	Can delete tft tier	24	delete_tfttier
96	Can view tft tier	24	view_tfttier
97	Can add tft placement order	25	add_tftplacementorder
98	Can change tft placement order	25	change_tftplacementorder
99	Can delete tft placement order	25	delete_tftplacementorder
100	Can view tft placement order	25	view_tftplacementorder
101	Can add tft mark	26	add_tftmark
102	Can change tft mark	26	change_tftmark
103	Can delete tft mark	26	delete_tftmark
104	Can view tft mark	26	view_tftmark
105	Can add tft division order	27	add_tftdivisionorder
106	Can change tft division order	27	change_tftdivisionorder
107	Can delete tft division order	27	delete_tftdivisionorder
108	Can view tft division order	27	view_tftdivisionorder
109	Can add hearthstone rank	28	add_hearthstonerank
110	Can change hearthstone rank	28	change_hearthstonerank
111	Can delete hearthstone rank	28	delete_hearthstonerank
112	Can view hearthstone rank	28	view_hearthstonerank
113	Can add hearthstone tier	29	add_hearthstonetier
114	Can change hearthstone tier	29	change_hearthstonetier
115	Can delete hearthstone tier	29	delete_hearthstonetier
116	Can view hearthstone tier	29	view_hearthstonetier
117	Can add hearthstone mark	30	add_hearthstonemark
118	Can change hearthstone mark	30	change_hearthstonemark
119	Can delete hearthstone mark	30	delete_hearthstonemark
120	Can view hearthstone mark	30	view_hearthstonemark
121	Can add hearthstone division order	31	add_hearthstonedivisionorder
122	Can change hearthstone division order	31	change_hearthstonedivisionorder
123	Can delete hearthstone division order	31	delete_hearthstonedivisionorder
124	Can view hearthstone division order	31	view_hearthstonedivisionorder
125	Can add wo w_25_r ps_ price_2x2	32	add_wow_25_rps_price_2x2
126	Can change wo w_25_r ps_ price_2x2	32	change_wow_25_rps_price_2x2
127	Can delete wo w_25_r ps_ price_2x2	32	delete_wow_25_rps_price_2x2
128	Can view wo w_25_r ps_ price_2x2	32	view_wow_25_rps_price_2x2
129	Can add wo w_25_r ps_ price_3x3	33	add_wow_25_rps_price_3x3
130	Can change wo w_25_r ps_ price_3x3	33	change_wow_25_rps_price_3x3
131	Can delete wo w_25_r ps_ price_3x3	33	delete_wow_25_rps_price_3x3
132	Can view wo w_25_r ps_ price_3x3	33	view_wow_25_rps_price_3x3
133	Can add wo w rank	34	add_wowrank
134	Can change wo w rank	34	change_wowrank
135	Can delete wo w rank	34	delete_wowrank
136	Can view wo w rank	34	view_wowrank
137	Can add wo w arena boost order	35	add_wowarenaboostorder
138	Can change wo w arena boost order	35	change_wowarenaboostorder
139	Can delete wo w arena boost order	35	delete_wowarenaboostorder
140	Can view wo w arena boost order	35	view_wowarenaboostorder
141	Can add league of legends placement	36	add_leagueoflegendsplacement
142	Can change league of legends placement	36	change_leagueoflegendsplacement
143	Can delete league of legends placement	36	delete_leagueoflegendsplacement
144	Can view league of legends placement	36	view_leagueoflegendsplacement
145	Can add league of legends rank	37	add_leagueoflegendsrank
146	Can change league of legends rank	37	change_leagueoflegendsrank
147	Can delete league of legends rank	37	delete_leagueoflegendsrank
148	Can view league of legends rank	37	view_leagueoflegendsrank
149	Can add league of legends tier	38	add_leagueoflegendstier
150	Can change league of legends tier	38	change_leagueoflegendstier
151	Can delete league of legends tier	38	delete_leagueoflegendstier
152	Can view league of legends tier	38	view_leagueoflegendstier
153	Can add league of legends placement order	39	add_leagueoflegendsplacementorder
154	Can change league of legends placement order	39	change_leagueoflegendsplacementorder
155	Can delete league of legends placement order	39	delete_leagueoflegendsplacementorder
156	Can view league of legends placement order	39	view_leagueoflegendsplacementorder
157	Can add league of legends mark	40	add_leagueoflegendsmark
158	Can change league of legends mark	40	change_leagueoflegendsmark
159	Can delete league of legends mark	40	delete_leagueoflegendsmark
160	Can view league of legends mark	40	view_leagueoflegendsmark
161	Can add league of legends division order	41	add_leagueoflegendsdivisionorder
162	Can change league of legends division order	41	change_leagueoflegendsdivisionorder
163	Can delete league of legends division order	41	delete_leagueoflegendsdivisionorder
164	Can view league of legends division order	41	view_leagueoflegendsdivisionorder
165	Can add rocket league placement	42	add_rocketleagueplacement
166	Can change rocket league placement	42	change_rocketleagueplacement
167	Can delete rocket league placement	42	delete_rocketleagueplacement
168	Can view rocket league placement	42	view_rocketleagueplacement
169	Can add rocket league rank	43	add_rocketleaguerank
170	Can change rocket league rank	43	change_rocketleaguerank
171	Can delete rocket league rank	43	delete_rocketleaguerank
172	Can view rocket league rank	43	view_rocketleaguerank
173	Can add rocket league seasonal	44	add_rocketleagueseasonal
174	Can change rocket league seasonal	44	change_rocketleagueseasonal
175	Can delete rocket league seasonal	44	delete_rocketleagueseasonal
176	Can view rocket league seasonal	44	view_rocketleagueseasonal
177	Can add rocket league tournament	45	add_rocketleaguetournament
178	Can change rocket league tournament	45	change_rocketleaguetournament
179	Can delete rocket league tournament	45	delete_rocketleaguetournament
180	Can view rocket league tournament	45	view_rocketleaguetournament
181	Can add rocket league tournament order	46	add_rocketleaguetournamentorder
182	Can change rocket league tournament order	46	change_rocketleaguetournamentorder
183	Can delete rocket league tournament order	46	delete_rocketleaguetournamentorder
184	Can view rocket league tournament order	46	view_rocketleaguetournamentorder
185	Can add rocket league seasonal order	47	add_rocketleagueseasonalorder
186	Can change rocket league seasonal order	47	change_rocketleagueseasonalorder
187	Can delete rocket league seasonal order	47	delete_rocketleagueseasonalorder
188	Can view rocket league seasonal order	47	view_rocketleagueseasonalorder
189	Can add rocket league ranked order	48	add_rocketleaguerankedorder
190	Can change rocket league ranked order	48	change_rocketleaguerankedorder
191	Can delete rocket league ranked order	48	delete_rocketleaguerankedorder
192	Can view rocket league ranked order	48	view_rocketleaguerankedorder
193	Can add rocket league placement order	49	add_rocketleagueplacementorder
194	Can change rocket league placement order	49	change_rocketleagueplacementorder
195	Can delete rocket league placement order	49	delete_rocketleagueplacementorder
196	Can view rocket league placement order	49	view_rocketleagueplacementorder
197	Can add rocket league division	50	add_rocketleaguedivision
198	Can change rocket league division	50	change_rocketleaguedivision
199	Can delete rocket league division	50	delete_rocketleaguedivision
200	Can view rocket league division	50	view_rocketleaguedivision
201	Can add user	51	add_baseuser
202	Can change user	51	change_baseuser
203	Can delete user	51	delete_baseuser
204	Can view user	51	view_baseuser
205	Can add base order	52	add_baseorder
206	Can change base order	52	change_baseorder
207	Can delete base order	52	delete_baseorder
208	Can view base order	52	view_baseorder
209	Can add booster percent	53	add_boosterpercent
210	Can change booster percent	53	change_boosterpercent
211	Can delete booster percent	53	delete_boosterpercent
212	Can view booster percent	53	view_boosterpercent
213	Can add tip_data	54	add_tip_data
214	Can change tip_data	54	change_tip_data
215	Can delete tip_data	54	delete_tip_data
216	Can view tip_data	54	view_tip_data
217	Can add wallet	55	add_wallet
218	Can change wallet	55	change_wallet
219	Can delete wallet	55	delete_wallet
220	Can view wallet	55	view_wallet
221	Can add transaction	56	add_transaction
222	Can change transaction	56	change_transaction
223	Can delete transaction	56	delete_transaction
224	Can view transaction	56	view_transaction
225	Can add token for pay	57	add_tokenforpay
226	Can change token for pay	57	change_tokenforpay
227	Can delete token for pay	57	delete_tokenforpay
228	Can view token for pay	57	view_tokenforpay
229	Can add room	58	add_room
230	Can change room	58	change_room
231	Can delete room	58	delete_room
232	Can view room	58	view_room
233	Can add message	59	add_message
234	Can change message	59	change_message
235	Can delete message	59	delete_message
236	Can view message	59	view_message
237	Can add promo code	60	add_promocode
238	Can change promo code	60	change_promocode
239	Can delete promo code	60	delete_promocode
240	Can view promo code	60	view_promocode
241	Can add mobile legends placement	61	add_mobilelegendsplacement
242	Can change mobile legends placement	61	change_mobilelegendsplacement
243	Can delete mobile legends placement	61	delete_mobilelegendsplacement
244	Can view mobile legends placement	61	view_mobilelegendsplacement
245	Can add mobile legends rank	62	add_mobilelegendsrank
246	Can change mobile legends rank	62	change_mobilelegendsrank
247	Can delete mobile legends rank	62	delete_mobilelegendsrank
248	Can view mobile legends rank	62	view_mobilelegendsrank
249	Can add mobile legends tier	63	add_mobilelegendstier
250	Can change mobile legends tier	63	change_mobilelegendstier
251	Can delete mobile legends tier	63	delete_mobilelegendstier
252	Can view mobile legends tier	63	view_mobilelegendstier
253	Can add mobile legends placement order	64	add_mobilelegendsplacementorder
254	Can change mobile legends placement order	64	change_mobilelegendsplacementorder
255	Can delete mobile legends placement order	64	delete_mobilelegendsplacementorder
256	Can view mobile legends placement order	64	view_mobilelegendsplacementorder
257	Can add mobile legends mark	65	add_mobilelegendsmark
258	Can change mobile legends mark	65	change_mobilelegendsmark
259	Can delete mobile legends mark	65	delete_mobilelegendsmark
260	Can view mobile legends mark	65	view_mobilelegendsmark
261	Can add mobile legends division order	66	add_mobilelegendsdivisionorder
262	Can change mobile legends division order	66	change_mobilelegendsdivisionorder
263	Can delete mobile legends division order	66	delete_mobilelegendsdivisionorder
264	Can view mobile legends division order	66	view_mobilelegendsdivisionorder
265	Can add honor of kings rank	67	add_honorofkingsrank
266	Can change honor of kings rank	67	change_honorofkingsrank
267	Can delete honor of kings rank	67	delete_honorofkingsrank
268	Can view honor of kings rank	67	view_honorofkingsrank
269	Can add honor of kings tier	68	add_honorofkingstier
270	Can change honor of kings tier	68	change_honorofkingstier
271	Can delete honor of kings tier	68	delete_honorofkingstier
272	Can view honor of kings tier	68	view_honorofkingstier
273	Can add honor of kings mark	69	add_honorofkingsmark
274	Can change honor of kings mark	69	change_honorofkingsmark
275	Can delete honor of kings mark	69	delete_honorofkingsmark
276	Can view honor of kings mark	69	view_honorofkingsmark
277	Can add honor of kings division order	70	add_honorofkingsdivisionorder
278	Can change honor of kings division order	70	change_honorofkingsdivisionorder
279	Can delete honor of kings division order	70	delete_honorofkingsdivisionorder
280	Can view honor of kings division order	70	view_honorofkingsdivisionorder
281	Can add dota2_50_mm r_ price	71	add_dota2_50_mmr_price
282	Can change dota2_50_mm r_ price	71	change_dota2_50_mmr_price
283	Can delete dota2_50_mm r_ price	71	delete_dota2_50_mmr_price
284	Can view dota2_50_mm r_ price	71	view_dota2_50_mmr_price
285	Can add dota2 rank	72	add_dota2rank
286	Can change dota2 rank	72	change_dota2rank
287	Can delete dota2 rank	72	delete_dota2rank
288	Can view dota2 rank	72	view_dota2rank
289	Can add dota2 rank boost order	73	add_dota2rankboostorder
290	Can change dota2 rank boost order	73	change_dota2rankboostorder
291	Can delete dota2 rank boost order	73	delete_dota2rankboostorder
292	Can view dota2 rank boost order	73	view_dota2rankboostorder
293	Can add overwatch2 rank	74	add_overwatch2rank
294	Can change overwatch2 rank	74	change_overwatch2rank
295	Can delete overwatch2 rank	74	delete_overwatch2rank
296	Can view overwatch2 rank	74	view_overwatch2rank
297	Can add overwatch2 tier	75	add_overwatch2tier
298	Can change overwatch2 tier	75	change_overwatch2tier
299	Can delete overwatch2 tier	75	delete_overwatch2tier
300	Can view overwatch2 tier	75	view_overwatch2tier
301	Can add overwatch2 mark	76	add_overwatch2mark
302	Can change overwatch2 mark	76	change_overwatch2mark
303	Can delete overwatch2 mark	76	delete_overwatch2mark
304	Can view overwatch2 mark	76	view_overwatch2mark
305	Can add overwatch2 division order	77	add_overwatch2divisionorder
306	Can change overwatch2 division order	77	change_overwatch2divisionorder
307	Can delete overwatch2 division order	77	delete_overwatch2divisionorder
308	Can view overwatch2 division order	77	view_overwatch2divisionorder
309	Can add PayPal IPN	78	add_paypalipn
310	Can change PayPal IPN	78	change_paypalipn
311	Can delete PayPal IPN	78	delete_paypalipn
312	Can view PayPal IPN	78	view_paypalipn
313	Can add Scheduled task	79	add_schedule
314	Can change Scheduled task	79	change_schedule
315	Can delete Scheduled task	79	delete_schedule
316	Can view Scheduled task	79	view_schedule
317	Can add task	80	add_task
318	Can change task	80	change_task
319	Can delete task	80	delete_task
320	Can view task	80	view_task
321	Can add Failed task	81	add_failure
322	Can change Failed task	81	change_failure
323	Can delete Failed task	81	delete_failure
324	Can view Failed task	81	view_failure
325	Can add Successful task	82	add_success
326	Can change Successful task	82	change_success
327	Can delete Successful task	82	delete_success
328	Can view Successful task	82	view_success
329	Can add Queued task	83	add_ormq
330	Can change Queued task	83	change_ormq
331	Can delete Queued task	83	delete_ormq
332	Can view Queued task	83	view_ormq
333	Can add rocket league division order	84	add_rocketleaguedivisionorder
334	Can change rocket league division order	84	change_rocketleaguedivisionorder
335	Can delete rocket league division order	84	delete_rocketleaguedivisionorder
336	Can view rocket league division order	84	view_rocketleaguedivisionorder
337	Can add game	85	add_game
338	Can change game	85	change_game
339	Can delete game	85	delete_game
340	Can view game	85	view_game
341	Can add overwatch2 placement	86	add_overwatch2placement
342	Can change overwatch2 placement	86	change_overwatch2placement
343	Can delete overwatch2 placement	86	delete_overwatch2placement
344	Can view overwatch2 placement	86	view_overwatch2placement
345	Can add overwatch2 placement order	87	add_overwatch2placementorder
346	Can change overwatch2 placement order	87	change_overwatch2placementorder
347	Can delete overwatch2 placement order	87	delete_overwatch2placementorder
348	Can view overwatch2 placement order	87	view_overwatch2placementorder
349	Can add crypto currency payment	88	add_cryptocurrencypayment
350	Can change crypto currency payment	88	change_cryptocurrencypayment
351	Can delete crypto currency payment	88	delete_cryptocurrencypayment
352	Can view crypto currency payment	88	view_cryptocurrencypayment
353	Can add world of warcraft arena boost order	89	add_worldofwarcraftarenaboostorder
354	Can change world of warcraft arena boost order	89	change_worldofwarcraftarenaboostorder
355	Can delete world of warcraft arena boost order	89	delete_worldofwarcraftarenaboostorder
356	Can view world of warcraft arena boost order	89	view_worldofwarcraftarenaboostorder
357	Can add world of warcraft rank	90	add_worldofwarcraftrank
358	Can change world of warcraft rank	90	change_worldofwarcraftrank
359	Can delete world of warcraft rank	90	delete_worldofwarcraftrank
360	Can view world of warcraft rank	90	view_worldofwarcraftrank
361	Can add world of warcraft rps price	91	add_worldofwarcraftrpsprice
362	Can change world of warcraft rps price	91	change_worldofwarcraftrpsprice
363	Can delete world of warcraft rps price	91	delete_worldofwarcraftrpsprice
364	Can view world of warcraft rps price	91	view_worldofwarcraftrpsprice
365	Can add room	92	add_room
366	Can change room	92	change_room
367	Can delete room	92	delete_room
368	Can view room	92	view_room
369	Can add message	93	add_message
370	Can change message	93	change_message
371	Can delete message	93	delete_message
372	Can view message	93	view_message
373	Can add application	94	add_application
374	Can change application	94	change_application
375	Can delete application	94	delete_application
376	Can view application	94	view_application
377	Can add access token	95	add_accesstoken
378	Can change access token	95	change_accesstoken
379	Can delete access token	95	delete_accesstoken
380	Can view access token	95	view_accesstoken
381	Can add grant	96	add_grant
382	Can change grant	96	change_grant
383	Can delete grant	96	delete_grant
384	Can view grant	96	view_grant
385	Can add refresh token	97	add_refreshtoken
386	Can change refresh token	97	change_refreshtoken
387	Can delete refresh token	97	delete_refreshtoken
388	Can view refresh token	97	view_refreshtoken
389	Can add id token	98	add_idtoken
390	Can change id token	98	change_idtoken
391	Can delete id token	98	delete_idtoken
392	Can view id token	98	view_idtoken
393	Can add email address	99	add_emailaddress
394	Can change email address	99	change_emailaddress
395	Can delete email address	99	delete_emailaddress
396	Can view email address	99	view_emailaddress
397	Can add email confirmation	100	add_emailconfirmation
398	Can change email confirmation	100	change_emailconfirmation
399	Can delete email confirmation	100	delete_emailconfirmation
400	Can view email confirmation	100	view_emailconfirmation
401	Can add social account	101	add_socialaccount
402	Can change social account	101	change_socialaccount
403	Can delete social account	101	delete_socialaccount
404	Can view social account	101	view_socialaccount
405	Can add social application	102	add_socialapp
406	Can change social application	102	change_socialapp
407	Can delete social application	102	delete_socialapp
408	Can view social application	102	view_socialapp
409	Can add social application token	103	add_socialtoken
410	Can change social application token	103	change_socialtoken
411	Can delete social application token	103	delete_socialtoken
412	Can view social application token	103	view_socialtoken
413	Can add dota2 mmr price	104	add_dota2mmrprice
414	Can change dota2 mmr price	104	change_dota2mmrprice
415	Can delete dota2 mmr price	104	delete_dota2mmrprice
416	Can view dota2 mmr price	104	view_dota2mmrprice
417	Can add dota2 placement order	105	add_dota2placementorder
418	Can change dota2 placement order	105	change_dota2placementorder
419	Can delete dota2 placement order	105	delete_dota2placementorder
420	Can view dota2 placement order	105	view_dota2placementorder
421	Can add dota2 placement	106	add_dota2placement
422	Can change dota2 placement	106	change_dota2placement
423	Can delete dota2 placement	106	delete_dota2placement
424	Can view dota2 placement	106	view_dota2placement
425	Can add csgo2 placement	107	add_csgo2placement
426	Can change csgo2 placement	107	change_csgo2placement
427	Can delete csgo2 placement	107	delete_csgo2placement
428	Can view csgo2 placement	107	view_csgo2placement
429	Can add csgo2 rank	108	add_csgo2rank
430	Can change csgo2 rank	108	change_csgo2rank
431	Can delete csgo2 rank	108	delete_csgo2rank
432	Can view csgo2 rank	108	view_csgo2rank
433	Can add csgo2 tier	109	add_csgo2tier
434	Can change csgo2 tier	109	change_csgo2tier
435	Can delete csgo2 tier	109	delete_csgo2tier
436	Can view csgo2 tier	109	view_csgo2tier
437	Can add csgo2 placement order	110	add_csgo2placementorder
438	Can change csgo2 placement order	110	change_csgo2placementorder
439	Can delete csgo2 placement order	110	delete_csgo2placementorder
440	Can view csgo2 placement order	110	view_csgo2placementorder
441	Can add csgo2 mark	111	add_csgo2mark
442	Can change csgo2 mark	111	change_csgo2mark
443	Can delete csgo2 mark	111	delete_csgo2mark
444	Can view csgo2 mark	111	view_csgo2mark
445	Can add csgo2 division order	112	add_csgo2divisionorder
446	Can change csgo2 division order	112	change_csgo2divisionorder
447	Can delete csgo2 division order	112	delete_csgo2divisionorder
448	Can view csgo2 division order	112	view_csgo2divisionorder
449	Can add csgo2 premier order	113	add_csgo2premierorder
450	Can change csgo2 premier order	113	change_csgo2premierorder
451	Can delete csgo2 premier order	113	delete_csgo2premierorder
452	Can view csgo2 premier order	113	view_csgo2premierorder
453	Can add csgo faceit order	114	add_csgofaceitorder
454	Can change csgo faceit order	114	change_csgofaceitorder
455	Can delete csgo faceit order	114	delete_csgofaceitorder
456	Can view csgo faceit order	114	view_csgofaceitorder
457	Can add champions	115	add_champions
458	Can change champions	115	change_champions
459	Can delete champions	115	delete_champions
460	Can view champions	115	view_champions
461	Can add champion	115	add_champion
462	Can change champion	115	change_champion
463	Can delete champion	115	delete_champion
464	Can view champion	115	view_champion
465	Can add csgo2 premier price	116	add_csgo2premierprice
466	Can change csgo2 premier price	116	change_csgo2premierprice
467	Can delete csgo2 premier price	116	delete_csgo2premierprice
468	Can view csgo2 premier price	116	view_csgo2premierprice
469	Can add csgo2 premier rank	117	add_csgo2premierrank
470	Can change csgo2 premier rank	117	change_csgo2premierrank
471	Can delete csgo2 premier rank	117	delete_csgo2premierrank
472	Can view csgo2 premier rank	117	view_csgo2premierrank
473	Can add csgo faceit price	118	add_csgofaceitprice
474	Can change csgo faceit price	118	change_csgofaceitprice
475	Can delete csgo faceit price	118	delete_csgofaceitprice
476	Can view csgo faceit price	118	view_csgofaceitprice
477	Can add champion c	119	add_championc
478	Can change champion c	119	change_championc
479	Can delete champion c	119	delete_championc
480	Can view champion c	119	view_championc
481	Can add work with us	120	add_workwithus
482	Can change work with us	120	change_workwithus
483	Can delete work with us	120	delete_workwithus
484	Can view work with us	120	view_workwithus
485	Can add photo	121	add_photo
486	Can change photo	121	change_photo
487	Can delete photo	121	delete_photo
488	Can view photo	121	view_photo
489	Can add booster portfolio	122	add_boosterportfolio
490	Can change booster portfolio	122	change_boosterportfolio
491	Can delete booster portfolio	122	delete_boosterportfolio
492	Can view booster portfolio	122	view_boosterportfolio
493	Can add mobile legends mark2	123	add_mobilelegendsmark2
494	Can change mobile legends mark2	123	change_mobilelegendsmark2
495	Can delete mobile legends mark2	123	delete_mobilelegendsmark2
496	Can view mobile legends mark2	123	view_mobilelegendsmark2
497	Can add world of warcraft rank1	124	add_worldofwarcraftrank1
498	Can change world of warcraft rank1	124	change_worldofwarcraftrank1
499	Can delete world of warcraft rank1	124	delete_worldofwarcraftrank1
500	Can view world of warcraft rank1	124	view_worldofwarcraftrank1
501	Can add test	125	add_test
502	Can change test	125	change_test
503	Can delete test	125	delete_test
504	Can view test	125	view_test
505	Can add association	126	add_association
506	Can change association	126	change_association
507	Can delete association	126	delete_association
508	Can view association	126	view_association
509	Can add code	127	add_code
510	Can change code	127	change_code
511	Can delete code	127	delete_code
512	Can view code	127	view_code
513	Can add nonce	128	add_nonce
514	Can change nonce	128	change_nonce
515	Can delete nonce	128	delete_nonce
516	Can view nonce	128	view_nonce
517	Can add user social auth	129	add_usersocialauth
518	Can change user social auth	129	change_usersocialauth
519	Can delete user social auth	129	delete_usersocialauth
520	Can view user social auth	129	view_usersocialauth
521	Can add partial	130	add_partial
522	Can change partial	130	change_partial
523	Can delete partial	130	delete_partial
524	Can view partial	130	view_partial
525	Can add wild rift rank1	131	add_wildriftrank1
526	Can change wild rift rank1	131	change_wildriftrank1
527	Can delete wild rift rank1	131	delete_wildriftrank1
528	Can view wild rift rank1	131	view_wildriftrank1
529	Can add rocket league tournament1	132	add_rocketleaguetournament1
530	Can change rocket league tournament1	132	change_rocketleaguetournament1
531	Can delete rocket league tournament1	132	delete_rocketleaguetournament1
532	Can view rocket league tournament1	132	view_rocketleaguetournament1
533	Can add rocket league placement1	133	add_rocketleagueplacement1
534	Can change rocket league placement1	133	change_rocketleagueplacement1
535	Can delete rocket league placement1	133	delete_rocketleagueplacement1
536	Can view rocket league placement1	133	view_rocketleagueplacement1
537	Can add rocket league seasonal1	134	add_rocketleagueseasonal1
538	Can change rocket league seasonal1	134	change_rocketleagueseasonal1
539	Can delete rocket league seasonal1	134	delete_rocketleagueseasonal1
540	Can view rocket league seasonal1	134	view_rocketleagueseasonal1
541	Can add rocket league rank1	135	add_rocketleaguerank1
542	Can change rocket league rank1	135	change_rocketleaguerank1
543	Can delete rocket league rank1	135	delete_rocketleaguerank1
544	Can view rocket league rank1	135	view_rocketleaguerank1
545	Can add create booster	136	add_createbooster
546	Can change create booster	136	change_createbooster
547	Can delete create booster	136	delete_createbooster
548	Can view create booster	136	view_createbooster
549	Can add custom order	137	add_customorder
550	Can change custom order	137	change_customorder
551	Can delete custom order	137	delete_customorder
552	Can view custom order	137	view_customorder
553	Can add language	138	add_language
554	Can change language	138	change_language
555	Can delete language	138	delete_language
556	Can view language	138	view_language
557	Can add historical user	139	add_historicalbaseuser
558	Can change historical user	139	change_historicalbaseuser
559	Can delete historical user	139	delete_historicalbaseuser
560	Can view historical user	139	view_historicalbaseuser
561	Can add admin log entry	140	add_adminlogentry
562	Can change admin log entry	140	change_adminlogentry
563	Can delete admin log entry	140	delete_adminlogentry
564	Can view admin log entry	140	view_adminlogentry
565	Can add captcha image	141	add_captchaimage
566	Can change captcha image	141	change_captchaimage
567	Can delete captcha image	141	delete_captchaimage
568	Can view captcha image	141	view_captchaimage
569	Can add captcha	142	add_captcha
570	Can change captcha	142	change_captcha
571	Can delete captcha	142	delete_captcha
572	Can view captcha	142	view_captcha
573	Can add booster rank	143	add_boosterrank
574	Can change booster rank	143	change_boosterrank
575	Can delete booster rank	143	delete_boosterrank
576	Can view booster rank	143	view_boosterrank
577	Can add test model	144	add_testmodel
578	Can change test model	144	change_testmodel
579	Can delete test model	144	delete_testmodel
580	Can view test model	144	view_testmodel
581	Can add blog	145	add_blog
582	Can change blog	145	change_blog
583	Can delete blog	145	delete_blog
584	Can view blog	145	view_blog
585	Can add sub header	146	add_subheader
586	Can change sub header	146	change_subheader
587	Can delete sub header	146	delete_subheader
588	Can view sub header	146	view_subheader
589	Can add sub header1	147	add_subheader1
590	Can change sub header1	147	change_subheader1
591	Can delete sub header1	147	delete_subheader1
592	Can view sub header1	147	view_subheader1
593	Can add dj	148	add_dj
594	Can change dj	148	change_dj
595	Can delete dj	148	delete_dj
596	Can view dj	148	view_dj
597	Can add blog order	149	add_blogorder
598	Can change blog order	149	change_blogorder
599	Can delete blog order	149	delete_blogorder
600	Can view blog order	149	view_blogorder
601	Can add blog	150	add_blog
602	Can change blog	150	change_blog
603	Can delete blog	150	delete_blog
604	Can view blog	150	view_blog
605	Can add sub header	151	add_subheader
606	Can change sub header	151	change_subheader
607	Can delete sub header	151	delete_subheader
608	Can view sub header	151	view_subheader
\.


--
-- Data for Name: booster_booster; Type: TABLE DATA; Schema: public; Owner: postgres
--

COPY public.booster_booster (id, profile_image, about_you, can_choose_me, email_verified_at, is_wr_player, is_valo_player, achived_rank_valo_id, achived_rank_wr_id, booster_id, achived_rank_pubg_id, is_pubg_player, achived_rank_lol_id, is_lol_player, achived_rank_tft_id, is_hearthstone_player, is_tft_player, achived_rank_hearthstone_id, achived_rank_rl_id, is_rl_player, achived_rank_mobleg_id, is_mobleg_player, achived_rank_wow_id, is_wow_player, achived_rank_overwatch2_id, is_overwatch2_player, is_csgo2_player, is_dota2_player, is_hok_player, achived_rank_dota2_id, achived_rank_csgo2_id, achived_rank_hok_id, discord_id, paypal_account, choosen_chat_message, start_chat_message) FROM stdin;
1	booster/images/2/75f917c2-f220-48d0-9fd2-4dba3a98c819.png	123	t	2024-02-28 07:04:21+02	t	t	\N	\N	2	\N	t	\N	t	\N	t	t	\N	\N	t	\N	t	\N	t	\N	t	t	t	t	\N	\N	\N	shehab#150	gbmbg@paypal.com	Hello	Hello
20		\N	f	\N	f	f	\N	\N	63	\N	f	\N	f	\N	f	f	\N	\N	f	\N	f	\N	f	\N	f	f	f	f	\N	\N	\N		\N	Thank you for choose me as your booster, 	Hello I will be your booster
21		\N	f	\N	f	f	\N	\N	64	\N	f	\N	f	\N	f	f	\N	\N	f	\N	f	\N	f	\N	f	f	f	f	\N	\N	\N		\N	Thank you for choose me as your booster, 	Hello I will be your booster
22		\N	f	\N	f	f	\N	\N	65	\N	f	\N	f	\N	f	f	\N	\N	f	\N	f	\N	f	\N	f	f	f	f	\N	\N	\N		\N	Thank you for choose me as your booster, 	Hello I will be your booster
23		\N	f	\N	f	f	\N	\N	66	\N	f	\N	f	\N	f	f	\N	\N	f	\N	f	\N	f	\N	f	f	f	f	\N	\N	\N		\N	Thank you for choose me as your booster, 	Hello I will be your booster
3	booster/media/booster/iron.webp	good booster for high rank	t	2024-04-17 08:00:21+02	t	t	\N	\N	27	\N	t	\N	f	\N	f	f	\N	\N	f	\N	f	\N	f	\N	f	f	f	f	\N	\N	\N	shehab#150	gg@paypal.com	Thank you for choose me as your booster,	hello iam shehab i will be your booster
\.


--
-- Data for Name: booster_booster_games; Type: TABLE DATA; Schema: public; Owner: postgres
--

COPY public.booster_booster_games (id, booster_id, game_id) FROM stdin;
4	3	1
5	3	4
6	3	5
7	1	2
8	1	1
9	1	3
10	1	4
11	1	5
12	1	6
13	1	7
14	1	8
15	1	9
16	1	10
17	1	11
18	1	12
19	1	13
\.


--
-- Data for Name: booster_booster_languages; Type: TABLE DATA; Schema: public; Owner: postgres
--

COPY public.booster_booster_languages (id, booster_id, language_id) FROM stdin;
1	1	1
2	1	2
3	3	1
4	3	4
7	1	4
\.


--
-- Data for Name: booster_boosterportfolio; Type: TABLE DATA; Schema: public; Owner: postgres
--

COPY public.booster_boosterportfolio (id, image, booster_id, approved) FROM stdin;
13	booster/images/2/portfolio/5310f4fb-3de8-4b8d-a386-6bd7bc761cc0.png	1	t
\.


--
-- Data for Name: booster_boosterrank; Type: TABLE DATA; Schema: public; Owner: postgres
--

COPY public.booster_boosterrank (id, rank_name, rank_image, game_id) FROM stdin;
7	Gold	rank/Gold.png	6
8	Iron	rank/7be06474-675d-4cc5-8ec7-67f43f6de3bf.png	5
9	Iron	rank/593a71e1-58f8-4afc-b5b1-7543aefa4d76.jpg	8
10	Silver	rank/dc98ec23-cd27-43cb-9f65-0f83729bc543.png	4
\.


--
-- Data for Name: booster_createbooster; Type: TABLE DATA; Schema: public; Owner: postgres
--

COPY public.booster_createbooster (id, username, is_csgo2_player, is_dota2_player, is_hearthstone_player, is_hok_player, is_lol_player, is_mobleg_player, is_overwatch2_player, is_pubg_player, is_rl_player, is_tft_player, is_valo_player, is_wow_player, is_wr_player, email) FROM stdin;
\.


--
-- Data for Name: booster_language; Type: TABLE DATA; Schema: public; Owner: postgres
--

COPY public.booster_language (id, language) FROM stdin;
1	English
2	
3	
4	Espaol
5	Franais
6	Deutsch
7	
8	Italiano
9	
10	
11	Portugus
12	
13	
14	Trke
15	Polski
16	
17	Nederlands
18	Svenska
19	Dansk
20	Suomi
21	Norsk
22	
23	Magyar
24	etina
25	
26	Bahasa Indonesia
27	
28	
29	
30	Slovenina
31	Romn
32	
33	Lietuvi
34	Latvieu
35	Eesti
36	
37	
38	
39	
40	
41	
42	
43	
44	
45	
46	
\.


--
-- Data for Name: booster_orderrating; Type: TABLE DATA; Schema: public; Owner: postgres
--

COPY public.booster_orderrating (id, rate, text, game, anonymous, created_at, booster_id, customer_id, order_id) FROM stdin;
\.


--
-- Data for Name: booster_photo; Type: TABLE DATA; Schema: public; Owner: postgres
--

COPY public.booster_photo (id, image, booster_id) FROM stdin;
\.


--
-- Data for Name: booster_workwithus; Type: TABLE DATA; Schema: public; Owner: postgres
--

COPY public.booster_workwithus (id, nickname, email, discord_id, rank, server, about_you, country, agree_privacy) FROM stdin;
2	shehab	shehabeldin@std.mans.edu.eg	shehab#150	gold in vlao, iron in silver,	Europe	nbn	BS	t
3	Ali	shethr999@gmail.com	shehab#150	gold in vlao, iron in silver,	Europe	m m	AM	t
\.


--
-- Data for Name: booster_workwithus_game; Type: TABLE DATA; Schema: public; Owner: postgres
--

COPY public.booster_workwithus_game (id, workwithus_id, game_id) FROM stdin;
3	2	1
4	3	2
\.


--
-- Data for Name: booster_workwithus_languages; Type: TABLE DATA; Schema: public; Owner: postgres
--

COPY public.booster_workwithus_languages (id, workwithus_id, language_id) FROM stdin;
3	2	4
4	3	1
5	3	3
\.


--
-- Data for Name: chat_message; Type: TABLE DATA; Schema: public; Owner: postgres
--

COPY public.chat_message (id, content, created_on, msg_type, room_id, user_id) FROM stdin;
274	Account Details Changed.	2024-04-08 20:32:36.067393+02	3	169	1
275	Account Details Changed.	2024-04-08 20:32:40.410284+02	3	169	1
276	Account Details Changed.	2024-04-08 20:48:55.609379+02	3	171	1
277	hi	2024-04-08 20:49:24.408787+02	1	171	1
278	Account Details Changed.	2024-04-08 20:49:27.899967+02	3	171	1
279	hello	2024-04-08 20:49:33.885583+02	1	171	1
280	Account Details Changed.	2024-04-11 19:13:04.051072+02	3	179	1
281	hello	2024-04-11 19:17:30.084261+02	1	179	2
282	hi mr booster	2024-04-11 19:17:38.750972+02	1	179	1
283	hi bro	2024-04-11 19:17:45.551354+02	1	179	2
284	lets do this	2024-04-11 19:17:59.904569+02	1	179	1
285	Account Details Changed.	2024-04-12 03:32:06.028114+02	3	179	1
286	Account Details Changed.	2024-04-12 16:53:03.531471+02	3	181	1
287	hello	2024-04-12 16:54:33.060144+02	1	181	1
288	hi	2024-04-12 16:54:39.23413+02	1	181	1
289	hi	2024-04-12 16:55:20.76754+02	1	181	1
290	hello	2024-04-12 16:55:25.067175+02	1	181	2
291	hello	2024-04-12 16:55:25.079438+02	1	181	2
292	hello	2024-04-12 16:55:25.08518+02	1	181	2
293	lets chat	2024-04-12 16:55:31.945617+02	1	173	2
294	hi	2024-04-12 16:55:40.720799+02	1	181	2
295	lets chat bro	2024-04-12 16:55:45.448738+02	1	181	2
296	can you help me /	2024-04-12 16:55:52.436214+02	1	181	2
297	hi	2024-04-12 16:55:59.81659+02	1	181	2
298	hi	2024-04-12 16:55:59.829478+02	1	181	2
299	hi	2024-04-12 16:56:05.507435+02	1	181	2
300	hi	2024-04-12 16:56:05.518613+02	1	181	2
301	hi	2024-04-12 16:56:05.526591+02	1	181	2
302	hh	2024-04-12 16:56:07.867629+02	1	181	2
303	hh	2024-04-12 16:56:07.878601+02	1	181	2
304	hh	2024-04-12 16:56:07.884+02	1	181	2
305	hi	2024-04-13 15:12:02.451676+02	1	185	1
306	Account Details Changed.	2024-04-13 15:12:05.592821+02	3	185	1
307	Account Details Changed.	2024-04-13 15:12:06.244728+02	3	185	1
308	Account Details Changed.	2024-04-13 15:12:10.09711+02	3	185	1
309	Account Details Changed.	2024-04-13 15:12:30.462915+02	3	185	1
310	hi	2024-04-13 15:14:28.076455+02	1	187	1
311	Account Details Changed.	2024-04-13 15:14:30.206347+02	3	187	1
312	hi	2024-04-13 15:56:14.028612+02	1	195	2
313	hello	2024-04-13 15:56:25.063152+02	1	195	2
314	hi	2024-04-13 15:56:30.515801+02	1	195	2
315	hi	2024-04-13 15:56:30.520788+02	1	195	2
316	hello	2024-04-13 15:56:46.367254+02	1	193	2
317	hello	2024-04-13 15:56:46.37929+02	1	193	2
318	Account Details Changed.	2024-04-14 11:46:58.047094+02	3	199	1
319	Account Details Changed.	2024-04-14 11:46:58.886843+02	3	199	1
320	hi	2024-04-14 12:18:07.660698+02	1	201	1
321	Account Details Changed.	2024-04-14 12:18:09.170613+02	3	201	1
322	hello	2024-04-14 14:05:07.607469+02	1	223	1
323	hello	2024-04-14 15:52:31.4312+02	1	235	1
324	Account Details Changed.	2024-04-14 15:52:38.114068+02	3	235	1
325	hello	2024-04-14 16:13:21.934337+02	1	241	2
326	hi	2024-04-14 16:13:33.034965+02	1	241	1
327	Account Details Changed.	2024-04-14 16:13:38.374749+02	3	241	1
328	i will change detailes now	2024-04-14 16:13:46.018967+02	1	241	1
329	done	2024-04-14 16:13:50.261659+02	1	241	1
330	You Sent a tip of 10$, Thank you!	2024-04-14 16:14:21.208536+02	2	241	1
331	Account Details Changed.	2024-04-14 16:16:49.7951+02	3	241	1
332	Account Details Changed.	2024-04-14 16:17:00.990126+02	3	241	1
333	hi	2024-04-14 16:17:17.511742+02	1	240	1
334	hello	2024-04-14 16:17:23.963506+02	1	240	1
335	hello	2024-04-14 16:17:23.976471+02	1	240	1
336	mr maneger	2024-04-14 16:17:31.897608+02	1	240	1
337	You Sent a tip of 10$, Thank you!	2024-04-14 16:21:12.425262+02	2	241	1
338	okay	2024-04-14 16:22:03.910922+02	1	241	2
339	br12	2024-04-14 16:38:14.010498+02	1	243	2
340	Account Details Changed.	2024-04-14 16:38:50.025239+02	3	243	1
341	Account Details Changed.	2024-04-14 16:42:53.545738+02	3	245	1
342	hello	2024-04-14 16:45:13.176408+02	1	244	1
343	Account Details Changed.	2024-04-14 17:17:54.92882+02	3	253	1
344	Account Details Changed.	2024-04-14 17:56:12.52936+02	3	261	1
345	hi	2024-04-14 22:08:03.402697+02	1	265	1
346	Account Details Changed.	2024-04-14 22:08:20.008798+02	3	265	1
347	hi	2024-04-16 03:28:04.214309+02	1	267	1
348	hello	2024-04-16 03:28:17.445669+02	1	267	1
349	hello	2024-04-16 03:59:15.316918+02	1	267	1
350	hi	2024-04-16 03:59:17.654212+02	1	267	1
351	i will change detailes now	2024-04-16 03:59:20.130047+02	1	267	1
352	Account Details Changed.	2024-04-16 03:59:22.815777+02	3	267	1
353	done	2024-04-16 03:59:26.450495+02	1	267	1
354	hi	2024-04-16 04:31:43.884855+02	1	267	1
355	hello	2024-04-16 04:41:49.108079+02	1	267	1
356	hello 	2024-04-16 07:44:05.902485+02	1	249	1
357	how are you (:	2024-04-16 07:44:12.585796+02	1	249	1
358	hi admin	2024-04-16 07:44:19.249072+02	1	248	1
359	Account Details Changed.	2024-04-16 07:44:25.834162+02	3	249	1
360	hello	2024-04-16 07:58:17.537876+02	1	249	1
361	hello	2024-04-16 07:58:17.550935+02	1	249	1
362	hi	2024-04-16 07:58:24.677117+02	1	249	1
363	bro	2024-04-16 07:58:31.779814+02	1	249	1
364	how are you sir	2024-04-16 07:58:38.058977+02	1	249	1
365	buo	2024-04-16 08:08:51.269754+02	1	249	1
366	iam here	2024-04-16 08:08:56.530324+02	1	248	1
367	hi	2024-04-16 08:09:13.030813+02	1	249	1
368	hi	2024-04-16 08:30:49.113236+02	1	249	1
369	kk	2024-04-16 08:46:51.300596+02	1	249	1
370	hi	2024-04-16 09:00:06.722659+02	1	249	1
371	hello	2024-04-16 09:44:05.783923+02	1	249	1
372	Account Details Changed.	2024-04-20 03:54:09.626052+02	3	269	1
373	Thank you for choose me as your booster,	2024-04-20 04:35:06.642428+02	1	277	27
374	hi	2024-04-20 04:35:14.987507+02	1	277	1
375	One of our booster will join chat soon...	2024-04-20 04:37:24.762722+02	1	279	1
376	hi	2024-04-20 04:37:57.825756+02	1	279	1
377	One of our booster will join chat soon...	2024-04-20 04:45:00.542682+02	1	281	1
378	okay	2024-04-20 04:45:17.274153+02	1	281	3
379	Hello	2024-04-21 15:33:01.837154+02	1	283	2
380	hi	2024-04-21 15:34:34.333811+02	1	283	2
381	hi	2024-04-21 15:34:34.34177+02	1	283	2
382	hi	2024-04-21 15:34:34.350746+02	1	283	2
383	hi	2024-04-21 15:34:45.745819+02	1	283	2
384	can i help you ?	2024-04-21 15:34:54.020747+02	1	283	2
385	Account Details Changed.	2024-04-21 15:35:56.915239+02	3	283	1
386	One of our booster will join chat soon...	2024-04-21 16:05:03.766746+02	1	285	1
387	hi	2024-04-21 17:09:55.225315+02	1	285	1
388	One of our booster will join chat soon...	2024-04-21 19:00:33.142872+02	1	287	1
389	hi	2024-04-21 19:02:26.407293+02	1	287	1
390	One of our booster will join chat soon...	2024-04-21 19:10:46.890434+02	1	289	1
391	okay ty	2024-04-21 19:29:37.376729+02	1	289	2
392	hi iam booster	2024-04-21 19:29:57.523225+02	1	289	2
393	hello	2024-04-21 19:38:55.733171+02	1	289	1
394	One of our booster will join chat soon...	2024-04-21 19:40:01.00606+02	1	291	1
395	One of our booster will join chat soon...	2024-04-21 19:41:19.88567+02	1	293	1
396	hello iam shehab (:	2024-04-21 19:43:30.457561+02	1	293	1
397	hi	2024-04-21 19:54:22.06401+02	1	289	2
398	hello	2024-04-21 19:54:33.001009+02	1	293	2
399	hi	2024-04-21 19:54:39.364036+02	1	293	2
400	hello bro (:	2024-04-21 19:54:54.400557+02	1	291	2
401	hello bro (:	2024-04-21 19:54:54.411523+02	1	291	2
402	test	2024-04-21 19:55:10.630094+02	1	291	2
403	test	2024-04-21 19:55:10.643058+02	1	291	2
404	hello	2024-04-21 20:08:42.883357+02	1	289	2
405	hi bro	2024-04-21 20:08:47.590758+02	1	293	2
406	hi bro	2024-04-21 20:08:47.601945+02	1	293	2
407	hi bro	2024-04-21 20:08:47.60793+02	1	293	2
408	hi bro	2024-04-21 20:08:47.615911+02	1	293	2
409	hello	2024-04-21 20:09:00.051584+02	1	289	2
410	hello	2024-04-21 20:09:00.056843+02	1	289	2
411	hi	2024-04-21 20:09:06.592549+02	1	293	2
412	hi	2024-04-21 20:09:06.60599+02	1	293	2
413	hi	2024-04-21 20:09:06.613969+02	1	293	2
414	gg	2024-04-21 20:30:57.998316+02	1	289	2
415	gg bro	2024-04-21 20:31:04.844861+02	1	289	2
416	hello bro how are you ?	2024-04-21 20:31:19.693568+02	1	293	2
417	hello bro how are you ?	2024-04-21 20:31:19.706533+02	1	293	2
418	hello how are you ?	2024-04-21 20:31:35.756386+02	1	289	2
419	hello how are you ?	2024-04-21 20:31:35.768075+02	1	289	2
420	hi	2024-04-21 20:31:46.814608+02	1	289	2
421	hi	2024-04-21 20:31:48.822924+02	1	289	2
422	hi	2024-04-21 20:31:48.838881+02	1	289	2
423	hi	2024-04-21 20:31:48.845863+02	1	289	2
424	hello 	2024-04-21 20:37:16.333011+02	1	293	2
425	hi	2024-04-21 20:37:22.4238+02	1	289	2
426	bb	2024-04-21 20:37:25.291797+02	1	289	2
427	bb	2024-04-21 20:37:32.668842+02	1	293	2
428	bb	2024-04-21 20:37:32.679684+02	1	293	2
429	bb	2024-04-21 20:37:38.797382+02	1	289	2
430	bb	2024-04-21 20:37:38.808675+02	1	289	2
431	bbh	2024-04-21 20:37:41.045719+02	1	289	2
432	bbh	2024-04-21 20:37:41.055813+02	1	289	2
433	gg	2024-04-21 20:41:46.152744+02	1	293	2
434	hello 	2024-04-21 20:45:56.965666+02	1	289	2
435	hi mr chat	2024-04-21 20:46:07.565569+02	1	293	2
436	hello bro how are you ?	2024-04-21 20:46:15.967139+02	1	293	2
437	Account Details Changed.	2024-04-21 20:46:23.687513+02	3	293	1
438	ty	2024-04-21 20:46:31.743932+02	1	293	2
439	bro how are you ?	2024-04-21 20:46:42.845133+02	1	289	2
440	hello	2024-04-21 20:48:46.135387+02	1	293	1
441	hi	2024-04-21 20:48:52.596651+02	1	293	1
442	hello how are you	2024-04-21 20:49:03.046985+02	1	289	2
443	hello	2024-04-21 20:53:06.083414+02	1	293	2
444	hi bro how are you	2024-04-21 20:53:13.852415+02	1	293	2
445	hi	2024-04-21 20:53:26.356212+02	1	289	2
446	hello bro how are you	2024-04-21 20:57:27.211908+02	1	293	2
447	hello	2024-04-21 20:59:46.776876+02	1	293	2
448	hello	2024-04-21 21:01:06.280188+02	1	293	2
449	hi	2024-04-21 21:01:12.230471+02	1	293	2
450	chhhat ecvev	2024-04-21 21:01:17.166095+02	1	293	2
451	hihh	2024-04-21 21:02:09.763488+02	1	289	2
452	hi	2024-04-21 21:03:54.63996+02	1	293	2
453	hello	2024-04-21 21:03:59.658484+02	1	293	2
454	hi	2024-04-21 21:05:07.784467+02	1	293	2
455	hello chat	2024-04-21 21:05:21.060504+02	1	293	2
456	jhhh	2024-04-21 21:05:48.116292+02	1	293	2
457	ll	2024-04-21 21:05:59.469146+02	1	293	1
458	hello i here you now	2024-04-21 21:06:07.96573+02	1	293	2
459	bb	2024-04-21 21:06:20.634176+02	1	289	2
460	hi chat 	2024-04-21 21:06:57.732717+02	1	289	2
461	hi broo (:	2024-04-21 21:12:22.558193+02	1	293	2
462	hellocejvbjdv4	2024-04-21 21:14:10.225122+02	1	293	2
463	buo buo	2024-04-21 21:27:14.185184+02	1	289	2
464	hello	2024-04-21 21:28:02.397729+02	1	289	2
465	hi chat 	2024-04-21 21:28:13.007519+02	1	293	2
466	hello	2024-04-21 21:36:45.881934+02	1	293	1
467	hi	2024-04-21 21:36:52.47608+02	1	292	1
468	hello	2024-04-21 21:38:43.860782+02	1	293	2
469	hello sheha	2024-04-21 21:38:56.222347+02	1	293	1
470	hello booster	2024-04-21 21:39:07.127825+02	1	293	1
471	hi how are you (:	2024-04-21 21:39:15.051538+02	1	293	1
472	hi admin 	2024-04-21 21:39:25.267062+02	1	292	1
473	hello	2024-04-21 21:39:28.268592+02	1	292	1
474	hello admin bro how are you today	2024-04-21 21:39:36.493514+02	1	292	1
475	booster	2024-04-21 21:39:41.960856+02	1	293	1
476	 d	2024-04-21 21:39:43.017509+02	1	293	1
477	vv	2024-04-21 21:39:43.525777+02	1	293	1
478	ve	2024-04-21 21:39:43.82142+02	1	293	1
479	veg	2024-04-21 21:39:44.05954+02	1	293	1
480	eg	2024-04-21 21:39:45.010082+02	1	293	1
481	meny	2024-04-21 21:39:49.154574+02	1	292	1
482	bbb	2024-04-21 21:39:51.377088+02	1	292	1
483	dv	2024-04-21 21:39:51.669878+02	1	292	1
484	dv	2024-04-21 21:39:51.905949+02	1	292	1
485	fv	2024-04-21 21:39:52.17426+02	1	292	1
486	frh	2024-04-21 21:39:53.836628+02	1	292	1
487	n	2024-04-21 21:39:54.209722+02	1	292	1
488	rj	2024-04-21 21:39:54.505705+02	1	292	1
489	hello mr	2024-04-21 21:40:33.692141+02	1	293	2
490	hi chat how are you today	2024-04-21 21:40:44.057688+02	1	293	1
491	hi broo	2024-04-21 21:40:51.543815+02	1	293	1
492	hello	2024-04-21 21:40:58.05389+02	1	292	1
493	hi	2024-04-21 21:41:06.013262+02	1	293	2
494	can i help you /	2024-04-21 21:41:29.533385+02	1	293	2
495	chat	2024-04-21 21:41:33.148333+02	1	292	1
496	hi	2024-04-21 21:41:43.963853+02	1	292	1
497	bro	2024-04-21 21:41:56.435258+02	1	293	2
498	hi	2024-04-21 21:42:13.062311+02	1	292	1
499	hi	2024-04-21 21:42:26.03939+02	1	293	1
500	hello	2024-04-21 21:42:28.483177+02	1	293	1
501	how can i help you today	2024-04-21 21:42:37.461152+02	1	293	1
502	i miss you	2024-04-21 21:42:43.487864+02	1	293	2
503	lets play bro	2024-04-21 21:42:49.432969+02	1	293	1
504	okay lets go	2024-04-21 21:42:56.391484+02	1	293	2
505	you have no img ?	2024-04-21 21:43:08.767737+02	1	293	2
506	yes i havemnt	2024-04-21 21:43:15.495527+02	1	293	1
507	i need to stop resfresh page	2024-04-21 21:43:32.26208+02	1	292	1
508	just now	2024-04-21 21:43:34.965205+02	1	292	1
509	can you help on taht ?	2024-04-21 21:43:40.964996+02	1	292	1
510	this admin chat	2024-04-21 21:43:44.692618+02	1	292	1
511	okay ty	2024-04-21 21:43:55.226267+02	1	293	1
512	One of our booster will join chat soon...	2024-04-21 21:45:10.042417+02	1	295	1
513	okay ty	2024-04-21 21:45:17.76491+02	1	295	10
514	hi	2024-04-21 21:45:38.64133+02	1	293	2
515	how can i help you today ?	2024-04-21 21:45:48.681196+02	1	293	2
516	Hello	2024-04-21 22:10:16.936034+02	1	297	2
517	hello	2024-04-21 22:11:18.927703+02	1	297	10
518	hi	2024-04-21 22:11:32.709203+02	1	296	10
519	hello iam admin i will be here for you	2024-04-21 22:11:53.448415+02	1	296	10
520	ty	2024-04-21 22:11:57.952568+02	1	297	10
521	okay	2024-04-21 22:15:10.743554+02	1	297	10
522	hi bro	2024-04-21 22:15:18.837596+02	1	297	2
523	One of our booster will join chat soon...	2024-04-22 05:50:54.769234+02	1	299	1
524	One of our booster will join chat soon...	2024-05-02 12:04:02.436297+03	1	301	1
525	One of our booster will join chat soon...	2024-05-06 11:09:53.068535+03	1	303	1
526	Account Details Changed.	2024-05-06 11:15:10.203172+03	3	303	1
527	Account Details Changed.	2024-05-06 11:15:13.832817+03	3	303	1
528	Account Details Changed.	2024-05-06 11:15:22.728619+03	3	303	1
529	hi	2024-05-06 11:15:30.761152+03	1	302	1
530	Account Details Changed.	2024-05-06 11:21:15.566039+03	3	303	1
531	Account Details Changed.	2024-05-06 13:40:33.973355+03	3	303	1
532	One of our booster will join chat soon...	2024-05-06 16:34:04.755598+03	1	305	1
533	One of our booster will join chat soon...	2024-05-06 16:51:33.106127+03	1	307	1
534	One of our booster will join chat soon...	2024-05-06 16:55:31.190008+03	1	309	1
535	One of our booster will join chat soon...	2024-05-06 17:00:15.118479+03	1	311	1
536	One of our booster will join chat soon...	2024-05-06 17:16:00.808871+03	1	313	1
537	One of our booster will join chat soon...	2024-05-06 17:17:19.680032+03	1	315	1
538	One of our booster will join chat soon...	2024-05-06 17:50:52.463422+03	1	317	1
539	One of our booster will join chat soon...	2024-05-06 18:04:06.752105+03	1	319	1
540	One of our booster will join chat soon...	2024-05-06 18:28:21.201011+03	1	321	1
541	One of our booster will join chat soon...	2024-05-12 10:42:36.64692+03	1	323	1
542	One of our booster will join chat soon...	2024-05-12 11:15:13.771277+03	1	325	1
543	One of our booster will join chat soon...	2024-05-12 11:15:27.023076+03	1	327	1
544	Account Details Changed.	2024-05-12 14:30:43.144423+03	3	325	1
545	One of our booster will join chat soon...	2024-05-12 14:32:57.353887+03	1	329	1
546	One of our booster will join chat soon...	2024-05-12 14:33:34.153711+03	1	331	1
547	One of our booster will join chat soon...	2024-05-12 14:34:44.892757+03	1	333	1
548	One of our booster will join chat soon...	2024-05-12 14:39:45.817438+03	1	335	1
549	One of our booster will join chat soon...	2024-05-12 15:19:01.519495+03	1	337	1
550	One of our booster will join chat soon...	2024-05-12 15:19:58.594451+03	1	339	1
551	One of our booster will join chat soon...	2024-05-12 15:22:47.789635+03	1	341	1
552	okay	2024-05-12 17:09:37.100951+03	1	341	2
553	hi	2024-05-12 17:10:23.102092+03	1	341	1
554	One of our booster will join chat soon...	2024-05-12 17:28:19.999897+03	1	343	1
555	One of our booster will join chat soon...	2024-05-12 17:29:14.04839+03	1	345	1
556	One of our booster will join chat soon...	2024-05-12 17:37:18.569653+03	1	347	1
557	One of our booster will join chat soon...	2024-05-26 06:28:46.548827+03	1	349	1
558	hello	2024-05-26 12:00:32.753822+03	1	336	1
559	hi	2024-05-26 12:01:21.944799+03	1	336	2
560	hi	2024-05-26 12:04:16.630297+03	1	336	67
561	how can i assist you to day ?	2024-05-26 12:04:26.374461+03	1	336	67
562	hi admin	2024-05-26 12:05:49.99247+03	1	336	1
563	can you help me pls !	2024-05-26 12:05:54.785939+03	1	336	1
564	yes sure	2024-05-26 12:06:02.252138+03	1	336	67
565	One of our booster will join chat soon...	2024-05-29 09:39:27.196828+03	1	351	1
566	One of our booster will join chat soon...	2024-05-29 09:39:27.77654+03	1	353	1
567	One of our booster will join chat soon...	2024-05-29 09:39:27.977387+03	1	355	1
\.


--
-- Data for Name: chat_room; Type: TABLE DATA; Schema: public; Owner: postgres
--

COPY public.chat_room (id, name, slug, order_name, active, is_for_admins, created_on, booster_id, customer_id) FROM stdin;
168	iti-admins-WR196	roomFor-iti-admins-WR196	WR196	t	t	2024-04-08 20:32:22.84444+02	\N	1
169	iti-WR196	roomFor-iti-WR196	WR196	t	f	2024-04-08 20:32:22.848335+02	13	1
170	iti-admins-Valo197	roomFor-iti-admins-Valo197	Valo197	t	t	2024-04-08 20:48:33.815518+02	\N	1
171	iti-Valo197	roomFor-iti-Valo197	Valo197	t	f	2024-04-08 20:48:33.819522+02	\N	1
172	iti-admins-WR198	roomFor-iti-admins-WR198	WR198	t	t	2024-04-11 15:01:28.000388+02	\N	1
173	iti-WR198	roomFor-iti-WR198	WR198	t	f	2024-04-11 15:01:28.011345+02	\N	1
174	iti-admins-WR199	roomFor-iti-admins-WR199	WR199	t	t	2024-04-11 15:02:14.804558+02	\N	1
175	iti-WR199	roomFor-iti-WR199	WR199	t	f	2024-04-11 15:02:14.811541+02	\N	1
176	iti-admins-Pubg200	roomFor-iti-admins-Pubg200	Pubg200	t	t	2024-04-11 15:51:27.057715+02	\N	1
177	iti-Pubg200	roomFor-iti-Pubg200	Pubg200	t	f	2024-04-11 15:51:27.059709+02	\N	1
178	iti-admins-MOBLEG201	roomFor-iti-admins-MOBLEG201	MOBLEG201	t	t	2024-04-11 19:12:49.383198+02	\N	1
179	iti-MOBLEG201	roomFor-iti-MOBLEG201	MOBLEG201	t	f	2024-04-11 19:12:49.389144+02	\N	1
180	iti-admins-MOBLEG204	roomFor-iti-admins-MOBLEG204	MOBLEG204	t	t	2024-04-12 16:52:53.797282+02	\N	1
181	iti-MOBLEG204	roomFor-iti-MOBLEG204	MOBLEG204	t	f	2024-04-12 16:52:53.803445+02	\N	1
182	iti-admins-Pubg205	roomFor-iti-admins-Pubg205	Pubg205	t	t	2024-04-13 15:07:16.149661+02	\N	1
183	iti-Pubg205	roomFor-iti-Pubg205	Pubg205	t	f	2024-04-13 15:07:16.158636+02	2	1
184	iti-admins-Pubg206	roomFor-iti-admins-Pubg206	Pubg206	t	t	2024-04-13 15:11:38.149905+02	\N	1
185	iti-Pubg206	roomFor-iti-Pubg206	Pubg206	t	f	2024-04-13 15:11:38.159882+02	\N	1
186	iti-admins-MOBLEG207	roomFor-iti-admins-MOBLEG207	MOBLEG207	t	t	2024-04-13 15:13:26.224571+02	\N	1
187	iti-MOBLEG207	roomFor-iti-MOBLEG207	MOBLEG207	t	f	2024-04-13 15:13:26.234529+02	2	1
188	iti-admins-MOBLEG209	roomFor-iti-admins-MOBLEG209	MOBLEG209	t	t	2024-04-13 15:31:28.599844+02	\N	1
189	iti-MOBLEG209	roomFor-iti-MOBLEG209	MOBLEG209	t	f	2024-04-13 15:31:28.607824+02	2	1
190	iti-admins-Valo210	roomFor-iti-admins-Valo210	Valo210	t	t	2024-04-13 15:47:02.634732+02	\N	1
191	iti-Valo210	roomFor-iti-Valo210	Valo210	t	f	2024-04-13 15:47:02.642698+02	13	1
192	iti-admins-LOL211	roomFor-iti-admins-LOL211	LOL211	t	t	2024-04-13 15:53:38.769081+02	\N	1
193	iti-LOL211	roomFor-iti-LOL211	LOL211	t	f	2024-04-13 15:53:38.777059+02	2	1
194	iti-admins-LOL212	roomFor-iti-admins-LOL212	LOL212	t	t	2024-04-13 15:55:51.300949+02	\N	1
195	iti-LOL212	roomFor-iti-LOL212	LOL212	t	f	2024-04-13 15:55:51.306932+02	2	1
196	iti-admins-TFT213	roomFor-iti-admins-TFT213	TFT213	t	t	2024-04-13 15:58:59.534871+02	\N	1
197	iti-TFT213	roomFor-iti-TFT213	TFT213	t	f	2024-04-13 15:58:59.543851+02	2	1
198	iti-admins-TFT214	roomFor-iti-admins-TFT214	TFT214	t	t	2024-04-14 11:45:31.255033+02	\N	1
199	iti-TFT214	roomFor-iti-TFT214	TFT214	t	f	2024-04-14 11:45:31.261015+02	2	1
200	iti-admins-WOW216	roomFor-iti-admins-WOW216	WOW216	t	t	2024-04-14 12:17:24.507604+02	\N	1
201	iti-WOW216	roomFor-iti-WOW216	WOW216	t	f	2024-04-14 12:17:24.51658+02	2	1
202	iti-admins-Dota2218	roomFor-iti-admins-Dota2218	Dota2218	t	t	2024-04-14 12:32:06.578318+02	\N	1
203	iti-Dota2218	roomFor-iti-Dota2218	Dota2218	t	f	2024-04-14 12:32:06.580345+02	\N	1
204	iti-admins-WR253	roomFor-iti-admins-WR253	WR253	t	t	2024-04-14 13:09:36.167829+02	\N	1
205	iti-WR253	roomFor-iti-WR253	WR253	t	f	2024-04-14 13:09:36.175807+02	2	1
206	iti-admins-WR258	roomFor-iti-admins-WR258	WR258	t	t	2024-04-14 13:14:10.686892+02	\N	1
207	iti-WR258	roomFor-iti-WR258	WR258	t	f	2024-04-14 13:14:10.69088+02	\N	1
208	iti-admins-LOL260	roomFor-iti-admins-LOL260	LOL260	t	t	2024-04-14 13:16:41.830436+02	\N	1
209	iti-LOL260	roomFor-iti-LOL260	LOL260	t	f	2024-04-14 13:16:41.837421+02	\N	1
210	iti-admins-TFT262	roomFor-iti-admins-TFT262	TFT262	t	t	2024-04-14 13:18:27.867064+02	\N	1
211	iti-TFT262	roomFor-iti-TFT262	TFT262	t	f	2024-04-14 13:18:27.874044+02	\N	1
212	iti-admins-WOW264	roomFor-iti-admins-WOW264	WOW264	t	t	2024-04-14 13:19:26.128389+02	\N	1
213	iti-WOW264	roomFor-iti-WOW264	WOW264	t	f	2024-04-14 13:19:26.137365+02	\N	1
214	iti-admins-WOW266	roomFor-iti-admins-WOW266	WOW266	t	t	2024-04-14 13:28:34.355462+02	\N	1
215	iti-WOW266	roomFor-iti-WOW266	WOW266	t	f	2024-04-14 13:28:34.364439+02	\N	1
216	iti-admins-WOW267	roomFor-iti-admins-WOW267	WOW267	t	t	2024-04-14 13:31:45.343643+02	\N	1
217	iti-WOW267	roomFor-iti-WOW267	WOW267	t	f	2024-04-14 13:31:45.348631+02	\N	1
218	iti-admins-MOBLEG269	roomFor-iti-admins-MOBLEG269	MOBLEG269	t	t	2024-04-14 13:55:14.711103+02	\N	1
219	iti-MOBLEG269	roomFor-iti-MOBLEG269	MOBLEG269	t	f	2024-04-14 13:55:14.723078+02	2	1
220	iti-admins-HEARTHSTONE270	roomFor-iti-admins-HEARTHSTONE270	HEARTHSTONE270	t	t	2024-04-14 14:00:11.27996+02	\N	1
221	iti-HEARTHSTONE270	roomFor-iti-HEARTHSTONE270	HEARTHSTONE270	t	f	2024-04-14 14:00:11.289934+02	2	1
222	iti-admins-RL271	roomFor-iti-admins-RL271	RL271	t	t	2024-04-14 14:04:39.91427+02	\N	1
223	iti-RL271	roomFor-iti-RL271	RL271	t	f	2024-04-14 14:04:39.917264+02	2	1
224	iti-admins-RL272	roomFor-iti-admins-RL272	RL272	t	t	2024-04-14 14:09:51.328105+02	\N	1
225	iti-RL272	roomFor-iti-RL272	RL272	t	f	2024-04-14 14:09:51.334057+02	2	1
226	iti-admins-RL273	roomFor-iti-admins-RL273	RL273	t	t	2024-04-14 14:11:11.031171+02	\N	1
227	iti-RL273	roomFor-iti-RL273	RL273	t	f	2024-04-14 14:11:11.040165+02	\N	1
228	iti-admins-RL279	roomFor-iti-admins-RL279	RL279	t	t	2024-04-14 15:20:50.194785+02	\N	1
229	iti-RL279	roomFor-iti-RL279	RL279	t	f	2024-04-14 15:20:50.201806+02	2	1
230	iti-admins-RL281	roomFor-iti-admins-RL281	RL281	t	t	2024-04-14 15:34:01.882072+02	\N	1
231	iti-RL281	roomFor-iti-RL281	RL281	t	f	2024-04-14 15:34:01.891049+02	\N	1
232	iti-admins-RL284	roomFor-iti-admins-RL284	RL284	t	t	2024-04-14 15:45:05.55878+02	\N	1
233	iti-RL284	roomFor-iti-RL284	RL284	t	f	2024-04-14 15:45:05.566754+02	2	1
234	iti-admins-RL285	roomFor-iti-admins-RL285	RL285	t	t	2024-04-14 15:49:33.758885+02	\N	1
235	iti-RL285	roomFor-iti-RL285	RL285	t	f	2024-04-14 15:49:33.768835+02	2	1
236	iti-admins-Valo287	roomFor-iti-admins-Valo287	Valo287	t	t	2024-04-14 15:54:54.141864+02	\N	1
237	iti-Valo287	roomFor-iti-Valo287	Valo287	t	f	2024-04-14 15:54:54.144856+02	2	1
238	iti-admins-RL288	roomFor-iti-admins-RL288	RL288	t	t	2024-04-14 16:01:13.022325+02	\N	1
239	iti-RL288	roomFor-iti-RL288	RL288	t	f	2024-04-14 16:01:13.030291+02	2	1
240	iti-admins-RL289	roomFor-iti-admins-RL289	RL289	t	t	2024-04-14 16:12:43.384833+02	\N	1
241	iti-RL289	roomFor-iti-RL289	RL289	t	f	2024-04-14 16:12:43.393786+02	2	1
242	iti-admins-WOW290	roomFor-iti-admins-WOW290	WOW290	t	t	2024-04-14 16:29:51.843927+02	\N	1
243	iti-WOW290	roomFor-iti-WOW290	WOW290	t	f	2024-04-14 16:29:51.850909+02	\N	1
244	iti-admins-WOW291	roomFor-iti-admins-WOW291	WOW291	t	t	2024-04-14 16:41:58.119099+02	\N	1
245	iti-WOW291	roomFor-iti-WOW291	WOW291	t	f	2024-04-14 16:41:58.126098+02	2	1
246	iti-admins-HEARTHSTONE292	roomFor-iti-admins-HEARTHSTONE292	HEARTHSTONE292	t	t	2024-04-14 16:50:58.149519+02	\N	1
247	iti-HEARTHSTONE292	roomFor-iti-HEARTHSTONE292	HEARTHSTONE292	t	f	2024-04-14 16:50:58.155503+02	\N	1
248	iti-admins-HS296	roomFor-iti-admins-HS296	HS296	t	t	2024-04-14 16:55:29.281543+02	\N	1
249	iti-HS296	roomFor-iti-HS296	HS296	t	f	2024-04-14 16:55:29.285506+02	\N	1
250	iti-admins-Dota2298	roomFor-iti-admins-Dota2298	Dota2298	t	t	2024-04-14 17:04:20.826445+02	\N	1
251	iti-Dota2298	roomFor-iti-Dota2298	Dota2298	t	f	2024-04-14 17:04:20.835436+02	2	1
252	iti-admins-Dota2299	roomFor-iti-admins-Dota2299	Dota2299	t	t	2024-04-14 17:14:33.258731+02	\N	1
253	iti-Dota2299	roomFor-iti-Dota2299	Dota2299	t	f	2024-04-14 17:14:33.270689+02	2	1
254	iti-admins-HOK300	roomFor-iti-admins-HOK300	HOK300	t	t	2024-04-14 17:21:06.388162+02	\N	1
255	iti-HOK300	roomFor-iti-HOK300	HOK300	t	f	2024-04-14 17:21:06.400132+02	2	1
256	iti-admins-Csgo302	roomFor-iti-admins-Csgo302	Csgo302	t	t	2024-04-14 17:29:22.834033+02	\N	1
257	iti-Csgo302	roomFor-iti-Csgo302	Csgo302	t	f	2024-04-14 17:29:22.838022+02	\N	1
258	iti-admins-Csgo303	roomFor-iti-admins-Csgo303	Csgo303	t	t	2024-04-14 17:42:54.173494+02	\N	1
259	iti-Csgo303	roomFor-iti-Csgo303	Csgo303	t	f	2024-04-14 17:42:54.179054+02	2	1
260	iti-admins-OVW2304	roomFor-iti-admins-OVW2304	OVW2304	t	t	2024-04-14 17:55:22.987942+02	\N	1
261	iti-OVW2304	roomFor-iti-OVW2304	OVW2304	t	f	2024-04-14 17:55:22.991932+02	2	1
262	iti-admins-OVW2308	roomFor-iti-admins-OVW2308	OVW2308	t	t	2024-04-14 18:20:52.288879+02	\N	1
263	iti-OVW2308	roomFor-iti-OVW2308	OVW2308	t	f	2024-04-14 18:20:52.291857+02	2	1
264	iti-admins-Pubg309	roomFor-iti-admins-Pubg309	Pubg309	t	t	2024-04-14 22:07:51.948996+02	\N	1
265	iti-Pubg309	roomFor-iti-Pubg309	Pubg309	t	f	2024-04-14 22:07:51.958559+02	2	1
266	iti-admins-Valo310	roomFor-iti-admins-Valo310	Valo310	t	t	2024-04-15 07:51:47.326141+02	\N	1
267	iti-Valo310	roomFor-iti-Valo310	Valo310	t	f	2024-04-15 07:51:47.336103+02	2	1
268	iti-admins-MOBLEG311	roomFor-iti-admins-MOBLEG311	MOBLEG311	t	t	2024-04-20 03:53:33.433601+02	\N	1
269	iti-MOBLEG311	roomFor-iti-MOBLEG311	MOBLEG311	t	f	2024-04-20 03:53:33.443546+02	\N	1
270	iti-admins-Valo312	roomFor-iti-admins-Valo312	Valo312	t	t	2024-04-20 03:54:49.871623+02	\N	1
271	iti-Valo312	roomFor-iti-Valo312	Valo312	t	f	2024-04-20 03:54:49.8786+02	\N	1
272	iti-admins-Valo313	roomFor-iti-admins-Valo313	Valo313	t	t	2024-04-20 04:31:07.64569+02	\N	1
273	iti-Valo313	roomFor-iti-Valo313	Valo313	t	f	2024-04-20 04:31:07.647686+02	27	1
274	iti-admins-Valo314	roomFor-iti-admins-Valo314	Valo314	t	t	2024-04-20 04:33:49.727593+02	\N	1
275	iti-Valo314	roomFor-iti-Valo314	Valo314	t	f	2024-04-20 04:33:49.736587+02	27	1
276	iti-admins-Valo315	roomFor-iti-admins-Valo315	Valo315	t	t	2024-04-20 04:35:06.628465+02	\N	1
277	iti-Valo315	roomFor-iti-Valo315	Valo315	t	f	2024-04-20 04:35:06.631463+02	27	1
278	iti-admins-MOBLEG316	roomFor-iti-admins-MOBLEG316	MOBLEG316	t	t	2024-04-20 04:37:24.748785+02	\N	1
279	iti-MOBLEG316	roomFor-iti-MOBLEG316	MOBLEG316	t	f	2024-04-20 04:37:24.757735+02	\N	1
280	ahmed-admins-Valo318	roomFor-ahmed-admins-Valo318	Valo318	t	t	2024-04-20 04:45:00.53509+02	\N	3
281	ahmed-Valo318	roomFor-ahmed-Valo318	Valo318	t	f	2024-04-20 04:45:00.537695+02	\N	3
282	iti-admins-WR319	roomFor-iti-admins-WR319	WR319	t	t	2024-04-21 15:33:01.823233+02	\N	1
283	iti-WR319	roomFor-iti-WR319	WR319	t	f	2024-04-21 15:33:01.829373+02	2	1
284	iti-admins-Pubg327	roomFor-iti-admins-Pubg327	Pubg327	t	t	2024-04-21 16:05:03.76176+02	\N	1
285	iti-Pubg327	roomFor-iti-Pubg327	Pubg327	t	f	2024-04-21 16:05:03.764752+02	\N	1
286	iti-admins-Valo337	roomFor-iti-admins-Valo337	Valo337	t	t	2024-04-21 19:00:33.134625+02	\N	1
287	iti-Valo337	roomFor-iti-Valo337	Valo337	t	f	2024-04-21 19:00:33.137885+02	\N	1
288	iti-admins-LOL338	roomFor-iti-admins-LOL338	LOL338	t	t	2024-04-21 19:10:46.875463+02	\N	1
289	iti-LOL338	roomFor-iti-LOL338	LOL338	t	f	2024-04-21 19:10:46.885436+02	\N	1
290	iti-admins-WOW340	roomFor-iti-admins-WOW340	WOW340	t	t	2024-04-21 19:40:00.997086+02	\N	1
291	iti-WOW340	roomFor-iti-WOW340	WOW340	t	f	2024-04-21 19:40:01.004065+02	\N	1
292	iti-admins-Pubg342	roomFor-iti-admins-Pubg342	Pubg342	t	t	2024-04-21 19:41:19.8737+02	\N	1
293	iti-Pubg342	roomFor-iti-Pubg342	Pubg342	t	f	2024-04-21 19:41:19.883676+02	\N	1
294	samy-admins-Pubg346	roomFor-samy-admins-Pubg346	Pubg346	t	t	2024-04-21 21:45:10.021472+02	\N	10
295	samy-Pubg346	roomFor-samy-Pubg346	Pubg346	t	f	2024-04-21 21:45:10.035434+02	\N	10
296	samy-admins-LOL349	roomFor-samy-admins-LOL349	LOL349	t	t	2024-04-21 22:10:16.912097+02	\N	10
297	samy-LOL349	roomFor-samy-LOL349	LOL349	t	f	2024-04-21 22:10:16.92008+02	2	10
298	iti-admins-Valo353	roomFor-iti-admins-Valo353	Valo353	t	t	2024-04-22 05:50:54.75923+02	\N	1
299	iti-Valo353	roomFor-iti-Valo353	Valo353	t	f	2024-04-22 05:50:54.767261+02	\N	1
300	iti-admins-WR354	roomFor-iti-admins-WR354	WR354	t	t	2024-05-02 12:04:02.421951+03	\N	1
301	iti-WR354	roomFor-iti-WR354	WR354	t	f	2024-05-02 12:04:02.432927+03	\N	1
302	iti-admins-Valo355	roomFor-iti-admins-Valo355	Valo355	t	t	2024-05-06 11:09:53.048588+03	\N	1
303	iti-Valo355	roomFor-iti-Valo355	Valo355	t	f	2024-05-06 11:09:53.064546+03	\N	1
304	iti-admins-LOL356	roomFor-iti-admins-LOL356	LOL356	t	t	2024-05-06 16:34:04.748613+03	\N	1
305	iti-LOL356	roomFor-iti-LOL356	LOL356	t	f	2024-05-06 16:34:04.751607+03	\N	1
306	iti-admins-TFT357	roomFor-iti-admins-TFT357	TFT357	t	t	2024-05-06 16:51:33.101087+03	\N	1
307	iti-TFT357	roomFor-iti-TFT357	TFT357	t	f	2024-05-06 16:51:33.104078+03	\N	1
308	iti-admins-MOBLEG358	roomFor-iti-admins-MOBLEG358	MOBLEG358	t	t	2024-05-06 16:55:31.185022+03	\N	1
309	iti-MOBLEG358	roomFor-iti-MOBLEG358	MOBLEG358	t	f	2024-05-06 16:55:31.188013+03	\N	1
310	iti-admins-Dota2359	roomFor-iti-admins-Dota2359	Dota2359	t	t	2024-05-06 17:00:15.106511+03	\N	1
311	iti-Dota2359	roomFor-iti-Dota2359	Dota2359	t	f	2024-05-06 17:00:15.109502+03	\N	1
312	iti-admins-Dota2360	roomFor-iti-admins-Dota2360	Dota2360	t	t	2024-05-06 17:16:00.797894+03	\N	1
313	iti-Dota2360	roomFor-iti-Dota2360	Dota2360	t	f	2024-05-06 17:16:00.804879+03	\N	1
314	iti-admins-Dota2361	roomFor-iti-admins-Dota2361	Dota2361	t	t	2024-05-06 17:17:19.668065+03	\N	1
315	iti-Dota2361	roomFor-iti-Dota2361	Dota2361	t	f	2024-05-06 17:17:19.676043+03	\N	1
316	iti-admins-RL362	roomFor-iti-admins-RL362	RL362	t	t	2024-05-06 17:50:52.449464+03	\N	1
317	iti-RL362	roomFor-iti-RL362	RL362	t	f	2024-05-06 17:50:52.459469+03	\N	1
318	iti-admins-RL363	roomFor-iti-admins-RL363	RL363	t	t	2024-05-06 18:04:06.739112+03	\N	1
319	iti-RL363	roomFor-iti-RL363	RL363	t	f	2024-05-06 18:04:06.747087+03	\N	1
320	iti-admins-OVW2364	roomFor-iti-admins-OVW2364	OVW2364	t	t	2024-05-06 18:28:21.186052+03	\N	1
321	iti-OVW2364	roomFor-iti-OVW2364	OVW2364	t	f	2024-05-06 18:28:21.197024+03	\N	1
322	iti-admins-Pubg365	roomFor-iti-admins-Pubg365	Pubg365	t	t	2024-05-12 10:42:36.636947+03	\N	1
323	iti-Pubg365	roomFor-iti-Pubg365	Pubg365	t	f	2024-05-12 10:42:36.641933+03	\N	1
324	iti-admins-Pubg366	roomFor-iti-admins-Pubg366	Pubg366	t	t	2024-05-12 11:15:13.764295+03	\N	1
325	iti-Pubg366	roomFor-iti-Pubg366	Pubg366	t	f	2024-05-12 11:15:13.767287+03	\N	1
326	iti-admins-Pubg367	roomFor-iti-admins-Pubg367	Pubg367	t	t	2024-05-12 11:15:27.0151+03	\N	1
327	iti-Pubg367	roomFor-iti-Pubg367	Pubg367	t	f	2024-05-12 11:15:27.020104+03	\N	1
328	iti-admins-Valo368	roomFor-iti-admins-Valo368	Valo368	t	t	2024-05-12 14:32:57.337931+03	\N	1
329	iti-Valo368	roomFor-iti-Valo368	Valo368	t	f	2024-05-12 14:32:57.348909+03	\N	1
330	iti-admins-Valo369	roomFor-iti-admins-Valo369	Valo369	t	t	2024-05-12 14:33:34.13975+03	\N	1
331	iti-Valo369	roomFor-iti-Valo369	Valo369	t	f	2024-05-12 14:33:34.148726+03	\N	1
332	iti-admins-Valo370	roomFor-iti-admins-Valo370	Valo370	t	t	2024-05-12 14:34:44.876788+03	\N	1
333	iti-Valo370	roomFor-iti-Valo370	Valo370	t	f	2024-05-12 14:34:44.886775+03	\N	1
334	iti-admins-Pubg371	roomFor-iti-admins-Pubg371	Pubg371	t	t	2024-05-12 14:39:45.809458+03	\N	1
335	iti-Pubg371	roomFor-iti-Pubg371	Pubg371	t	f	2024-05-12 14:39:45.813448+03	\N	1
336	iti-admins-WR373	roomFor-iti-admins-WR373	WR373	t	t	2024-05-12 15:19:01.502526+03	\N	1
337	iti-WR373	roomFor-iti-WR373	WR373	t	f	2024-05-12 15:19:01.508511+03	\N	1
338	iti-admins-WR374	roomFor-iti-admins-WR374	WR374	t	t	2024-05-12 15:19:58.581493+03	\N	1
339	iti-WR374	roomFor-iti-WR374	WR374	t	f	2024-05-12 15:19:58.591469+03	\N	1
340	iti-admins-WR375	roomFor-iti-admins-WR375	WR375	t	t	2024-05-12 15:22:47.774677+03	\N	1
341	iti-WR375	roomFor-iti-WR375	WR375	t	f	2024-05-12 15:22:47.784654+03	\N	1
342	iti-admins-Pubg376	roomFor-iti-admins-Pubg376	Pubg376	t	t	2024-05-12 17:28:19.991921+03	\N	1
343	iti-Pubg376	roomFor-iti-Pubg376	Pubg376	t	f	2024-05-12 17:28:19.997928+03	\N	1
344	iti-admins-Pubg377	roomFor-iti-admins-Pubg377	Pubg377	t	t	2024-05-12 17:29:14.036425+03	\N	1
345	iti-Pubg377	roomFor-iti-Pubg377	Pubg377	t	f	2024-05-12 17:29:14.042406+03	\N	1
346	iti-admins-Pubg378	roomFor-iti-admins-Pubg378	Pubg378	t	t	2024-05-12 17:37:18.560676+03	\N	1
347	iti-Pubg378	roomFor-iti-Pubg378	Pubg378	t	f	2024-05-12 17:37:18.56566+03	\N	1
348	iti-admins-Pubg379	roomFor-iti-admins-Pubg379	Pubg379	t	t	2024-05-26 06:28:46.541833+03	\N	1
349	iti-Pubg379	roomFor-iti-Pubg379	Pubg379	t	f	2024-05-26 06:28:46.546852+03	\N	1
350	iti-admins-Pubg380	roomFor-iti-admins-Pubg380	Pubg380	t	t	2024-05-29 09:39:27.183899+03	\N	1
351	iti-Pubg380	roomFor-iti-Pubg380	Pubg380	t	f	2024-05-29 09:39:27.194646+03	\N	1
352	iti-admins-Pubg381	roomFor-iti-admins-Pubg381	Pubg381	t	t	2024-05-29 09:39:27.770555+03	\N	1
353	iti-Pubg381	roomFor-iti-Pubg381	Pubg381	t	f	2024-05-29 09:39:27.77255+03	\N	1
354	iti-admins-Pubg382	roomFor-iti-admins-Pubg382	Pubg382	t	t	2024-05-29 09:39:27.970408+03	\N	1
355	iti-Pubg382	roomFor-iti-Pubg382	Pubg382	t	f	2024-05-29 09:39:27.973398+03	\N	1
\.


--
-- Data for Name: cryptocurrency_payment_cryptocurrencypayment; Type: TABLE DATA; Schema: public; Owner: postgres
--

COPY public.cryptocurrency_payment_cryptocurrencypayment (id, crypto, crypto_code, address, address_reused, tx_hash, status, crypto_amount, paid_crypto_amount, fiat_amount, fiat_currency, payment_title, payment_description, object_id, created_at, updated_at, child_payment_id, content_type_id, parent_payment_id, user_id) FROM stdin;
\.


--
-- Data for Name: csgo2_csgo2divisionorder; Type: TABLE DATA; Schema: public; Owner: postgres
--

COPY public.csgo2_csgo2divisionorder (order_id, current_division, reached_division, desired_division, current_marks, reached_marks, created_at, updated_at, current_rank_id, desired_rank_id, reached_rank_id) FROM stdin;
\.


--
-- Data for Name: csgo2_csgo2mark; Type: TABLE DATA; Schema: public; Owner: postgres
--

COPY public.csgo2_csgo2mark (id, mark_number, rank_id) FROM stdin;
\.


--
-- Data for Name: csgo2_csgo2premierorder; Type: TABLE DATA; Schema: public; Owner: postgres
--

COPY public.csgo2_csgo2premierorder (created_at, current_division, current_marks, desired_division, order_id, reached_division, reached_marks, updated_at, current_rank_id, desired_rank_id, reached_rank_id) FROM stdin;
\.


--
-- Data for Name: csgo2_csgo2premierprice; Type: TABLE DATA; Schema: public; Owner: postgres
--

COPY public.csgo2_csgo2premierprice (id, price_0_4999, price_5000_7999, price_8000_11999, price_12000_18999, price_19000_20999, price_21000_24999, price_25000_30000) FROM stdin;
1	5.42	6.77	11.28	16.28	30.35	37.61	60.17
\.


--
-- Data for Name: csgo2_csgo2premierrank; Type: TABLE DATA; Schema: public; Owner: postgres
--

COPY public.csgo2_csgo2premierrank (id, rank_name, start_range, end_range) FROM stdin;
1	silver	0	4999
2	grey	5000	9999
3	blue	10000	14999
4	purple	15000	19999
5	pink	20000	24999
6	red	25000	30000
\.


--
-- Data for Name: csgo2_csgo2rank; Type: TABLE DATA; Schema: public; Owner: postgres
--

COPY public.csgo2_csgo2rank (id, rank_name, rank_image, rank_image_url) FROM stdin;
1	Silver I	csgo2/images/silver1.png	\N
2	Silver II	csgo2/images/silver2.png	\N
3	Silver III	csgo2/images/silver3.png	\N
4	Silver IV	csgo2/images/silver4.png	\N
5	Silver Elite	csgo2/images/silver_elite.png	\N
6	SE Master	csgo2/images/se_master.png	\N
7	Gold NV I	csgo2/images/gold_nova1.png	\N
8	Gold NV II	csgo2/images/gold_nova2.png	\N
9	Gold NV III	csgo2/images/gold_nova3.png	\N
10	Gold NV Master	csgo2/images/gold_nova_master.png	\N
11	Master Grd I	csgo2/images/master_guardian1.png	\N
12	Master Grd II	csgo2/images/master_guardian2.png	\N
13	Master Grd Elite	csgo2/images/master_guardian_elite.png	\N
14	D Master Grd	csgo2/images/distinguished_master_guardian.png	\N
15	Leg Eagle	csgo2/images/legendary_eagle.png	\N
16	Leg Eagle Master	csgo2/images/legendary_eagle_master.png	\N
17	Supre Master FC	csgo2/images/supreme_master_first_class.png	\N
18	Global Elite	csgo2/images/global_elite.png	\N
\.


--
-- Data for Name: csgo2_csgo2tier; Type: TABLE DATA; Schema: public; Owner: postgres
--

COPY public.csgo2_csgo2tier (id, "from_I_to_I_next", rank_id) FROM stdin;
1	10	1
2	15	2
3	20	3
4	25	4
5	30	5
6	35	6
7	40	7
8	45	8
9	50	9
10	55	10
11	60	11
12	65	12
13	70	13
14	75	14
15	80	15
16	85	16
17	90	17
18	95	18
\.


--
-- Data for Name: csgo2_csgofaceitorder; Type: TABLE DATA; Schema: public; Owner: postgres
--

COPY public.csgo2_csgofaceitorder (created_at, current_level, desired_level, order_id, reached_level, updated_at) FROM stdin;
\.


--
-- Data for Name: csgo2_csgofaceitprice; Type: TABLE DATA; Schema: public; Owner: postgres
--

COPY public.csgo2_csgofaceitprice (id, from_1_to_2, from_2_to_3, from_3_to_4, from_4_to_5, from_5_to_6, from_6_to_7, from_7_to_8, from_8_to_9, from_9_to_10) FROM stdin;
1	16.68	16.68	19.43	20.83	23.6	27.77	34.72	48.6	62.48
\.


--
-- Data for Name: customer_champion; Type: TABLE DATA; Schema: public; Owner: postgres
--

COPY public.customer_champion (id, name, image, game_id) FROM stdin;
1	Astra	valorant/champions/Astra.png	2
2	Breach	valorant/champions/Breach.png	2
3	Brimstone	valorant/champions/Brimstone.png	2
4	Cypher	valorant/champions/Cypher.png	2
5	Chamber	valorant/champions/Chamber.png	2
6	Jett	valorant/champions/Jett.png	2
7	Kayo	valorant/champions/Kayo.png	2
8	Killjoy	valorant/champions/Killjoy.png	2
9	Omen	valorant/champions/Omen.png	2
10	Phoenix	valorant/champions/Phoenix.png	2
11	Raze	valorant/champions/Raze.png	2
12	Reyna	valorant/champions/Reyna.png	2
13	Sage	valorant/champions/Sage.png	2
14	Skye	valorant/champions/Skye.png	2
15	Sova	valorant/champions/Sova.png	2
16	Viper	valorant/champions/Viper.png	2
17	Yoru	valorant/champions/Yoru.png	2
18	Deadlock	valorant/champions/Deadlock.png	2
19	Fade	valorant/champions/Fade.png	2
20	Gekko	valorant/champions/Gekko.png	2
21	Harbor	valorant/champions/Harbor.png	2
22	Iso	valorant/champions/Iso.png	2
23	Neon	valorant/champions/Neon.png	2
24	Aatrox	wildRift/champions/Aatrox.png	1
25	Ahri	wildRift/champions/Ahri.png	1
26	Akali	wildRift/champions/Akali.png	1
27	Akshan	wildRift/champions/Akshan.png	1
28	Alistar	wildRift/champions/Alistar.png	1
29	Amumu	wildRift/champions/Amumu.png	1
30	Annie	wildRift/champions/Annie.png	1
31	Ashe	wildRift/champions/Ashe.png	1
32	Aurelion_Sol	wildRift/champions/Aurelion_Sol.png	1
33	Blitzcrank	wildRift/champions/Blitzcrank.png	1
34	Brand	wildRift/champions/Brand.png	1
35	Braum	wildRift/champions/Braum.png	1
36	Caitlyn	wildRift/champions/Caitlyn.png	1
37	Camille	wildRift/champions/Camille.png	1
38	Corki	wildRift/champions/Corki.png	1
39	Darius	wildRift/champions/Darius.png	1
40	Diana	wildRift/champions/Diana.png	1
41	Dr._Mundo	wildRift/champions/Dr._Mundo.png	1
42	Draven	wildRift/champions/Draven.png	1
43	Ekko	wildRift/champions/Ekko.png	1
44	Evelynn	wildRift/champions/Evelynn.png	1
45	Ezreal	wildRift/champions/Ezreal.png	1
46	Fiddlesticks	wildRift/champions/Fiddlesticks.png	1
47	Fiora	wildRift/champions/Fiora.png	1
48	Fizz	wildRift/champions/Fizz.png	1
49	Galio	wildRift/champions/Galio.png	1
50	Garen	wildRift/champions/Garen.png	1
51	Gragas	wildRift/champions/Gragas.png	1
52	Graves	wildRift/champions/Graves.png	1
53	Gwen	wildRift/champions/Gwen.png	1
54	Irelia	wildRift/champions/Irelia.png	1
55	Janna	wildRift/champions/Janna.png	1
56	Jarvan_IV	wildRift/champions/Jarvan_IV.png	1
57	Jax	wildRift/champions/Jax.png	1
58	Jayce	wildRift/champions/Jayce.png	1
59	Jhin	wildRift/champions/Jhin.png	1
60	Jinx	wildRift/champions/Jinx.png	1
61	Kai_Sa	wildRift/champions/Kai_Sa.png	1
62	Karma	wildRift/champions/Karma.png	1
63	Kassadin	wildRift/champions/Kassadin.png	1
64	Katarina	wildRift/champions/Katarina.png	1
65	Kayle	wildRift/champions/Kayle.png	1
66	Kayn	wildRift/champions/Kayn.png	1
67	Kennen	wildRift/champions/Kennen.png	1
68	Kha_Zix	wildRift/champions/Kha_Zix.png	1
69	Lee_Sin	wildRift/champions/Lee_Sin.png	1
70	Leona	wildRift/champions/Leona.png	1
71	Lillia	wildRift/champions/Lillia.png	1
72	Lucian	wildRift/champions/Lucian.png	1
73	Lulu	wildRift/champions/Lulu.png	1
74	Lux	wildRift/champions/Lux.png	1
75	Malphite	wildRift/champions/Malphite.png	1
76	Master_Yi	wildRift/champions/Master_Yi.png	1
77	MissFortune	wildRift/champions/MissFortune.png	1
78	Morgana	wildRift/champions/Morgana.png	1
79	Nami	wildRift/champions/Nami.png	1
80	Nasus	wildRift/champions/Nasus.png	1
81	Nautilus	wildRift/champions/Nautilus.png	1
82	Nilah	wildRift/champions/Nilah.png	1
83	Nunu&Willump	wildRift/champions/Nunu&Willump.png	1
84	Olaf	wildRift/champions/Olaf.png	1
85	Orianna	wildRift/champions/Orianna.png	1
86	Ornn	wildRift/champions/Ornn.png	1
87	Pantheon	wildRift/champions/Pantheon.png	1
88	Pyke	wildRift/champions/Pyke.png	1
89	Rakan	wildRift/champions/Rakan.png	1
90	Rammus	wildRift/champions/Rammus.png	1
91	Renekton	wildRift/champions/Renekton.png	1
92	Rengar	wildRift/champions/Rengar.png	1
93	Rhaast	wildRift/champions/Rhaast.png	1
94	Riven	wildRift/champions/Riven.png	1
95	Samira	wildRift/champions/Samira.png	1
96	Senna	wildRift/champions/Senna.png	1
97	Seraphine	wildRift/champions/Seraphine.png	1
98	Sett	wildRift/champions/Sett.png	1
99	ShadowKayn	wildRift/champions/ShadowKayn.png	1
100	Shen	wildRift/champions/Shen.png	1
101	Shyvana	wildRift/champions/Shyvana.png	1
102	Singed	wildRift/champions/Singed.png	1
103	Sion	wildRift/champions/Sion.png	1
104	Sivir	wildRift/champions/Sivir.png	1
105	Sona	wildRift/champions/Sona.png	1
106	Soraka	wildRift/champions/Soraka.png	1
107	Swain	wildRift/champions/Swain.png	1
108	Talon	wildRift/champions/Talon.png	1
109	Teemo	wildRift/champions/Teemo.png	1
110	Thresh	wildRift/champions/Thresh.png	1
111	Tristana	wildRift/champions/Tristana.png	1
112	Tryndamere	wildRift/champions/Tryndamere.png	1
113	Twisted_Fate	wildRift/champions/Twisted_Fate.png	1
114	Twitch	wildRift/champions/Twitch.png	1
115	Urgot	wildRift/champions/Urgot.png	1
116	Varus	wildRift/champions/Varus.png	1
117	Veigar	wildRift/champions/Veigar.png	1
118	Vex	wildRift/champions/Vex.png	1
119	Vi	wildRift/champions/Vi.png	1
120	Vladimir	wildRift/champions/Vladimir.png	1
121	Volibear	wildRift/champions/Volibear.png	1
122	Warwick	wildRift/champions/Warwick.png	1
123	Wukong	wildRift/champions/Wukong.png	1
124	Xayah	wildRift/champions/Xayah.png	1
125	Xin_Zhao	wildRift/champions/Xin_Zhao.png	1
126	Yasuo	wildRift/champions/Yasuo.png	1
127	Yone	wildRift/champions/Yone.png	1
128	Yuumi	wildRift/champions/Yuumi.png	1
129	Zed	wildRift/champions/Zed.png	1
130	Zeri	wildRift/champions/Zeri.png	1
131	Ziggs	wildRift/champions/Ziggs.png	1
132	Zoe	wildRift/champions/Zoe.png	1
133	Zyra	wildRift/champions/Zyra.png	1
134	Aatrox	lol/champions/Aatrox.png	4
135	Ahri	lol/champions/Ahri.png	4
136	Akali	lol/champions/Akali.png	4
137	Akshan	lol/champions/Akshan.png	4
138	Alistar	lol/champions/Alistar.png	4
139	Amumu	lol/champions/Amumu.png	4
140	Anivia	lol/champions/Anivia.png	4
141	Annie	lol/champions/Annie.png	4
142	Aphelios	lol/champions/Aphelios.png	4
143	Ashe	lol/champions/Ashe.png	4
144	Aurelion Sol	lol/champions/Aurelion_Sol.png	4
145	Azir	lol/champions/Azir.png	4
146	Bard	lol/champions/Bard.png	4
147	BelVeth	lol/champions/BelVeth.png	4
148	Blitzcrank	lol/champions/Blitzcrank.png	4
149	Brand	lol/champions/Brand.png	4
150	Braum	lol/champions/Braum.png	4
151	Briar	lol/champions/Briar.png	4
152	Caitlyn	lol/champions/Caitlyn.png	4
153	Camille	lol/champions/Camille.png	4
154	Cassiopeia	lol/champions/Cassiopeia.png	4
155	ChoGath	lol/champions/Cho_Gath.png	4
156	Corki	lol/champions/Corki.png	4
157	Darius	lol/champions/Darius.png	4
158	Diana	lol/champions/Diana.png	4
159	Dr. Mundo	lol/champions/Dr._Mundo.png	4
160	Draven	lol/champions/Draven.png	4
161	Ekko	lol/champions/Ekko.png	4
162	Elise	lol/champions/Elise.png	4
163	Evelynn	lol/champions/Evelynn.png	4
164	Ezreal	lol/champions/Ezreal.png	4
165	Fiddlesticks	lol/champions/Fiddlesticks.png	4
166	Fiora	lol/champions/Fiora.png	4
167	Fizz	lol/champions/Fizz.png	4
168	Galio	lol/champions/Galio.png	4
169	Gangplank	lol/champions/Gangplank.png	4
170	Garen	lol/champions/Garen.png	4
171	Gnar	lol/champions/Gnar.png	4
172	Gragas	lol/champions/Gragas.png	4
173	Graves	lol/champions/Graves.png	4
174	Gwen	lol/champions/Gwen.png	4
175	Hecarim	lol/champions/Hecarim.png	4
176	Heimerdinger	lol/champions/Heimerdinger.png	4
177	Hwei	lol/champions/Hwei.png	4
178	Illaoi	lol/champions/Illaoi.png	4
179	Irelia	lol/champions/Irelia.png	4
180	Ivern	lol/champions/Ivern.png	4
181	Janna	lol/champions/Janna.png	4
182	Jarvan IV	lol/champions/Jarvan_IV.png	4
183	Jax	lol/champions/Jax.png	4
184	Jayce	lol/champions/Jayce.png	4
185	Jhin	lol/champions/Jhin.png	4
186	Jinx	lol/champions/Jinx.png	4
187	KaiSa	lol/champions/Kai_Sa.png	4
188	Kalista	lol/champions/Kalista.png	4
189	Karma	lol/champions/Karma.png	4
190	Karthus	lol/champions/Karthus.png	4
191	Kassadin	lol/champions/Kassadin.png	4
192	Katarina	lol/champions/Katarina.png	4
193	Kayle	lol/champions/Kayle.png	4
194	Kayn	lol/champions/Kayn.png	4
195	Kennen	lol/champions/Kennen.png	4
196	KhaZix	lol/champions/Kha_Zix.png	4
197	Kindred	lol/champions/Kindred.png	4
198	Kled	lol/champions/Kled.png	4
199	KogMaw	lol/champions/KogMaw.png	4
200	Ksante	lol/champions/Ksante.png	4
201	LeBlanc	lol/champions/LeBlanc.png	4
202	Lee Sin	lol/champions/Lee_Sin.png	4
203	Leona	lol/champions/Leona.png	4
204	Lillia	lol/champions/Lillia.png	4
205	Lissandra	lol/champions/Lissandra.png	4
206	Lucian	lol/champions/Lucian.png	4
207	Lulu	lol/champions/Lulu.png	4
208	Lux	lol/champions/Lux.png	4
209	Malphite	lol/champions/Malphite.png	4
210	Malzahar	lol/champions/Malzahar.png	4
211	Maokai	lol/champions/Maokai.png	4
212	Master Yi	lol/champions/Master_Yi.png	4
213	Milio	lol/champions/Milio.png	4
214	Miss Fortune	lol/champions/MissFortune.png	4
215	Mordekaiser	lol/champions/Mordekaiser.png	4
216	Morgana	lol/champions/Morgana.png	4
217	Naafiri	lol/champions/Naafiri.png	4
218	Nami	lol/champions/Nami.png	4
219	Nasus	lol/champions/Nasus.png	4
220	Nautilus	lol/champions/Nautilus.png	4
221	Neeko	lol/champions/Neeko.png	4
222	Nidalee	lol/champions/Nidalee.png	4
223	Nilah	lol/champions/Nilah.png	4
224	Nocturne	lol/champions/Nocturne.png	4
225	Nunu & Willump	lol/champions/Nunu&Willump.png	4
226	Olaf	lol/champions/Olaf.png	4
227	Orianna	lol/champions/Orianna.png	4
228	Ornn	lol/champions/Ornn.png	4
229	Pantheon	lol/champions/Pantheon.png	4
230	Poppy	lol/champions/Poppy.png	4
231	Pyke	lol/champions/Pyke.png	4
232	Qiyana	lol/champions/Qiyana.png	4
233	Quinn	lol/champions/Quinn.png	4
234	Rakan	lol/champions/Rakan.png	4
235	Rammus	lol/champions/Rammus.png	4
236	RekSai	lol/champions/RekSai.png	4
237	Rell	lol/champions/Rell.png	4
238	Renata Glass	lol/champions/Renata Glass.png	4
239	Renekton	lol/champions/Renekton.png	4
240	Rengar	lol/champions/Rengar.png	4
241	Riven	lol/champions/Riven.png	4
242	Rumble	lol/champions/Rumble.png	4
243	Ryze	lol/champions/Ryze.png	4
244	Samira	lol/champions/Samira.png	4
245	Sejuani	lol/champions/Sejuani.png	4
246	Senna	lol/champions/Senna.png	4
247	Seraphine	lol/champions/Seraphine.png	4
248	Sett	lol/champions/Sett.png	4
249	Shaco	lol/champions/Shaco.png	4
250	Shen	lol/champions/Shen.png	4
251	Shyvana	lol/champions/Shyvana.png	4
252	Singed	lol/champions/Singed.png	4
253	Sion	lol/champions/Sion.png	4
254	Sivir	lol/champions/Sivir.png	4
255	Skarner	lol/champions/Skarner.png	4
256	Smolder	lol/champions/Smolder.png	4
257	Sona	lol/champions/Sona.png	4
258	Soraka	lol/champions/Soraka.png	4
259	Swain	lol/champions/Swain.png	4
260	Sylas	lol/champions/Sylas.png	4
261	Syndra	lol/champions/Syndra.png	4
262	Tahm Kench	lol/champions/Tahm_Kench.png	4
263	Taliyah	lol/champions/Taliyah.png	4
264	Talon	lol/champions/Talon.png	4
265	Taric	lol/champions/Taric.png	4
266	Teemo	lol/champions/Teemo.png	4
267	Thresh	lol/champions/Thresh.png	4
268	Tristana	lol/champions/Tristana.png	4
269	Trundle	lol/champions/Trundle.png	4
270	Tryndamere	lol/champions/Tryndamere.png	4
271	Twisted Fate	lol/champions/Twisted_Fate.png	4
272	Twitch	lol/champions/Twitch.png	4
273	Udyr	lol/champions/Udyr.png	4
274	Urgot	lol/champions/Urgot.png	4
275	Varus	lol/champions/Varus.png	4
276	Vayne	lol/champions/Vayne.png	4
277	Veigar	lol/champions/Veigar.png	4
278	VelKoz	lol/champions/VelKoz.png	4
279	Vex	lol/champions/Vex.png	4
280	Vi	lol/champions/Vi.png	4
281	Viego	lol/champions/Viego.png	4
282	Viktor	lol/champions/Viktor.png	4
283	Vladimir	lol/champions/Vladimir.png	4
284	Volibear	lol/champions/Volibear.png	4
285	Warwick	lol/champions/Warwick.png	4
286	Wukong	lol/champions/Wukong.png	4
287	Xayah	lol/champions/Xayah.png	4
288	Xerath	lol/champions/Xerath.png	4
289	Xin Zhao	lol/champions/Xin_Zhao.png	4
290	Yasuo	lol/champions/Yasuo.png	4
291	Yone	lol/champions/Yone.png	4
292	Yorick	lol/champions/Yorick.png	4
293	Yuumi	lol/champions/Yuumi.png	4
294	Zac	lol/champions/Zac.png	4
295	Zed	lol/champions/Zed.png	4
296	Zeri	lol/champions/Zeri.png	4
297	Ziggs	lol/champions/Ziggs.png	4
298	Zilean	lol/champions/Zilean.png	4
299	Zoe	lol/champions/Zoe.png	4
300	Zyra	lol/champions/Zyra.png	4
\.


--
-- Data for Name: customer_customorder; Type: TABLE DATA; Schema: public; Owner: postgres
--

COPY public.customer_customorder (id, email, "order", customer_id, game_id) FROM stdin;
\.


--
-- Data for Name: dashboard_adminlogentry; Type: TABLE DATA; Schema: public; Owner: postgres
--

COPY public.dashboard_adminlogentry (id, action, model, details, "timestamp", user_id) FROM stdin;
\.


--
-- Data for Name: django_admin_log; Type: TABLE DATA; Schema: public; Owner: postgres
--

COPY public.django_admin_log (id, action_time, object_id, object_repr, action_flag, change_message, content_type_id, user_id) FROM stdin;
1	2024-02-28 06:48:25.689414+02	1	BoosterPercent object (1)	1	[{"added": {}}]	53	1
2	2024-02-28 07:02:33.006036+02	2	shethr999@gmail.com	1	[{"added": {}}]	51	1
3	2024-02-28 07:03:08.91035+02	2	shethr999@gmail.com	2	[{"changed": {"fields": ["First name", "Last name", "Country", "Is booster", "Last login"]}}]	51	1
4	2024-02-28 07:03:23.546095+02	2	shehab	2	[{"changed": {"fields": ["Username", "Email address"]}}]	51	1
5	2024-02-28 07:05:14.905611+02	1	shehab	1	[{"added": {}}]	6	1
6	2024-02-28 07:48:14.373398+02	13	iti have [WILDRIFT] order - From BRONZE II Marks 0 To EMERALD II	3		52	1
7	2024-02-28 07:48:14.382373+02	12	iti have [WILDRIFT] order - From BRONZE II Marks 0 To EMERALD II	3		52	1
8	2024-02-28 07:48:14.38337+02	11	iti have [WILDRIFT] order - From BRONZE II Marks 0 To EMERALD II	3		52	1
9	2024-02-28 07:48:14.384369+02	10	iti have [WILDRIFT] order - From BRONZE II Marks 0 To EMERALD II	3		52	1
10	2024-02-28 07:48:14.385366+02	9	iti have [WILDRIFT] order - From BRONZE II Marks 0 To EMERALD II	3		52	1
11	2024-02-28 07:48:14.387361+02	8	iti have [WILDRIFT] order - From BRONZE II Marks 0 To EMERALD II	3		52	1
12	2024-02-28 07:48:14.389355+02	7	iti have [WILDRIFT] order - From BRONZE II Marks 0 To EMERALD II	3		52	1
13	2024-02-28 07:48:14.390353+02	6	iti have [WILDRIFT] order - From BRONZE II Marks 0 To EMERALD II	3		52	1
14	2024-02-28 07:48:14.39135+02	5	iti have [WILDRIFT] order - From BRONZE II Marks 0 To EMERALD II	3		52	1
15	2024-02-28 07:48:14.392347+02	4	iti have [WILDRIFT] order - From BRONZE II Marks 0 To EMERALD II	3		52	1
16	2024-02-28 07:48:14.393344+02	3	iti have [WILDRIFT] order - From BRONZE II Marks 0 To EMERALD II	3		52	1
17	2024-02-28 07:48:14.393344+02	2	iti have [WILDRIFT] order - From BRONZE II Marks 0 To EMERALD II	3		52	1
18	2024-02-28 07:48:14.394342+02	1	iti have [WILDRIFT] order - From BRONZE II Marks 0 To EMERALD III	3		52	1
19	2024-02-28 07:48:32.784893+02	9	iti WITHDRAWAL 27.78$	3		56	1
20	2024-02-28 07:48:32.793177+02	8	iti WITHDRAWAL 27.78$	3		56	1
21	2024-02-28 07:48:32.795177+02	7	iti WITHDRAWAL 27.78$	3		56	1
22	2024-02-28 07:48:32.796173+02	6	iti WITHDRAWAL 27.78$	3		56	1
23	2024-02-28 07:48:32.797169+02	5	iti WITHDRAWAL 27.78$	3		56	1
24	2024-02-28 07:48:32.798167+02	4	iti WITHDRAWAL 27.78$	3		56	1
25	2024-02-28 07:48:32.799164+02	3	shehab DEPOSIT 4.0$	3		56	1
26	2024-02-28 07:48:32.800161+02	1	iti WITHDRAWAL 164.83$	3		56	1
27	2024-02-28 07:48:48.968201+02	13	iti have [WILDRIFT] order - From BRONZE II Marks 0 To EMERALD II	3		52	1
28	2024-02-28 07:48:48.977299+02	12	iti have [WILDRIFT] order - From BRONZE II Marks 0 To EMERALD II	3		52	1
29	2024-02-28 07:48:48.978293+02	11	iti have [WILDRIFT] order - From BRONZE II Marks 0 To EMERALD II	3		52	1
30	2024-02-28 07:48:48.979957+02	10	iti have [WILDRIFT] order - From BRONZE II Marks 0 To EMERALD II	3		52	1
31	2024-02-28 07:48:48.981142+02	9	iti have [WILDRIFT] order - From BRONZE II Marks 0 To EMERALD II	3		52	1
32	2024-02-28 07:48:48.982144+02	8	iti have [WILDRIFT] order - From BRONZE II Marks 0 To EMERALD II	3		52	1
33	2024-02-28 07:48:48.98414+02	7	iti have [WILDRIFT] order - From BRONZE II Marks 0 To EMERALD II	3		52	1
34	2024-02-28 07:48:48.985137+02	6	iti have [WILDRIFT] order - From BRONZE II Marks 0 To EMERALD II	3		52	1
35	2024-02-28 07:48:48.986135+02	5	iti have [WILDRIFT] order - From BRONZE II Marks 0 To EMERALD II	3		52	1
36	2024-02-28 07:48:48.988133+02	4	iti have [WILDRIFT] order - From BRONZE II Marks 0 To EMERALD II	3		52	1
37	2024-02-28 07:48:48.99112+02	3	iti have [WILDRIFT] order - From BRONZE II Marks 0 To EMERALD II	3		52	1
38	2024-02-28 07:48:48.992117+02	2	iti have [WILDRIFT] order - From BRONZE II Marks 0 To EMERALD II	3		52	1
39	2024-02-28 07:48:48.993114+02	1	iti have [WILDRIFT] order - From BRONZE II Marks 0 To EMERALD III	3		52	1
40	2024-02-29 08:33:43.938834+02	1	iti	2	[{"changed": {"fields": ["Is customer"]}}]	51	1
41	2024-02-29 08:34:16.259994+02	24	iti have [WILDRIFT] order - From BRONZE I Marks 0 To EMERALD III	2	[]	52	1
42	2024-02-29 08:37:44.063314+02	24	iti have [WILDRIFT] order - From BRONZE I Marks 0 To EMERALD III	3		52	1
43	2024-02-29 08:37:44.071748+02	23	iti have [WILDRIFT] order - From BRONZE II Marks 0 To EMERALD III	3		52	1
44	2024-02-29 08:37:44.073748+02	22	iti have [WILDRIFT] order - From BRONZE II Marks 0 To EMERALD III	3		52	1
45	2024-02-29 08:37:44.074745+02	21	iti have [WILDRIFT] order - From PLATINUM I Marks 4 To EMERALD I	3		52	1
46	2024-02-29 08:37:44.076738+02	20	iti have [WILDRIFT] order - From PLATINUM I Marks 4 To EMERALD I	3		52	1
47	2024-02-29 08:37:44.078734+02	19	iti have [WILDRIFT] order - From BRONZE II Marks 0 To EMERALD III	3		52	1
48	2024-02-29 08:37:44.080728+02	18	iti have [WILDRIFT] order - From BRONZE II Marks 0 To EMERALD III	3		52	1
49	2024-02-29 08:37:44.08214+02	17	iti have [WILDRIFT] order - From BRONZE II Marks 0 To EMERALD III	3		52	1
50	2024-02-29 08:37:44.082639+02	16	iti have [WILDRIFT] order - From BRONZE II Marks 0 To EMERALD III	3		52	1
51	2024-02-29 08:37:44.083638+02	15	iti have [WILDRIFT] order - From BRONZE II Marks 0 To EMERALD III	3		52	1
52	2024-02-29 08:37:44.084636+02	14	iti have [WILDRIFT] order - From BRONZE II Marks 0 To EMERALD III	3		52	1
53	2024-02-29 08:38:04.520405+02	20	iti WITHDRAWAL 337.43$	3		56	1
54	2024-02-29 08:38:04.529862+02	19	iti WITHDRAWAL 164.83$	3		56	1
55	2024-02-29 08:38:04.531855+02	18	iti WITHDRAWAL 164.83$	3		56	1
56	2024-02-29 08:38:04.532885+02	17	iti WITHDRAWAL 102.23$	3		56	1
57	2024-02-29 08:38:04.533881+02	16	iti WITHDRAWAL 102.23$	3		56	1
58	2024-02-29 08:38:04.535844+02	15	iti WITHDRAWAL 164.83$	3		56	1
59	2024-02-29 08:38:04.536858+02	14	iti WITHDRAWAL 164.83$	3		56	1
60	2024-02-29 08:38:04.537948+02	13	iti WITHDRAWAL 164.83$	3		56	1
61	2024-02-29 08:38:04.539042+02	12	iti WITHDRAWAL 164.83$	3		56	1
62	2024-02-29 08:38:04.539612+02	11	iti WITHDRAWAL 164.83$	3		56	1
63	2024-02-29 08:38:04.540612+02	10	iti WITHDRAWAL 164.83$	3		56	1
64	2024-02-29 08:38:18.07748+02	24	iti have [WILDRIFT] order - From BRONZE I Marks 0 To EMERALD III	3		52	1
65	2024-02-29 08:38:18.088177+02	23	iti have [WILDRIFT] order - From BRONZE II Marks 0 To EMERALD III	3		52	1
66	2024-02-29 08:38:18.089174+02	22	iti have [WILDRIFT] order - From BRONZE II Marks 0 To EMERALD III	3		52	1
67	2024-02-29 08:38:18.090173+02	21	iti have [WILDRIFT] order - From PLATINUM I Marks 4 To EMERALD I	3		52	1
68	2024-02-29 08:38:18.091169+02	20	iti have [WILDRIFT] order - From PLATINUM I Marks 4 To EMERALD I	3		52	1
1336	2024-04-21 18:12:47.208507+02	1	iti	2	[]	51	1
69	2024-02-29 08:38:18.093127+02	19	iti have [WILDRIFT] order - From BRONZE II Marks 0 To EMERALD III	3		52	1
70	2024-02-29 08:38:18.095124+02	18	iti have [WILDRIFT] order - From BRONZE II Marks 0 To EMERALD III	3		52	1
71	2024-02-29 08:38:18.097121+02	17	iti have [WILDRIFT] order - From BRONZE II Marks 0 To EMERALD III	3		52	1
72	2024-02-29 08:38:18.098116+02	16	iti have [WILDRIFT] order - From BRONZE II Marks 0 To EMERALD III	3		52	1
73	2024-02-29 08:38:18.099113+02	15	iti have [WILDRIFT] order - From BRONZE II Marks 0 To EMERALD III	3		52	1
74	2024-02-29 08:38:18.100111+02	14	iti have [WILDRIFT] order - From BRONZE II Marks 0 To EMERALD III	3		52	1
75	2024-02-29 09:08:29.500209+02	26	iti have [WILDRIFT] order - From BRONZE II Marks 0 To GOLD III	2	[{"changed": {"fields": ["Booster"]}}]	52	1
76	2024-02-29 09:15:36.555807+02	1	iti Has 0.0$	2	[{"changed": {"fields": ["Money"]}}]	55	1
77	2024-02-29 09:16:25.686954+02	2	shehab Has 0.0$	2	[{"changed": {"fields": ["Money"]}}]	55	1
78	2024-03-01 19:48:34.786888+02	29	iti have [VALORANT] order - From BRONZE III 0-20 RR To DIAMOND III	3		52	1
79	2024-03-01 19:48:53.641907+02	29	iti have [VALORANT] order - From BRONZE III 0-20 RR To DIAMOND III	2	[{"changed": {"fields": ["Booster"]}}]	52	1
80	2024-03-01 19:49:18.601554+02	26	iti WITHDRAWAL 164.83$	3		56	1
81	2024-03-01 19:49:18.613318+02	25	iti WITHDRAWAL 55.0$	3		56	1
82	2024-03-01 19:49:18.615343+02	24	iti WITHDRAWAL 71.34$	3		56	1
83	2024-03-01 19:49:18.617536+02	23	iti WITHDRAWAL 708.69$	3		56	1
84	2024-03-01 19:49:18.621524+02	22	iti WITHDRAWAL 43.82$	3		56	1
85	2024-03-01 19:49:18.624521+02	21	iti WITHDRAWAL 955.0$	3		56	1
86	2024-03-01 19:49:29.681716+02	29	iti have [VALORANT] order - From BRONZE III 0-20 RR To DIAMOND III	3		52	1
87	2024-03-01 19:55:39.266075+02	27	From IRON IV Marks 0 To MASTER IV	2	[{"changed": {"fields": ["Reached rank"]}}]	11	1
88	2024-03-01 20:10:06.777268+02	34	From BRONZE II Marks 3 To PLATINUM II	2	[{"changed": {"fields": ["Reached division"]}}]	11	1
89	2024-03-01 20:10:39.896932+02	34	From BRONZE II Marks 3 To PLATINUM II	2	[{"changed": {"fields": ["Reached rank"]}}]	11	1
90	2024-03-01 20:13:06.775912+02	34	From BRONZE II Marks 3 To PLATINUM II	2	[{"changed": {"fields": ["Reached division"]}}]	11	1
91	2024-03-01 20:13:35.582287+02	34	From BRONZE II Marks 3 To PLATINUM II	2	[{"changed": {"fields": ["Reached rank"]}}]	11	1
92	2024-03-01 20:19:39.534607+02	8	Tiers for master	1	[{"added": {}}]	9	1
93	2024-03-01 20:34:07.746327+02	34	From BRONZE II Marks 3 To PLATINUM II	2	[]	11	1
94	2024-03-01 20:34:29.868446+02	34	From BRONZE II Marks 3 To PLATINUM II	2	[{"changed": {"fields": ["Reached rank"]}}]	11	1
95	2024-03-01 20:41:59.229897+02	2	Tiers for bronze	2	[{"changed": {"fields": ["From IV to III", "From III to II", "From II to I", "From I to IV next"]}}]	9	1
96	2024-03-02 15:31:44.408276+02	1	Tiers for warrior	1	[{"added": {}}]	63	1
97	2024-03-02 15:31:58.541773+02	2	Tiers for elite	1	[{"added": {}}]	63	1
98	2024-03-02 15:32:09.138894+02	2	Tiers for elite	2	[{"changed": {"fields": ["From IV to III", "From III to II", "From II to I", "From I to V next"]}}]	63	1
99	2024-03-02 15:33:18.280552+02	3	Tiers for master	1	[{"added": {}}]	63	1
100	2024-03-02 15:33:50.776054+02	4	Tiers for grandmaster	1	[{"added": {}}]	63	1
101	2024-03-02 15:34:14.992088+02	5	Tiers for epic	1	[{"added": {}}]	63	1
102	2024-03-02 15:34:46.481454+02	6	Tiers for legend	1	[{"added": {}}]	63	1
103	2024-03-02 15:35:43.106865+02	7	Tiers for mythic	1	[{"added": {}}]	63	1
104	2024-03-02 15:35:58.703441+02	8	Tiers for mythical honor	1	[{"added": {}}]	63	1
105	2024-03-02 15:36:15.104247+02	9	Tiers for mythical glory	1	[{"added": {}}]	63	1
106	2024-03-02 15:40:14.483336+02	1	warrior -> Marks 0-20 : 0.5, Marks 21_40 : 1.0, Marks 41_60 : 1.5, Marks 61_80 : 0.0, Marks 81_99 : 0.0, Marks Series : 0.0	1	[{"added": {}}]	65	1
107	2024-03-02 15:41:21.369192+02	1	warrior Marks	2	[]	65	1
108	2024-03-02 15:41:49.464794+02	2	elite Marks	1	[{"added": {}}]	65	1
109	2024-03-02 15:42:44.362144+02	3	master Marks	1	[{"added": {}}]	65	1
110	2024-03-02 15:44:06.20711+02	4	grandmaster Marks	1	[{"added": {}}]	65	1
111	2024-03-02 15:44:22.366858+02	5	epic Marks	1	[{"added": {}}]	65	1
112	2024-03-02 15:45:15.90451+02	6	legend Marks	1	[{"added": {}}]	65	1
113	2024-03-02 16:22:10.106287+02	38	iti have [MOBLEG] order - order	1	[{"added": {}}]	52	1
114	2024-03-02 16:22:15.933163+02	38	From WARRIOR IV 21-40 LP To ELITE III	1	[{"added": {}}]	66	1
115	2024-03-02 16:22:41.800237+02	38	From GRANDMASTER I 21-40 LP To ELITE III	2	[{"changed": {"fields": ["Current rank"]}}]	66	1
116	2024-03-02 16:22:52.062676+02	38	From MYTHICAL HONOR 8 21-40 LP To ELITE III	2	[{"changed": {"fields": ["Current rank"]}}]	66	1
117	2024-03-02 16:23:40.479674+02	38	From MYTHICAL HONOR 8 21-40 LP To ELITE III	2	[{"changed": {"fields": ["Current division"]}}]	66	1
118	2024-03-02 16:23:54.890862+02	38	From MYTHICAL IMMORTAL 10 21-40 LP To ELITE III	2	[{"changed": {"fields": ["Current rank", "Current division"]}}]	66	1
119	2024-03-02 16:24:05.405149+02	38	From MYTHICAL IMMORTAL 10 21-40 LP To ELITE III	2	[{"changed": {"fields": ["Current division"]}}]	66	1
120	2024-03-02 16:24:24.505384+02	38	From MYTHICAL GLORY 9 21-40 LP To ELITE III	2	[{"changed": {"fields": ["Current rank", "Current division"]}}]	66	1
121	2024-03-02 16:24:30.743099+02	38	From MYTHICAL GLORY 9 21-40 LP To ELITE III	2	[{"changed": {"fields": ["Current division"]}}]	66	1
122	2024-03-02 16:24:38.377178+02	38	From GRANDMASTER I 21-40 LP To ELITE III	2	[{"changed": {"fields": ["Current rank", "Current division"]}}]	66	1
123	2024-03-02 16:25:45.05487+02	38	From LEGEND 6 21-40 LP To ELITE III	2	[{"changed": {"fields": ["Current rank"]}}]	66	1
124	2024-03-02 16:26:17.227469+02	38	From LEGEND 6 21-40 LP To ELITE III	2	[{"changed": {"fields": ["Current division"]}}]	66	1
125	2024-03-02 16:28:54.881806+02	31	From MYTHICAL HONOR 8 21-40 LP To WARRIOR IV	1	[{"added": {}}]	66	1
126	2024-03-02 16:29:26.095935+02	31	From MYTHICAL HONOR 8 21-40 LP To MYTHICAL IMMORTAL 10	2	[{"changed": {"fields": ["Desired rank", "Current division", "Reached division"]}}]	66	1
127	2024-03-02 16:29:57.292469+02	31	From MYTHICAL HONOR 8 21-40 LP To MYTHICAL IMMORTAL 10	2	[{"changed": {"fields": ["Current division", "Reached division", "Desired division"]}}]	66	1
128	2024-03-02 16:34:38.297835+02	31	From MYTHICAL HONOR 8 21-40 LP To MYTHICAL IMMORTAL 10	3		66	1
129	2024-03-02 16:34:51.662953+02	38	From LEGEND 6 21-40 LP To ELITE III	3		66	1
130	2024-03-02 16:38:27.478047+02	38	From MYTHIC 7 SERIES LP To MYTHICAL IMMORTAL 10	1	[{"added": {}}]	66	1
204	2024-03-05 08:14:51.238084+02	20	Message is :- hi	3		59	1
205	2024-03-05 08:14:51.240078+02	19	Message is :- hi	3		59	1
131	2024-03-02 16:39:40.372569+02	38	From MYTHIC 7 SERIES LP To MYTHICAL IMMORTAL 10	2	[{"changed": {"fields": ["Reached rank", "Current division", "Reached division", "Desired division"]}}]	66	1
132	2024-03-02 16:40:04.907996+02	38	From MYTHIC 7 SERIES LP To MYTHICAL IMMORTAL 10	2	[{"changed": {"fields": ["Current division", "Reached division", "Desired division", "Reached marks"]}}]	66	1
133	2024-03-02 16:40:15.312437+02	38	From MYTHIC 7 61-80 LP To MYTHICAL IMMORTAL 10	2	[{"changed": {"fields": ["Current division", "Reached division", "Desired division", "Current marks"]}}]	66	1
134	2024-03-02 16:40:22.290652+02	38	From MYTHIC 7 61-80 LP To MYTHICAL IMMORTAL 10	2	[{"changed": {"fields": ["Current division", "Reached division", "Desired division"]}}]	66	1
135	2024-03-02 16:41:54.341794+02	38	From MYTHIC III 61-80 LP To MYTHICAL GLORY IV	2	[{"changed": {"fields": ["Desired rank", "Current division", "Reached division", "Desired division"]}}]	66	1
136	2024-03-02 16:42:21.712131+02	38	From EPIC III 61-80 LP To MYTHICAL GLORY IV	2	[{"changed": {"fields": ["Current rank", "Reached rank"]}}]	66	1
137	2024-03-02 16:44:46.205581+02	38	From MYTHICAL GLORY III 61-80 LP To MYTHICAL GLORY IV	2	[{"changed": {"fields": ["Current rank"]}}]	66	1
138	2024-03-02 16:45:33.361317+02	38	From MYTHIC III 61-80 LP To MYTHICAL GLORY IV	2	[{"changed": {"fields": ["Current rank", "Reached rank"]}}]	66	1
139	2024-03-02 16:46:05.497624+02	38	From MYTHIC II 61-80 LP To MYTHICAL GLORY IV	2	[{"changed": {"fields": ["Current division", "Reached division"]}}]	66	1
140	2024-03-02 17:17:11.622421+02	38	From MYTHIC II 61-80 LP To MYTHICAL GLORY IV	2	[]	66	1
141	2024-03-02 17:21:25.25049+02	38	From MYTHIC II 61-80 LP To MYTHICAL GLORY IV	2	[]	66	1
142	2024-03-04 05:49:20.272262+02	1	br12 | Permanent 	1	[{"added": {}}]	60	1
143	2024-03-04 07:26:04.606041+02	1	unranked	1	[{"added": {}}]	61	1
144	2024-03-04 07:26:31.24423+02	2	warrior	1	[{"added": {}}]	61	1
145	2024-03-04 07:26:47.139949+02	3	elite	1	[{"added": {}}]	61	1
146	2024-03-04 07:27:03.559622+02	4	master	1	[{"added": {}}]	61	1
147	2024-03-04 07:27:21.061783+02	5	grandmaster	1	[{"added": {}}]	61	1
148	2024-03-04 07:27:34.972617+02	6	epic	1	[{"added": {}}]	61	1
149	2024-03-04 07:27:54.298638+02	7	legend	1	[{"added": {}}]	61	1
150	2024-03-04 07:28:05.744899+02	8	mythic	1	[{"added": {}}]	61	1
151	2024-03-04 07:28:19.889213+02	9	mythical honor	1	[{"added": {}}]	61	1
152	2024-03-04 07:28:38.679252+02	10	mythical glory	1	[{"added": {}}]	61	1
153	2024-03-04 07:28:54.430285+02	11	mythical immortal	1	[{"added": {}}]	61	1
154	2024-03-04 08:04:43.159408+02	39	iti have [MOBILE LEGENDS] order - From MASTER III 81-99 LP To GRANDMASTER I	2	[{"changed": {"fields": ["Booster"]}}]	52	1
155	2024-03-04 08:05:16.711874+02	39	iti have [MOBILELEGENDS] order - From MASTER III 81-99 LP To GRANDMASTER I	2	[{"changed": {"fields": ["Game name"]}}]	52	1
156	2024-03-04 08:08:07.291223+02	39	iti have [MOBILELEGENDS] order - From MASTER III 81-99 LP To GRANDMASTER I	2	[{"changed": {"fields": ["Data correct"]}}]	52	1
157	2024-03-04 08:18:06.691118+02	39	iti have [MOBILELEGENDS] order - From MASTER III 81-99 LP To GRANDMASTER I	2	[{"changed": {"fields": ["Is done"]}}]	52	1
158	2024-03-04 08:27:31.518948+02	38	iti have [MOBLEG] order - order	2	[{"changed": {"fields": ["Is done"]}}]	52	1
159	2024-03-04 08:27:38.773751+02	37	iti have [WILDRIFT] order - From DIAMOND I Marks 0 To MASTER IV	2	[{"changed": {"fields": ["Is done"]}}]	52	1
160	2024-03-05 08:12:39.2855+02	39	From MASTER III 81-99 LP To GRANDMASTER I	3		66	1
161	2024-03-05 08:12:39.295505+02	38	From MYTHIC II 61-80 LP To MYTHICAL GLORY IV	3		66	1
162	2024-03-05 08:13:32.967753+02	37	From DIAMOND I Marks 0 To MASTER IV	3		11	1
163	2024-03-05 08:13:32.977233+02	36	From DIAMOND I Marks 0 To MASTER III	3		11	1
164	2024-03-05 08:13:32.979023+02	35	From BRONZE I Marks 0 To PLATINUM II	3		11	1
165	2024-03-05 08:13:32.980023+02	34	From BRONZE II Marks 3 To PLATINUM II	3		11	1
166	2024-03-05 08:13:32.98102+02	33	From IRON III Marks 0 To EMERALD III	3		11	1
167	2024-03-05 08:13:32.982018+02	32	From IRON IV Marks 0 To GOLD II	3		11	1
168	2024-03-05 08:13:32.983315+02	31	From SILVER IV Marks 0 To MASTER IV	3		11	1
169	2024-03-05 08:13:32.984188+02	30	From BRONZE II Marks 0 To EMERALD III	3		11	1
170	2024-03-05 08:13:32.985221+02	28	From IRON IV Marks 0 To GOLD II	3		11	1
171	2024-03-05 08:13:32.986257+02	27	From IRON IV Marks 0 To MASTER IV	3		11	1
172	2024-03-05 08:13:32.986808+02	26	From BRONZE II Marks 0 To GOLD III	3		11	1
173	2024-03-05 08:13:32.988805+02	25	From SILVER II Marks 0 To DIAMOND III	3		11	1
174	2024-03-05 08:13:54.58197+02	38	shehab DEPOSIT 18.77$	3		56	1
175	2024-03-05 08:13:54.590945+02	37	shehab DEPOSIT 10.0$	3		56	1
176	2024-03-05 08:13:54.592742+02	36	iti WITHDRAWAL 67.0$	3		56	1
177	2024-03-05 08:13:54.593902+02	35	iti WITHDRAWAL 85.32$	3		56	1
178	2024-03-05 08:13:54.5959+02	34	iti WITHDRAWAL 187.7$	3		56	1
179	2024-03-05 08:13:54.597895+02	33	shehab DEPOSIT 0.92$	3		56	1
180	2024-03-05 08:13:54.598893+02	32	iti WITHDRAWAL 104.46$	3		56	1
181	2024-03-05 08:13:54.599898+02	31	iti WITHDRAWAL 104.46$	3		56	1
182	2024-03-05 08:13:54.601312+02	30	iti WITHDRAWAL 164.83$	3		56	1
183	2024-03-05 08:13:54.602404+02	29	iti WITHDRAWAL 71.34$	3		56	1
184	2024-03-05 08:13:54.603491+02	28	shehab DEPOSIT 11.626$	3		56	1
185	2024-03-05 08:13:54.604491+02	27	iti WITHDRAWAL 708.69$	3		56	1
186	2024-03-05 08:14:24.926298+02	3	iti rated shehab with 5	3		7	1
187	2024-03-05 08:14:24.935306+02	2	iti rated shehab with 5	3		7	1
188	2024-03-05 08:14:24.936271+02	1	iti rated shehab with 5	3		7	1
189	2024-03-05 08:14:39.180465+02	3	LS2NQE5XGWY5W	3		54	1
190	2024-03-05 08:14:39.191209+02	2	LS2NQE5XGWY5W	3		54	1
191	2024-03-05 08:14:39.19221+02	1	LS2NQE5XGWY5W	3		54	1
192	2024-03-05 08:14:51.214148+02	32	Message is :-  Tips shehab with 10$	3		59	1
193	2024-03-05 08:14:51.224152+02	31	Message is :- hi	3		59	1
194	2024-03-05 08:14:51.226116+02	30	Message is :- hi	3		59	1
195	2024-03-05 08:14:51.227113+02	29	Message is :- hi mr shehab	3		59	1
196	2024-03-05 08:14:51.228111+02	28	Message is :- buo	3		59	1
197	2024-03-05 08:14:51.229109+02	27	Message is :- hi	3		59	1
198	2024-03-05 08:14:51.230107+02	26	Message is :- bro wow	3		59	1
199	2024-03-05 08:14:51.231104+02	25	Message is :- hello	3		59	1
200	2024-03-05 08:14:51.233097+02	24	Message is :- hi	3		59	1
201	2024-03-05 08:14:51.235124+02	23	Message is :- hey	3		59	1
202	2024-03-05 08:14:51.23609+02	22	Message is :- hello	3		59	1
203	2024-03-05 08:14:51.237096+02	21	Message is :- hi	3		59	1
206	2024-03-05 08:14:51.241075+02	18	Message is :- lets play	3		59	1
207	2024-03-05 08:14:51.242072+02	17	Message is :- hello	3		59	1
208	2024-03-05 08:14:51.24307+02	16	Message is :- wow amazing	3		59	1
209	2024-03-05 08:14:51.244069+02	15	Message is :-  Tips shehab with 4$	3		59	1
210	2024-03-05 08:14:51.245066+02	14	Message is :-  Tips shehab with 4$	3		59	1
211	2024-03-05 08:14:51.246063+02	13	Message is :- love yiu	3		59	1
212	2024-03-05 08:14:51.24706+02	12	Message is :- ty bro	3		59	1
213	2024-03-05 08:14:51.249055+02	11	Message is :-  Tips shehab with 4$	3		59	1
214	2024-03-05 08:14:51.251049+02	10	Message is :- ty	3		59	1
215	2024-03-05 08:14:51.252046+02	9	Message is :- okay sure 	3		59	1
216	2024-03-05 08:14:51.254044+02	8	Message is :- can you provide me your data pls	3		59	1
217	2024-03-05 08:14:51.256068+02	7	Message is :- lets start playing 	3		59	1
218	2024-03-05 08:14:51.258031+02	6	Message is :- hi bro iam your booster 	3		59	1
219	2024-03-05 08:14:51.259028+02	5	Message is :- buo	3		59	1
220	2024-03-05 08:14:51.260026+02	4	Message is :- hello mr chehab	3		59	1
221	2024-03-05 08:14:51.261024+02	3	Message is :- hi	3		59	1
222	2024-03-05 08:14:51.26202+02	2	Message is :- bye	3		59	1
223	2024-03-05 08:14:51.263018+02	1	Message is :- hi	3		59	1
224	2024-03-05 08:15:00.182256+02	33	roomFor-iti-MOBLEG39	3		58	1
225	2024-03-05 08:15:00.191978+02	32	roomFor-iti-admins-MOBLEG39	3		58	1
226	2024-03-05 08:15:00.193997+02	31	roomFor-iti-WR37	3		58	1
227	2024-03-05 08:15:00.195147+02	30	roomFor-iti-admins-WR37	3		58	1
228	2024-03-05 08:15:00.196271+02	29	roomFor-iti-WR36	3		58	1
229	2024-03-05 08:15:00.197531+02	28	roomFor-iti-admins-WR36	3		58	1
230	2024-03-05 08:15:00.198702+02	27	roomFor-iti-WR34	3		58	1
231	2024-03-05 08:15:00.2007+02	26	roomFor-iti-admins-WR34	3		58	1
232	2024-03-05 08:15:00.202621+02	25	roomFor-iti-WR30	3		58	1
233	2024-03-05 08:15:00.203621+02	24	roomFor-iti-admins-WR30	3		58	1
234	2024-03-05 08:15:00.204618+02	23	roomFor-iti-Valo29	3		58	1
235	2024-03-05 08:15:00.205615+02	22	roomFor-iti-admins-Valo29	3		58	1
236	2024-03-05 08:15:00.206498+02	21	roomFor-iti-WR28	3		58	1
237	2024-03-05 08:15:00.207252+02	20	roomFor-iti-admins-WR28	3		58	1
238	2024-03-05 08:15:00.208429+02	19	roomFor-iti-WR27	3		58	1
239	2024-03-05 08:15:00.209632+02	18	roomFor-iti-admins-WR27	3		58	1
240	2024-03-05 08:15:00.210631+02	17	roomFor-iti-WR26	3		58	1
241	2024-03-05 08:15:00.211628+02	16	roomFor-iti-admins-WR26	3		58	1
242	2024-03-05 08:15:00.212626+02	15	roomFor-iti-WR25	3		58	1
243	2024-03-05 08:15:00.213541+02	14	roomFor-iti-admins-WR25	3		58	1
244	2024-03-05 08:15:00.214525+02	13	roomFor-iti-WR24	3		58	1
245	2024-03-05 08:15:00.216525+02	12	roomFor-iti-admins-WR24	3		58	1
246	2024-03-05 08:15:00.218532+02	11	roomFor-iti-WR20	3		58	1
247	2024-03-05 08:15:00.219546+02	10	roomFor-iti-admins-WR20	3		58	1
248	2024-03-05 08:15:00.220511+02	9	roomFor-iti-WR14	3		58	1
249	2024-03-05 08:15:00.221509+02	8	roomFor-iti-admins-WR14	3		58	1
250	2024-03-05 08:15:00.223211+02	2	roomFor-iti-WR1	3		58	1
251	2024-03-05 08:15:00.223723+02	1	roomFor-iti-admins-WR1	3		58	1
252	2024-03-05 08:23:29.705259+02	12	Overwatch 2	2	[]	85	1
253	2024-03-05 12:45:47.923385+02	8	Tiers for champion	1	[{"added": {}}]	75	1
254	2024-03-05 12:46:13.93783+02	8	Tiers for champion	2	[{"changed": {"fields": ["From V to IV", "From IV to III", "From III to II", "From II to I", "From I to V next"]}}]	75	1
255	2024-03-05 20:50:01.426008+02	51	iti WITHDRAWAL 79.56$	3		56	1
256	2024-03-05 20:50:01.437976+02	50	iti WITHDRAWAL 61.84$	3		56	1
257	2024-03-05 20:50:01.439972+02	49	iti WITHDRAWAL 11.17$	3		56	1
258	2024-03-05 20:50:01.441967+02	48	iti WITHDRAWAL 300.1$	3		56	1
259	2024-03-05 20:50:01.44396+02	47	iti WITHDRAWAL 541.65$	3		56	1
260	2024-03-05 20:50:01.444958+02	46	iti WITHDRAWAL 425.1$	3		56	1
261	2024-03-05 20:50:01.447949+02	45	iti WITHDRAWAL 434.01$	3		56	1
262	2024-03-05 20:50:01.449944+02	44	iti WITHDRAWAL 146.32$	3		56	1
263	2024-03-05 20:50:01.451939+02	43	iti WITHDRAWAL 810.63$	3		56	1
264	2024-03-05 20:50:01.452937+02	42	iti WITHDRAWAL 810.63$	3		56	1
265	2024-03-05 20:50:01.454931+02	41	iti WITHDRAWAL 810.63$	3		56	1
266	2024-03-05 20:50:01.456927+02	40	iti WITHDRAWAL 921.17$	3		56	1
267	2024-03-05 20:50:01.457922+02	39	iti WITHDRAWAL 131.32$	3		56	1
268	2024-03-05 20:50:14.681993+02	59	roomFor-iti-OVW252	3		58	1
269	2024-03-05 20:50:14.690971+02	58	roomFor-iti-admins-OVW252	3		58	1
270	2024-03-05 20:50:14.692964+02	57	roomFor-iti-OVW251	3		58	1
271	2024-03-05 20:50:14.69396+02	56	roomFor-iti-admins-OVW251	3		58	1
272	2024-03-05 20:50:14.696954+02	55	roomFor-iti-OVW250	3		58	1
273	2024-03-05 20:50:14.698948+02	54	roomFor-iti-admins-OVW250	3		58	1
274	2024-03-05 20:50:14.700943+02	53	roomFor-iti-OVW249	3		58	1
275	2024-03-05 20:50:14.701943+02	52	roomFor-iti-admins-OVW249	3		58	1
276	2024-03-05 20:50:14.703933+02	51	roomFor-iti-OVW248	3		58	1
277	2024-03-05 20:50:14.704931+02	50	roomFor-iti-admins-OVW248	3		58	1
278	2024-03-05 20:50:14.705929+02	49	roomFor-iti-OVW247	3		58	1
279	2024-03-05 20:50:14.707924+02	48	roomFor-iti-admins-OVW247	3		58	1
280	2024-03-05 20:50:14.70892+02	47	roomFor-iti-OVW246	3		58	1
281	2024-03-05 20:50:14.710915+02	46	roomFor-iti-admins-OVW246	3		58	1
282	2024-03-05 20:50:14.711913+02	45	roomFor-iti-OVW245	3		58	1
283	2024-03-05 20:50:14.713909+02	44	roomFor-iti-admins-OVW245	3		58	1
284	2024-03-05 20:50:14.714906+02	43	roomFor-iti-OVW244	3		58	1
285	2024-03-05 20:50:14.716903+02	42	roomFor-iti-admins-OVW244	3		58	1
286	2024-03-05 20:50:14.717898+02	41	roomFor-iti-OVW243	3		58	1
287	2024-03-05 20:50:14.718895+02	40	roomFor-iti-admins-OVW243	3		58	1
288	2024-03-05 20:50:14.720889+02	39	roomFor-iti-OVW242	3		58	1
289	2024-03-05 20:50:14.721886+02	38	roomFor-iti-admins-OVW242	3		58	1
290	2024-03-05 20:50:14.722883+02	37	roomFor-iti-OVW241	3		58	1
291	2024-03-05 20:50:14.724879+02	36	roomFor-iti-admins-OVW241	3		58	1
292	2024-03-05 20:50:14.725875+02	35	roomFor-iti-MOBLEG40	3		58	1
293	2024-03-05 20:50:14.726872+02	34	roomFor-iti-admins-MOBLEG40	3		58	1
294	2024-03-05 20:50:58.840496+02	40	From MASTER II 81-99 LP To GRANDMASTER I	3		66	1
295	2024-03-05 20:51:20.606409+02	52	From BRONZE III Marks 0 To SILVER I	3		77	1
296	2024-03-05 20:51:20.6104+02	51	From BRONZE II Marks 0 To SILVER I	3		77	1
297	2024-03-05 20:51:20.612393+02	50	From BRONZE IV Marks 0 To BRONZE III	3		77	1
298	2024-03-05 20:51:20.614387+02	49	From DIAMOND II Marks 0 To MASTER I	3		77	1
299	2024-03-05 20:51:20.616382+02	48	From BRONZE II Marks 0 To DIAMOND I	3		77	1
300	2024-03-05 20:51:20.618378+02	47	From SILVER II Marks 0 To DIAMOND I	3		77	1
301	2024-03-05 20:51:20.62137+02	46	From PLATINUM II Marks 0 To MASTER I	3		77	1
302	2024-03-05 20:51:20.623365+02	45	From GOLD II Marks 0 To PLATINUM I	3		77	1
303	2024-03-05 20:51:20.624362+02	44	From PLATINUM II Marks 0 To GRAND MASTER I	3		77	1
304	2024-03-05 20:51:20.626356+02	43	From PLATINUM II Marks 0 To GRAND MASTER I	3		77	1
305	2024-03-05 20:51:20.627353+02	42	From PLATINUM II Marks 0 To GRAND MASTER I	3		77	1
306	2024-03-05 20:51:20.628351+02	41	From PLATINUM II Marks 0 To GRAND MASTER I	3		77	1
307	2024-03-07 20:31:08.974254+02	54	iti have [None] order - no details	3		52	1
308	2024-03-07 20:31:08.98323+02	53	iti have [None] order - From SILVER II Marks 0 To PLATINUM I	3		52	1
309	2024-03-07 20:31:23.6929+02	53	iti WITHDRAWAL 65.87$	3		56	1
310	2024-03-07 20:31:23.701059+02	52	iti WITHDRAWAL 280.97$	3		56	1
311	2024-03-07 20:31:31.581264+02	54	iti have [None] order - no details	3		52	1
312	2024-03-07 20:31:31.583224+02	53	iti have [None] order - From SILVER II Marks 0 To PLATINUM I	3		52	1
313	2024-03-08 02:17:42.803235+02	71	shehab DEPOSIT 20.0$	3		56	1
314	2024-03-08 02:17:42.812743+02	70	iti WITHDRAWAL 65.87$	3		56	1
315	2024-03-08 02:17:42.81329+02	69	shehab DEPOSIT 20.0$	3		56	1
316	2024-03-08 02:17:42.815289+02	68	iti WITHDRAWAL 65.87$	3		56	1
317	2024-03-08 02:17:42.816324+02	67	shehab DEPOSIT 20.0$	3		56	1
318	2024-03-08 02:17:42.817595+02	66	iti WITHDRAWAL 792.0$	3		56	1
319	2024-03-08 02:17:42.818051+02	65	shehab DEPOSIT 20.0$	3		56	1
320	2024-03-08 02:17:42.819052+02	64	iti WITHDRAWAL 65.87$	3		56	1
321	2024-03-08 02:17:42.820585+02	63	shehab DEPOSIT 20.0$	3		56	1
322	2024-03-08 02:17:42.821682+02	62	iti WITHDRAWAL 65.87$	3		56	1
323	2024-03-08 02:17:42.822628+02	61	iti WITHDRAWAL 792.0$	3		56	1
324	2024-03-08 02:17:42.823054+02	60	iti WITHDRAWAL 65.87$	3		56	1
325	2024-03-08 02:17:42.826049+02	59	iti WITHDRAWAL 65.87$	3		56	1
326	2024-03-08 02:17:42.827046+02	58	iti WITHDRAWAL 65.87$	3		56	1
327	2024-03-08 02:17:42.828043+02	57	iti WITHDRAWAL 65.87$	3		56	1
328	2024-03-08 02:17:42.82904+02	56	iti WITHDRAWAL 792.0$	3		56	1
329	2024-03-08 02:17:42.830038+02	55	iti WITHDRAWAL 67.0$	3		56	1
330	2024-03-08 02:17:42.831035+02	54	iti WITHDRAWAL 65.87$	3		56	1
331	2024-03-08 02:17:50.253926+02	70	iti have [Overwatch 2] order - From BRONZE III Marks 0 To SILVER II	3		52	1
332	2024-03-08 02:17:50.263131+02	69	iti have [Overwatch 2] order - From BRONZE III Marks 0 To SILVER II	3		52	1
333	2024-03-08 02:17:50.264164+02	68	iti have [Mobile Legends] order - From GRANDMASTER III 21-40 LP To MYTHICAL GLORY II	3		52	1
334	2024-03-08 02:17:50.265293+02	67	iti have [Overwatch 2] order - From BRONZE III Marks 0 To SILVER II	3		52	1
335	2024-03-08 02:17:50.265682+02	66	iti have [Overwatch 2] order - From BRONZE III Marks 0 To SILVER II	3		52	1
336	2024-03-08 02:17:50.266682+02	65	iti have [Mobile Legends] order - From GRANDMASTER III 21-40 LP To MYTHICAL GLORY II	3		52	1
337	2024-03-08 02:17:50.268497+02	64	iti have [Overwatch 2] order - From BRONZE III Marks 0 To SILVER II	3		52	1
338	2024-03-08 02:17:50.269617+02	63	iti have [Overwatch 2] order - From BRONZE III Marks 0 To SILVER II	3		52	1
339	2024-03-08 02:17:50.27046+02	62	iti have [Overwatch 2] order - From BRONZE III Marks 0 To SILVER II	3		52	1
340	2024-03-08 02:17:50.271504+02	61	iti have [Overwatch 2] order - From BRONZE III Marks 0 To SILVER II	3		52	1
341	2024-03-08 02:17:50.27192+02	60	iti have [Mobile Legends] order - From GRANDMASTER III 21-40 LP To MYTHICAL GLORY II	3		52	1
342	2024-03-08 02:17:50.272948+02	59	iti have [Mobile Legends] order - From MASTER III 81-99 LP To GRANDMASTER I	3		52	1
343	2024-03-08 02:17:50.273951+02	58	iti have [Mobile Legends] order - no details	3		52	1
344	2024-03-08 02:17:50.275637+02	57	iti have [Mobile Legends] order - no details	3		52	1
345	2024-03-08 02:17:50.275637+02	56	iti have [Overwatch 2] order - From BRONZE III Marks 0 To SILVER II	3		52	1
346	2024-03-08 02:17:50.276637+02	55	iti have [Overwatch 2] order - From BRONZE III Marks 0 To SILVER II	3		52	1
347	2024-03-08 02:17:59.837776+02	7	Message is :- hi	3		93	1
348	2024-03-08 02:17:59.846753+02	6	Message is :- hello	3		93	1
349	2024-03-08 02:17:59.847752+02	5	Message is :- hello	3		93	1
350	2024-03-08 02:17:59.848749+02	4	Message is :- hello bro	3		93	1
351	2024-03-08 02:17:59.849745+02	3	Message is :- hello bro	3		93	1
352	2024-03-08 02:17:59.850742+02	2	Message is :- hi	3		93	1
353	2024-03-08 02:17:59.851742+02	1	Message is :- hi	3		93	1
354	2024-03-08 02:27:45.332035+02	72	iti have [Mobile Legends] order - From ELITE III 61-80 LP To EPIC I	3		52	1
355	2024-03-08 02:27:58.090612+02	73	iti have [Mobile Legends] order - From ELITE III 61-80 LP To EPIC I	3		52	1
356	2024-03-08 02:28:12.542042+02	76	shehab DEPOSIT 20.0$	3		56	1
357	2024-03-08 02:28:12.55002+02	75	iti WITHDRAWAL 183.0$	3		56	1
358	2024-03-08 02:28:12.552024+02	74	shehab DEPOSIT 20.0$	3		56	1
359	2024-03-08 02:28:12.554028+02	73	iti WITHDRAWAL 183.0$	3		56	1
360	2024-03-08 02:28:12.555006+02	72	iti WITHDRAWAL 183.0$	3		56	1
361	2024-03-08 02:28:31.862684+02	72	iti have [Mobile Legends] order - From ELITE III 61-80 LP To EPIC I	3		52	1
362	2024-03-08 06:29:48.995395+02	3	ahmed	1	[{"added": {}}]	51	1
363	2024-03-08 06:30:19.732803+02	3	ahmed	2	[{"changed": {"fields": ["Profile image", "First name", "Country", "Is customer"]}}]	51	1
364	2024-03-08 07:10:03.671041+02	1	Price for 50 RPs is 2.0 for 2vs2 , 5.0 for 3vs3	1	[{"added": {}}]	91	1
365	2024-03-09 16:39:50.792646+02	4	iti11	3		51	1
366	2024-03-09 16:46:08.380936+02	5	samy	3		51	1
367	2024-03-09 18:21:00.993598+02	6	samy	3		51	1
368	2024-03-09 18:21:01.001962+02	7	mohamed	3		51	1
369	2024-03-09 18:54:42.389944+02	9	shehabbb	3		51	1
370	2024-03-09 18:54:42.398952+02	8	eslam	3		51	1
371	2024-03-10 11:16:19.332037+02	1	shehabtharwat	3		101	1
372	2024-03-11 18:58:08.50686+02	5	iti's token	3		57	1
373	2024-03-11 21:59:58.85626+02	10	samy	2	[{"changed": {"fields": ["Profile image", "Active"]}}]	51	1
1791	2024-05-05 05:22:27.893904+03	2	samy2	3		6	1
374	2024-03-11 22:03:05.597116+02	10	samy	2	[{"changed": {"fields": ["Active"]}}]	51	1
375	2024-03-11 23:06:51.976455+02	89	iti WITHDRAWAL 280.97$	3		56	1
376	2024-03-11 23:06:51.986352+02	88	iti WITHDRAWAL 1766.73$	3		56	1
377	2024-03-11 23:06:51.987844+02	87	iti WITHDRAWAL 107.0$	3		56	1
378	2024-03-11 23:06:51.988983+02	86	iti WITHDRAWAL 157.0$	3		56	1
379	2024-03-11 23:06:51.98934+02	85	iti WITHDRAWAL 43.7$	3		56	1
380	2024-03-11 23:06:51.991066+02	84	iti WITHDRAWAL 34.0$	3		56	1
381	2024-03-11 23:06:51.99205+02	83	googleuser WITHDRAWAL 55.0$	3		56	1
382	2024-03-11 23:06:51.992937+02	82	googleuser WITHDRAWAL 22.5$	3		56	1
383	2024-03-11 23:06:51.993841+02	81	googleuser WITHDRAWAL 55.0$	3		56	1
384	2024-03-11 23:06:51.996017+02	80	googleuser WITHDRAWAL 25.0$	3		56	1
385	2024-03-11 23:06:51.997011+02	79	iti WITHDRAWAL 157.0$	3		56	1
386	2024-03-11 23:06:51.99801+02	78	iti WITHDRAWAL 157.0$	3		56	1
387	2024-03-11 23:06:51.999028+02	77	ahmed WITHDRAWAL 128.76$	3		56	1
388	2024-03-11 23:07:04.48366+02	92	iti have [Overwatch 2] order - From SILVER II Marks 0 To PLATINUM I	3		52	1
389	2024-03-11 23:07:04.491611+02	91	iti have [Overwatch 2] order - From PLATINUM II Marks 0 To CHAMPION I	3		52	1
390	2024-03-11 23:07:04.493095+02	90	iti have [Mobile Legends] order - From GRANDMASTER III 21-40 LP To EPIC I	3		52	1
391	2024-03-11 23:07:04.493544+02	89	iti have [Overwatch 2] order - no details	3		52	1
392	2024-03-11 23:07:04.496577+02	88	iti have [Overwatch 2] order - no details	3		52	1
393	2024-03-11 23:07:04.498128+02	87	iti have [Overwatch 2] order - no details	3		52	1
394	2024-03-11 23:07:04.499008+02	86	iti have [Mobile Legends] order - From MASTER III 81-99 LP To EPIC I	3		52	1
395	2024-03-11 23:07:04.500008+02	85	iti have [Overwatch 2] order - no details	3		52	1
396	2024-03-11 23:07:04.501006+02	84	iti have [Overwatch 2] order - no details	3		52	1
397	2024-03-11 23:07:04.502005+02	83	iti have [Overwatch 2] order - no details	3		52	1
398	2024-03-11 23:07:04.503+02	82	iti have [VALORANT] order - From SILVER III 0-20 RR To DIAMOND II	3		52	1
399	2024-03-11 23:07:04.503789+02	81	iti have [VALORANT] order - From BRONZE III 0-20 RR To PLATINUM II	3		52	1
400	2024-03-11 23:07:04.504861+02	80	googleuser have [VALORANT] order - From SILVER III 0-20 RR To ASCENDANT II	3		52	1
401	2024-03-11 23:07:04.505864+02	79	googleuser have [VALORANT] order - From SILVER III 0-20 RR To PLATINUM II	3		52	1
402	2024-03-11 23:07:04.506861+02	78	googleuser have [VALORANT] order - From SILVER III 0-20 RR To ASCENDANT II	3		52	1
403	2024-03-11 23:07:04.507642+02	77	googleuser have [VALORANT] order - From GOLD III 0-20 RR To DIAMOND II	3		52	1
404	2024-03-11 23:07:04.508461+02	76	iti have [Mobile Legends] order - From MASTER III 81-99 LP To EPIC I	3		52	1
405	2024-03-11 23:07:04.509371+02	75	iti have [Mobile Legends] order - From MASTER III 81-99 LP To EPIC I	3		52	1
406	2024-03-11 23:07:04.51042+02	74	ahmed have [Overwatch 2] order - From GOLD II Marks 0 To PLATINUM I	3		52	1
407	2024-03-11 23:07:04.512428+02	73	iti have [Mobile Legends] order - From ELITE III 61-80 LP To EPIC I	3		52	1
408	2024-03-11 23:07:04.513473+02	71	iti have [Mobile Legends] order - From ELITE III 61-80 LP To EPIC I	3		52	1
409	2024-03-11 23:20:11.566525+02	6	Mark for Rank: master	1	[{"added": {}}]	76	1
410	2024-03-11 23:20:25.668946+02	7	Mark for Rank: grand master	1	[{"added": {}}]	76	1
411	2024-03-11 23:21:20.464901+02	8	Mark for Rank: champion	1	[{"added": {}}]	76	1
412	2024-03-12 02:00:21.799658+02	96	From BRONZE II Marks 1 To DIAMOND II	2	[{"changed": {"fields": ["Reached marks"]}}]	77	1
413	2024-03-12 02:03:16.965896+02	96	From BRONZE II Marks 1 To DIAMOND II	2	[{"changed": {"fields": ["Reached marks"]}}]	77	1
414	2024-03-12 02:03:43.474618+02	96	From BRONZE II Marks 1 To DIAMOND II	2	[{"changed": {"fields": ["Reached marks"]}}]	77	1
415	2024-03-12 02:04:56.892794+02	96	From BRONZE II Marks 1 To DIAMOND II	2	[{"changed": {"fields": ["Reached marks"]}}]	77	1
416	2024-03-12 02:10:03.258016+02	96	From BRONZE II Marks 1 To DIAMOND II	2	[{"changed": {"fields": ["Reached marks"]}}]	77	1
417	2024-03-12 02:35:35.320698+02	97	From BRONZE I Marks 1 To MASTER 5	2	[{"changed": {"fields": ["Current marks"]}}]	77	1
418	2024-03-12 02:40:24.227352+02	8	Mark for Rank: champion	2	[{"changed": {"fields": ["Mark 1"]}}]	76	1
419	2024-03-12 02:40:41.854211+02	1	Mark for Rank: bronze	2	[{"changed": {"fields": ["Mark 1"]}}]	76	1
420	2024-03-12 02:40:46.728018+02	3	Mark for Rank: gold	2	[{"changed": {"fields": ["Mark 1"]}}]	76	1
421	2024-03-12 02:40:51.537509+02	5	Mark for Rank: diamond	2	[{"changed": {"fields": ["Mark 1"]}}]	76	1
422	2024-03-12 02:40:57.021645+02	3	Mark for Rank: gold	2	[]	76	1
423	2024-03-12 02:41:01.995796+02	4	Mark for Rank: platinum	2	[{"changed": {"fields": ["Mark 1"]}}]	76	1
424	2024-03-12 02:41:08.034747+02	6	Mark for Rank: master	2	[{"changed": {"fields": ["Mark 1"]}}]	76	1
425	2024-03-12 02:41:12.953435+02	7	Mark for Rank: grand master	2	[{"changed": {"fields": ["Mark 1"]}}]	76	1
426	2024-03-12 02:47:38.635863+02	98	From BRONZE IV Marks 1 To CHAMPION 5	2	[{"changed": {"fields": ["Current marks"]}}]	77	1
427	2024-03-12 14:47:12.751327+02	118	iti have [Overwatch 2] order - From SILVER II Progress 0-19 % To DIAMOND II	3		52	1
428	2024-03-12 15:11:29.419162+02	132	iti WITHDRAWAL 469.38$	3		56	1
429	2024-03-12 15:11:29.427297+02	131	iti WITHDRAWAL 790.37$	3		56	1
430	2024-03-12 15:11:29.428086+02	130	iti WITHDRAWAL 469.38$	3		56	1
431	2024-03-12 15:11:29.429122+02	129	shehab DEPOSIT 88.4$	3		56	1
432	2024-03-12 15:11:29.431082+02	128	iti WITHDRAWAL 483.07$	3		56	1
433	2024-03-12 15:11:29.432079+02	127	shehab DEPOSIT 28.96$	3		56	1
434	2024-03-12 15:11:29.43304+02	126	iti WITHDRAWAL 483.07$	3		56	1
435	2024-03-12 15:11:29.433916+02	125	iti WITHDRAWAL 483.07$	3		56	1
436	2024-03-12 15:11:29.434916+02	124	iti WITHDRAWAL 483.07$	3		56	1
437	2024-03-12 15:11:29.434916+02	123	iti WITHDRAWAL 483.07$	3		56	1
438	2024-03-12 15:11:29.436666+02	122	iti WITHDRAWAL 264.41$	3		56	1
439	2024-03-12 15:11:29.437532+02	121	iti WITHDRAWAL 483.07$	3		56	1
440	2024-03-12 15:11:29.438787+02	120	shehab DEPOSIT 9.0$	3		56	1
441	2024-03-12 15:11:29.439788+02	119	iti WITHDRAWAL 2071.74$	3		56	1
442	2024-03-12 15:11:29.440795+02	118	shehab DEPOSIT 178.3$	3		56	1
443	2024-03-12 15:11:29.442896+02	117	iti WITHDRAWAL 2071.74$	3		56	1
444	2024-03-12 15:11:29.443742+02	116	shehab DEPOSIT 84.05$	3		56	1
445	2024-03-12 15:11:29.444742+02	115	iti WITHDRAWAL 2071.74$	3		56	1
446	2024-03-12 15:11:29.444742+02	114	shehab DEPOSIT 72.88$	3		56	1
447	2024-03-12 15:11:29.446621+02	113	iti WITHDRAWAL 2071.74$	3		56	1
448	2024-03-12 15:11:29.447755+02	112	iti WITHDRAWAL 2071.74$	3		56	1
449	2024-03-12 15:11:29.448971+02	111	shehab DEPOSIT 60.97$	3		56	1
450	2024-03-12 15:11:29.45004+02	110	shehab DEPOSIT 30.67$	3		56	1
451	2024-03-12 15:11:29.450514+02	109	iti WITHDRAWAL 658.16$	3		56	1
452	2024-03-12 15:11:29.451547+02	108	iti WITHDRAWAL 658.16$	3		56	1
453	2024-03-12 15:11:29.452512+02	107	shehab DEPOSIT 48.54$	3		56	1
454	2024-03-12 15:11:29.453974+02	106	iti WITHDRAWAL 658.16$	3		56	1
455	2024-03-12 15:11:29.454805+02	105	iti WITHDRAWAL 658.16$	3		56	1
456	2024-03-12 15:11:29.455726+02	104	shehab DEPOSIT 680.1$	3		56	1
457	2024-03-12 15:11:29.456677+02	103	shehab DEPOSIT 555.39$	3		56	1
458	2024-03-12 15:11:29.457677+02	102	iti WITHDRAWAL 2524.49$	3		56	1
459	2024-03-12 15:11:29.459432+02	101	iti WITHDRAWAL 2524.49$	3		56	1
460	2024-03-12 15:11:29.460432+02	100	shehab DEPOSIT 495.44$	3		56	1
461	2024-03-12 15:11:29.461429+02	99	iti WITHDRAWAL 2524.49$	3		56	1
462	2024-03-12 15:11:29.461429+02	98	shehab DEPOSIT 187.96$	3		56	1
463	2024-03-12 15:11:29.463003+02	97	iti WITHDRAWAL 853.35$	3		56	1
464	2024-03-12 15:11:29.463888+02	96	shehab DEPOSIT 119.13$	3		56	1
465	2024-03-12 15:11:29.464893+02	95	iti WITHDRAWAL 495.39$	3		56	1
466	2024-03-12 15:11:29.465334+02	94	shehab DEPOSIT 33.0$	3		56	1
467	2024-03-12 15:11:29.466372+02	93	shehab DEPOSIT 30.8$	3		56	1
468	2024-03-12 15:11:29.46833+02	92	iti WITHDRAWAL 140.0$	3		56	1
469	2024-03-12 15:11:29.469431+02	91	iti WITHDRAWAL 145.0$	3		56	1
470	2024-03-12 15:11:29.470069+02	90	iti WITHDRAWAL 145.0$	3		56	1
471	2024-03-12 15:11:37.995936+02	120	iti have [Overwatch 2] order - From SILVER II Progress 0-19 % To DIAMOND II	3		52	1
472	2024-03-12 15:11:38.003947+02	119	iti have [Overwatch 2] order - From SILVER II Progress 0-19 % To MASTER I	3		52	1
473	2024-03-12 15:11:38.004913+02	117	iti have [Overwatch 2] order - From SILVER II Progress 0-19 % To DIAMOND II	3		52	1
474	2024-03-12 15:11:38.005942+02	116	iti have [Overwatch 2] order - From GOLD III Progress 0-19 % To DIAMOND II	3		52	1
475	2024-03-12 15:11:38.00691+02	115	iti have [Overwatch 2] order - From GOLD III Progress 0-19 % To DIAMOND II	3		52	1
476	2024-03-12 15:11:38.008902+02	114	iti have [Overwatch 2] order - From SILVER III Progress 0-19 % To DIAMOND II	3		52	1
477	2024-03-12 15:11:38.009932+02	113	iti have [Overwatch 2] order - From SILVER III Progress 0-19 % To DIAMOND II	3		52	1
478	2024-03-12 15:11:38.010928+02	112	iti have [Overwatch 2] order - From SILVER III Progress 0-19 % To DIAMOND II	3		52	1
479	2024-03-12 15:11:38.011896+02	111	iti have [Overwatch 2] order - From SILVER III Marks 1 To PLATINUM II	3		52	1
480	2024-03-12 15:11:38.012894+02	110	iti have [Overwatch 2] order - From SILVER II Marks 1 To DIAMOND I	3		52	1
481	2024-03-12 15:11:38.013921+02	109	iti have [Overwatch 2] order - From CHAMPION 5 Marks 1 To CHAMPION I	3		52	1
482	2024-03-12 15:11:38.014886+02	108	iti have [Overwatch 2] order - From CHAMPION I Marks 1 To CHAMPION I	3		52	1
483	2024-03-12 15:11:38.015883+02	107	iti have [Overwatch 2] order - From MASTER I Marks 1 To CHAMPION I	3		52	1
484	2024-03-12 15:11:38.015883+02	106	iti have [Overwatch 2] order - From PLATINUM I Marks 1 To CHAMPION I	3		52	1
485	2024-03-12 15:11:38.016881+02	105	iti have [Overwatch 2] order - From BRONZE I Marks 1 To CHAMPION I	3		52	1
486	2024-03-12 15:11:38.01791+02	104	iti have [Overwatch 2] order - From DIAMOND I Marks 1 To MASTER I	3		52	1
487	2024-03-12 15:11:38.018875+02	103	iti have [Overwatch 2] order - From PLATINUM II Marks 1 To MASTER I	3		52	1
488	2024-03-12 15:11:38.019873+02	102	iti have [Overwatch 2] order - From PLATINUM II Marks 1 To MASTER I	3		52	1
489	2024-03-12 15:11:38.020869+02	101	iti have [Overwatch 2] order - From SILVER II Marks 1 To MASTER I	3		52	1
490	2024-03-12 15:11:38.020869+02	100	iti have [Overwatch 2] order - From BRONZE IV Marks 1 To CHAMPION 5	3		52	1
491	2024-03-12 15:11:38.021868+02	99	iti have [Overwatch 2] order - From BRONZE IV Marks 0 To CHAMPION 5	3		52	1
492	2024-03-12 15:11:38.022864+02	98	iti have [Overwatch 2] order - From BRONZE IV Marks 0 To CHAMPION 5	3		52	1
493	2024-03-12 15:11:38.023861+02	97	iti have [Overwatch 2] order - From BRONZE I Marks 0 To MASTER 5	3		52	1
494	2024-03-12 15:11:38.024861+02	96	iti have [Overwatch 2] order - From BRONZE II Marks 1 To DIAMOND II	3		52	1
495	2024-03-12 15:11:38.026854+02	95	iti have [Overwatch 2] order - From CHAMPION I Marks 1 To CHAMPION 5	3		52	1
496	2024-03-12 15:11:38.027851+02	94	iti have [Overwatch 2] order - From CHAMPION I Marks 0 To CHAMPION 5	3		52	1
497	2024-03-12 15:11:38.027851+02	93	iti have [Overwatch 2] order - From CHAMPION I Marks 0 To CHAMPION 5	3		52	1
498	2024-03-13 13:31:36.03444+02	6	rank name	3		18	1
499	2024-03-13 13:31:36.048677+02	5	rank name	3		18	1
500	2024-03-13 13:31:36.049712+02	4	rank name	3		18	1
501	2024-03-13 13:31:36.051348+02	3	rank name	3		18	1
502	2024-03-13 13:31:36.052348+02	2	rank name	3		18	1
503	2024-03-13 13:31:36.053345+02	1	rank name	3		18	1
504	2024-03-13 13:31:52.262321+02	5	Marks for None	3		20	1
505	2024-03-13 13:31:52.271296+02	4	Marks for None	3		20	1
506	2024-03-13 13:31:52.272324+02	3	Marks for None	3		20	1
507	2024-03-13 13:31:52.274292+02	2	Marks for None	3		20	1
508	2024-03-13 13:31:52.275285+02	1	Marks for None	3		20	1
509	2024-03-13 16:39:08.441927+02	1	bronze	2	[{"changed": {"fields": ["Rank image"]}}]	18	1
510	2024-03-13 16:39:19.960377+02	2	silver	2	[{"changed": {"fields": ["Rank image"]}}]	18	1
511	2024-03-13 16:39:34.63903+02	3	gold	2	[{"changed": {"fields": ["Rank image"]}}]	18	1
512	2024-03-13 16:39:49.057161+02	4	platinum	2	[{"changed": {"fields": ["Rank image"]}}]	18	1
513	2024-03-13 16:41:07.18634+02	1	bronze	2	[{"changed": {"fields": ["Rank image"]}}]	18	1
514	2024-03-13 16:41:24.522289+02	2	silver	2	[{"changed": {"fields": ["Rank image"]}}]	18	1
515	2024-03-13 16:41:41.740696+02	3	gold	2	[{"changed": {"fields": ["Rank image"]}}]	18	1
516	2024-03-13 16:41:53.969529+02	4	platinum	2	[{"changed": {"fields": ["Rank image"]}}]	18	1
517	2024-03-14 18:41:49.364827+02	131	Boosting From GOLD 3 Marks 0 To ACE 4	2	[{"changed": {"fields": ["Reached rank"]}}]	21	1
518	2024-03-14 19:12:47.228758+02	9	Tiers for ace domenater	2	[{"changed": {"fields": ["From I to V next"]}}]	19	1
1853	2024-05-30 11:55:00.671535+03	5	Iron	3		143	1
520	2024-03-14 21:04:33.082606+02	137	iti have [None] order - From SILVER III points 0 To ACE II	3		52	1
521	2024-03-14 21:05:06.104394+02	136	iti have [Pubg Mobile] order - From SILVER III points 0 To DIAMOND II	2	[{"changed": {"fields": ["Status", "Is done", "Is extended"]}}]	52	1
522	2024-03-14 21:16:41.661273+02	139	iti have [Pubg Mobile] order - From SILVER III points 0 To ACE II	2	[{"changed": {"fields": ["Booster"]}}]	52	1
523	2024-03-14 21:17:08.45062+02	139	iti have [Pubg Mobile] order - From SILVER III points 0 To ACE II	2	[{"changed": {"fields": ["Booster"]}}]	52	1
524	2024-03-14 21:17:16.108992+02	138	iti have [None] order - no details	3		52	1
525	2024-03-14 21:22:10.264004+02	139	iti have [Pubg Mobile] order - From SILVER III points 0 To ACE II	2	[{"changed": {"fields": ["Actual price"]}}]	52	1
526	2024-03-17 18:05:34.285903+02	82	iti's token	3		57	1
527	2024-03-17 19:09:41.62077+02	79	googleuser's token	3		57	1
528	2024-03-19 03:32:48.856137+02	23	Neon for Pubg Mobile	2	[{"changed": {"fields": ["Game"]}}]	115	1
529	2024-03-19 03:41:20.48454+02	23	Neon for VALORANT	2	[{"changed": {"fields": ["Game"]}}]	115	1
530	2024-03-19 06:18:42.127826+02	13	samy2	1	[{"added": {}}]	51	1
531	2024-03-19 06:24:18.362943+02	13	samy2	2	[{"changed": {"fields": ["Profile image", "Is booster"]}}]	51	1
532	2024-03-19 06:24:44.267825+02	2	samy2	1	[{"added": {}}]	6	1
533	2024-03-19 06:44:48.120208+02	2	shehab	2	[{"changed": {"fields": ["Profile image"]}}]	51	1
534	2024-03-19 07:23:02.635298+02	1	shehab	2	[{"changed": {"fields": ["Can choose me"]}}]	6	1
535	2024-03-22 08:13:11.050103+02	2	samy2	2	[{"changed": {"fields": ["Is wf player"]}}]	6	1
536	2024-03-29 16:51:02.119062+02	2	samy2	2	[{"changed": {"fields": ["Is dota2 player"]}}]	6	1
537	2024-03-29 16:51:15.880907+02	2	samy2	2	[{"changed": {"fields": ["Is dota2 player"]}}]	6	1
538	2024-03-31 15:37:36.996884+02	1	Iron	1	[{"added": {}}]	90	1
539	2024-03-31 15:37:55.218392+02	1	shehab	2	[{"changed": {"fields": ["Achived rank pubg"]}}]	6	1
540	2024-03-31 15:38:18.079374+02	2	samy2	2	[{"changed": {"fields": ["Achived rank wow", "Achived rank dota2", "Achived rank csgo2", "Achived rank hok"]}}]	6	1
541	2024-03-31 17:14:22.731466+02	169	From SILVER III 0-20 RR To DIAMOND II	2	[{"changed": {"fields": ["Champions"]}}]	17	1
542	2024-04-01 07:47:38.354687+02	201	iti WITHDRAWAL 878.28$	3		56	1
543	2024-04-01 07:47:38.363251+02	200	iti WITHDRAWAL 33.0$	3		56	1
544	2024-04-01 07:47:38.366646+02	199	iti WITHDRAWAL 54.45$	3		56	1
545	2024-04-01 07:47:38.367646+02	198	iti WITHDRAWAL 37.4$	3		56	1
546	2024-04-01 07:47:38.369008+02	197	iti WITHDRAWAL 24.68$	3		56	1
547	2024-04-01 07:47:38.37009+02	196	iti WITHDRAWAL 10.15$	3		56	1
548	2024-04-01 07:47:38.371382+02	195	iti WITHDRAWAL 57.5$	3		56	1
549	2024-04-01 07:47:38.372382+02	194	iti WITHDRAWAL 747.91$	3		56	1
550	2024-04-01 07:47:38.373994+02	193	iti WITHDRAWAL 70.35$	3		56	1
551	2024-04-01 07:47:38.374994+02	192	iti WITHDRAWAL 31.92$	3		56	1
552	2024-04-01 07:47:38.376422+02	191	iti WITHDRAWAL 48.64$	3		56	1
553	2024-04-01 07:47:38.377584+02	190	shehab DEPOSIT 10.0$	3		56	1
554	2024-04-01 07:47:38.378626+02	189	iti WITHDRAWAL 19.17$	3		56	1
555	2024-04-01 07:47:38.381577+02	188	iti WITHDRAWAL 13.65$	3		56	1
556	2024-04-01 07:47:38.383571+02	187	iti WITHDRAWAL 178.8$	3		56	1
557	2024-04-01 07:47:38.384851+02	186	iti WITHDRAWAL 48.49$	3		56	1
558	2024-04-01 07:47:38.385908+02	185	iti WITHDRAWAL 70.42$	3		56	1
559	2024-04-01 07:47:38.386911+02	184	iti WITHDRAWAL 181.97$	3		56	1
560	2024-04-01 07:47:38.388173+02	183	iti WITHDRAWAL 101.56$	3		56	1
561	2024-04-01 07:47:38.389173+02	182	iti WITHDRAWAL 73.62$	3		56	1
562	2024-04-01 07:47:38.39017+02	181	iti WITHDRAWAL 22.0$	3		56	1
563	2024-04-01 07:47:38.391168+02	180	iti WITHDRAWAL 22.5$	3		56	1
564	2024-04-01 07:47:38.392165+02	179	iti WITHDRAWAL 80.85$	3		56	1
565	2024-04-01 07:47:38.393162+02	178	iti WITHDRAWAL 24.75$	3		56	1
566	2024-04-01 07:47:38.393968+02	177	iti WITHDRAWAL 22.5$	3		56	1
567	2024-04-01 07:47:38.394969+02	176	iti WITHDRAWAL 127.54$	3		56	1
568	2024-04-01 07:47:38.396963+02	175	iti WITHDRAWAL 326.67$	3		56	1
569	2024-04-01 07:47:38.398959+02	174	iti WITHDRAWAL 240.0$	3		56	1
570	2024-04-01 07:47:38.400953+02	173	iti WITHDRAWAL 735.0$	3		56	1
571	2024-04-01 07:47:38.40195+02	172	iti WITHDRAWAL 124.9$	3		56	1
572	2024-04-01 07:47:38.403125+02	171	iti WITHDRAWAL 27.78$	3		56	1
573	2024-04-01 07:47:38.404126+02	170	iti WITHDRAWAL 110.0$	3		56	1
574	2024-04-01 07:47:38.405246+02	169	iti WITHDRAWAL 96.8$	3		56	1
575	2024-04-01 07:47:38.406348+02	168	iti WITHDRAWAL 75.0$	3		56	1
576	2024-04-01 07:47:38.407418+02	167	iti WITHDRAWAL 115.82$	3		56	1
577	2024-04-01 07:47:38.408452+02	166	shehab DEPOSIT 13.13$	3		56	1
578	2024-04-01 07:47:38.410305+02	165	shehab DEPOSIT 4.36$	3		56	1
579	2024-04-01 07:47:38.411332+02	164	googleuser WITHDRAWAL 19.8$	3		56	1
580	2024-04-01 07:47:38.412333+02	163	iti WITHDRAWAL 59.7$	3		56	1
581	2024-04-01 07:47:38.414327+02	162	iti WITHDRAWAL 55.72$	3		56	1
582	2024-04-01 07:47:38.416237+02	161	shehab DEPOSIT 410.87$	3		56	1
583	2024-04-01 07:47:38.417238+02	160	iti WITHDRAWAL 1369.56$	3		56	1
584	2024-04-01 07:47:38.419233+02	159	iti WITHDRAWAL 1369.56$	3		56	1
585	2024-04-01 07:47:38.420126+02	158	shehab DEPOSIT 20.13$	3		56	1
586	2024-04-01 07:47:38.421365+02	157	iti WITHDRAWAL 52.0$	3		56	1
587	2024-04-01 07:47:38.422366+02	156	shehab DEPOSIT 82.32$	3		56	1
588	2024-04-01 07:47:38.423584+02	155	iti WITHDRAWAL 166.0$	3		56	1
589	2024-04-01 07:47:38.424586+02	154	shehab DEPOSIT 5.4$	3		56	1
590	2024-04-01 07:47:38.425582+02	153	shehab DEPOSIT 4.32$	3		56	1
591	2024-04-01 07:47:38.427214+02	152	iti WITHDRAWAL 20.0$	3		56	1
592	2024-04-01 07:47:38.428232+02	151	shehab DEPOSIT 5.81$	3		56	1
593	2024-04-01 07:47:38.429232+02	150	iti WITHDRAWAL 36.0$	3		56	1
594	2024-04-01 07:47:38.431229+02	149	shehab DEPOSIT 8.8$	3		56	1
595	2024-04-01 07:47:38.433563+02	148	iti WITHDRAWAL 57.5$	3		56	1
596	2024-04-01 07:47:38.434565+02	147	iti WITHDRAWAL 40.0$	3		56	1
597	2024-04-01 07:47:38.435675+02	146	shehab DEPOSIT 97.2$	3		56	1
598	2024-04-01 07:47:38.436488+02	145	shehab DEPOSIT 16.9$	3		56	1
599	2024-04-01 07:47:38.43749+02	144	iti WITHDRAWAL 360.0$	3		56	1
600	2024-04-01 07:47:38.438239+02	143	iti WITHDRAWAL 149.32$	3		56	1
601	2024-04-01 07:47:38.43924+02	142	iti WITHDRAWAL 70.4$	3		56	1
602	2024-04-01 07:47:38.440438+02	141	shehab DEPOSIT 7.37$	3		56	1
603	2024-04-01 07:47:38.441439+02	140	iti WITHDRAWAL 149.32$	3		56	1
604	2024-04-01 07:47:38.442873+02	139	iti WITHDRAWAL 34.5$	3		56	1
605	2024-04-01 07:47:38.443896+02	138	iti WITHDRAWAL 149.32$	3		56	1
606	2024-04-01 07:47:38.445086+02	137	shehab DEPOSIT 25.95$	3		56	1
607	2024-04-01 07:47:38.447086+02	136	iti WITHDRAWAL 33.5$	3		56	1
608	2024-04-01 07:47:38.448791+02	135	iti WITHDRAWAL 151.46$	3		56	1
609	2024-04-01 07:47:38.449805+02	134	iti WITHDRAWAL 151.46$	3		56	1
610	2024-04-01 07:47:38.450756+02	133	iti WITHDRAWAL 151.46$	3		56	1
611	2024-04-01 07:47:47.438443+02	184	iti have [VALORANT] order - From IRON III 0-20 RR To GOLD II	3		52	1
612	2024-04-01 07:47:47.447123+02	183	iti have [VALORANT] order - From BRONZE III 0-20 RR To DIAMOND II	3		52	1
613	2024-04-01 07:47:47.449118+02	182	iti have [VALORANT] order - From BRONZE III 0-20 RR To PLATINUM II	3		52	1
614	2024-04-01 07:47:47.450112+02	181	iti have [Team Fight Tactics] order - From SILVER II 0-20 LP To GOLD III	3		52	1
615	2024-04-01 07:47:47.452107+02	180	iti have [Rocket League] order - Seasonal Reward Boosting by 5 Wins With Rank bronze - 2.03$	3		52	1
616	2024-04-01 07:47:47.452901+02	179	iti have [Pubg Mobile] order - From GOLD III points 0 To PLATINUM II	3		52	1
617	2024-04-01 07:47:47.453932+02	178	iti have [Overwatch 2] order - From SILVER III Progress 0-19 % To MASTER II	3		52	1
618	2024-04-01 07:47:47.4549+02	177	iti have [Mobile Legends] order - From MASTER III 81-99 LP To GRANDMASTER 5	3		52	1
619	2024-04-01 07:48:55.183232+02	176	iti have [Mobile Legends] order - From MASTER III 81-99 LP To GRANDMASTER I	3		52	1
620	2024-04-01 07:48:55.191909+02	175	iti have [Honer Of King] order - From GOLD II 0 Stars To PLATINUM III	3		52	1
621	2024-04-01 07:48:55.193515+02	174	iti have [Hearthstone] order - From PLATINUM II 0 STAR To LEGEND X	3		52	1
622	2024-04-01 07:48:55.194637+02	173	iti have [Dota 2] order - Boosting of 10 Placement Games With Rank immortal	3		52	1
623	2024-04-01 07:48:55.195913+02	172	iti have [Dota 2] order - no details	3		52	1
624	2024-04-01 07:48:55.196915+02	171	iti have [Dota 2] order - Boosting of 7 Placement Games With Rank legend	3		52	1
625	2024-04-01 07:48:55.197912+02	170	iti have [Dota 2] order - From 1954 RP To 3950	3		52	1
626	2024-04-01 07:48:55.198909+02	169	iti have [VALORANT] order - From SILVER III 0-20 RR To DIAMOND II	3		52	1
627	2024-04-01 07:48:55.199908+02	168	iti have [League of Legends] order - From SILVER II 0-20 LP To GOLD III	3		52	1
628	2024-04-01 07:48:55.200773+02	167	iti have [Lol: Wild Rift] order - From BRONZE II Marks 0 To EMERALD III	3		52	1
629	2024-04-01 07:48:55.201778+02	166	iti have [Lol: Wild Rift] order - From BRONZE II Marks 0 To PLATINUM III	3		52	1
630	2024-04-01 07:48:55.204315+02	165	iti have [CS GO 2] order - From 1 To 1	3		52	1
631	2024-04-01 07:48:55.205404+02	164	iti have [VALORANT] order - From BRONZE III 0-20 RR To GOLD II	3		52	1
632	2024-04-01 07:48:55.206405+02	163	iti have [VALORANT] order - From SILVER III 0-20 RR To PLATINUM II	3		52	1
633	2024-04-01 07:48:55.207405+02	162	iti have [VALORANT] order - From SILVER III 0-20 RR To IMMORTAL II	3		52	1
634	2024-04-01 07:48:55.208398+02	161	iti have [VALORANT] order - From SILVER III 0-20 RR To PLATINUM II	3		52	1
635	2024-04-01 07:48:55.209397+02	160	iti have [VALORANT] order - From SILVER III 0-20 RR To PLATINUM II	3		52	1
636	2024-04-01 07:48:55.210393+02	159	iti have [Lol: Wild Rift] order - From SILVER II Marks 0 To EMERALD III	3		52	1
637	2024-04-01 07:48:55.211252+02	158	iti have [Lol: Wild Rift] order - From BRONZE III Marks 0 To EMERALD I	3		52	1
638	2024-04-01 07:48:55.212329+02	157	iti have [CS GO 2] order - From D MASTER GRD To SUPRE MASTER FC	3		52	1
639	2024-04-01 07:48:55.213339+02	156	iti have [CS GO 2] order - From SILVER III To SUPRE MASTER FC	3		52	1
640	2024-04-01 07:48:55.214421+02	155	iti have [Honer Of King] order - From PLATINUM II 0 Stars To KING II	3		52	1
641	2024-04-01 07:48:55.215412+02	154	iti have [Honer Of King] order - From KING II 0 Stars To KING I	3		52	1
642	2024-04-01 07:48:55.216328+02	153	iti have [CS GO 2] order - From SILVER II To GOLD NV I	3		52	1
643	2024-04-01 07:48:55.217234+02	152	iti have [CS GO 2] order - From SILVER III To GOLD NV I	3		52	1
644	2024-04-01 07:48:55.218235+02	151	iti have [CS GO 2] order - From SILVER III To SE MASTER	3		52	1
645	2024-04-01 07:48:55.220229+02	150	iti have [Overwatch 2] order - From GOLD I Progress 0-19 % To PLATINUM II	3		52	1
646	2024-04-01 07:48:55.220229+02	149	iti have [CS GO 2] order - From SILVER III To SE MASTER	3		52	1
647	2024-04-01 07:48:55.221906+02	148	iti have [CS GO 2] order - From SILVER III To SE MASTER	3		52	1
648	2024-04-01 07:48:55.222908+02	147	iti have [CS GO 2] order - From SILVER III To SE MASTER	3		52	1
649	2024-04-01 07:48:55.223914+02	146	googleuser have [Dota 2] order - Boosting of 10 Placement Games With Rank immortal	3		52	1
650	2024-04-01 07:48:55.224826+02	145	iti have [Dota 2] order - From 100 RP To 850	3		52	1
651	2024-04-01 07:48:55.225883+02	144	iti have [Dota 2] order - From 100 RP To 850	3		52	1
652	2024-04-01 07:48:55.226899+02	143	iti have [Dota 2] order - From 2300 RP To 6700	3		52	1
653	2024-04-01 07:48:55.227899+02	142	iti have [Dota 2] order - From 2300 RP To 6700	3		52	1
654	2024-04-01 07:48:55.229054+02	141	iti have [Pubg Mobile] order - From BRONZE V points 0 To GOLD I	3		52	1
655	2024-04-01 07:48:55.229881+02	140	iti have [Pubg Mobile] order - From BRONZE V points 0 To SILVER I	3		52	1
656	2024-04-01 07:48:55.231015+02	139	iti have [Pubg Mobile] order - From SILVER III points 0 To ACE II	3		52	1
657	2024-04-01 07:48:55.231935+02	136	iti have [Pubg Mobile] order - From SILVER III points 0 To DIAMOND II	3		52	1
658	2024-04-01 07:48:55.232936+02	135	iti have [Pubg Mobile] order - From PLATINUM IV points 0 To PLATINUM II	3		52	1
659	2024-04-01 07:48:55.233734+02	134	iti have [Pubg Mobile] order - From GOLD I points 0 To PLATINUM II	3		52	1
660	2024-04-01 07:48:55.234739+02	133	iti have [Pubg Mobile] order - From GOLD III points 0 To PLATINUM II	3		52	1
661	2024-04-01 07:48:55.236331+02	132	iti have [Pubg Mobile] order - From ACE DOMENATER IV Marks 0 To ACE DOMENATER 5	3		52	1
662	2024-04-01 07:48:55.237331+02	131	iti have [Pubg Mobile] order - From GOLD III Marks 0 To ACE IV	3		52	1
663	2024-04-01 07:48:55.238328+02	130	iti have [Overwatch 2] order - From GOLD III Progress 0-19 % To PLATINUM II	3		52	1
664	2024-04-01 07:48:55.239526+02	129	iti have [Pubg Mobile] order - From GOLD III Marks 0 To PLATINUM IV	3		52	1
665	2024-04-01 07:48:55.240432+02	128	iti have [Overwatch 2] order - From GOLD III Progress 0-19 % To PLATINUM II	3		52	1
666	2024-04-01 07:48:55.241409+02	127	iti have [Pubg Mobile] order - From GOLD III Marks 0 To PLATINUM IV	3		52	1
667	2024-04-01 07:48:55.242568+02	126	iti have [Pubg Mobile] order - no details	3		52	1
668	2024-04-01 07:48:55.243576+02	125	iti have [Overwatch 2] order - From GOLD III Progress 0-19 % To PLATINUM II	3		52	1
669	2024-04-01 07:48:55.244414+02	124	iti have [Overwatch 2] order - From GOLD III Progress 0-19 % To GOLD I	3		52	1
670	2024-04-01 07:48:55.245449+02	123	iti have [Overwatch 2] order - From SILVER II Progress 0-19 % To GOLD I	3		52	1
671	2024-04-01 07:48:55.246412+02	122	iti have [Overwatch 2] order - From SILVER II Progress 0-19 % To GOLD I	3		52	1
672	2024-04-01 07:48:55.247917+02	121	iti have [Overwatch 2] order - From SILVER II Progress 0-19 % To GOLD I	3		52	1
673	2024-04-03 05:42:34.36208+02	204	shehab DEPOSIT 19.37$	3		56	1
674	2024-04-03 05:42:34.373038+02	203	iti WITHDRAWAL 71.74$	3		56	1
675	2024-04-03 05:42:34.374383+02	202	shehab DEPOSIT 10.0$	3		56	1
676	2024-04-03 05:42:42.275267+02	187	iti have [League of Legends] order - no details	3		52	1
677	2024-04-03 14:28:10.160973+02	12	googleuser	3		51	1
678	2024-04-03 14:28:32.467884+02	167	roomFor-iti-TFT195	3		92	1
679	2024-04-03 14:28:32.477176+02	166	roomFor-iti-admins-TFT195	3		92	1
680	2024-04-03 14:28:32.478923+02	165	roomFor-iti-TFT194	3		92	1
681	2024-04-03 14:28:32.479919+02	164	roomFor-iti-admins-TFT194	3		92	1
682	2024-04-03 14:28:32.481915+02	163	roomFor-iti-HOK193	3		92	1
683	2024-04-03 14:28:32.483909+02	162	roomFor-iti-admins-HOK193	3		92	1
684	2024-04-03 14:28:32.485961+02	161	roomFor-iti-WOW192	3		92	1
685	2024-04-03 14:28:32.48692+02	160	roomFor-iti-admins-WOW192	3		92	1
686	2024-04-03 14:28:32.488115+02	159	roomFor-iti-Csgo191	3		92	1
687	2024-04-03 14:28:32.489063+02	158	roomFor-iti-admins-Csgo191	3		92	1
688	2024-04-03 14:28:32.490003+02	157	roomFor-iti-Pubg190	3		92	1
689	2024-04-03 14:28:32.490853+02	156	roomFor-iti-admins-Pubg190	3		92	1
690	2024-04-03 14:28:32.491707+02	155	roomFor-iti-Valo189	3		92	1
691	2024-04-03 14:28:32.492711+02	154	roomFor-iti-admins-Valo189	3		92	1
692	2024-04-03 14:28:32.492711+02	153	roomFor-iti-LOL188	3		92	1
693	2024-04-03 14:28:32.493706+02	152	roomFor-iti-admins-LOL188	3		92	1
694	2024-04-03 14:28:32.495545+02	151	roomFor-iti-RL186	3		92	1
695	2024-04-03 14:28:32.496546+02	150	roomFor-iti-admins-RL186	3		92	1
696	2024-04-03 14:28:32.497543+02	149	roomFor-iti-WR185	3		92	1
697	2024-04-03 14:28:32.499542+02	148	roomFor-iti-admins-WR185	3		92	1
698	2024-04-03 14:28:32.500536+02	147	roomFor-iti-Valo184	3		92	1
699	2024-04-03 14:28:32.501532+02	146	roomFor-iti-admins-Valo184	3		92	1
700	2024-04-03 14:28:32.50253+02	145	roomFor-iti-Valo183	3		92	1
701	2024-04-03 14:28:32.503556+02	144	roomFor-iti-admins-Valo183	3		92	1
702	2024-04-03 14:28:32.505522+02	143	roomFor-iti-Valo182	3		92	1
703	2024-04-03 14:28:32.505522+02	142	roomFor-iti-admins-Valo182	3		92	1
704	2024-04-03 14:28:32.507125+02	141	roomFor-iti-TFT181	3		92	1
705	2024-04-03 14:28:32.508119+02	140	roomFor-iti-admins-TFT181	3		92	1
706	2024-04-03 14:28:32.509119+02	139	roomFor-iti-RL180	3		92	1
707	2024-04-03 14:28:32.510124+02	138	roomFor-iti-admins-RL180	3		92	1
708	2024-04-03 14:28:32.511187+02	137	roomFor-iti-Pubg179	3		92	1
709	2024-04-03 14:28:32.512017+02	136	roomFor-iti-admins-Pubg179	3		92	1
710	2024-04-03 14:28:32.513018+02	135	roomFor-iti-OVW2178	3		92	1
711	2024-04-03 14:28:32.514016+02	134	roomFor-iti-admins-OVW2178	3		92	1
712	2024-04-03 14:28:32.515016+02	133	roomFor-iti-MOBLEG176	3		92	1
713	2024-04-03 14:28:32.517006+02	132	roomFor-iti-admins-MOBLEG176	3		92	1
714	2024-04-03 14:28:32.518467+02	131	roomFor-iti-HOK175	3		92	1
715	2024-04-03 14:28:32.519469+02	130	roomFor-iti-admins-HOK175	3		92	1
716	2024-04-03 14:28:32.519469+02	129	roomFor-iti-HEARTHSTONE174	3		92	1
717	2024-04-03 14:28:32.521061+02	128	roomFor-iti-admins-HEARTHSTONE174	3		92	1
718	2024-04-03 14:28:32.521865+02	127	roomFor-iti-Dota2173	3		92	1
719	2024-04-03 14:28:32.522656+02	126	roomFor-iti-admins-Dota2173	3		92	1
720	2024-04-03 14:28:32.523458+02	125	roomFor-iti-Dota2171	3		92	1
721	2024-04-03 14:28:32.524458+02	124	roomFor-iti-admins-Dota2171	3		92	1
722	2024-04-03 14:28:32.525455+02	123	roomFor-iti-Dota2170	3		92	1
723	2024-04-03 14:28:32.526454+02	122	roomFor-iti-admins-Dota2170	3		92	1
724	2024-04-03 14:28:32.527451+02	121	roomFor-iti-Valo169	3		92	1
725	2024-04-03 14:28:32.528141+02	120	roomFor-iti-admins-Valo169	3		92	1
726	2024-04-03 14:28:32.528951+02	119	roomFor-iti-LOL168	3		92	1
727	2024-04-03 14:28:32.529953+02	118	roomFor-iti-admins-LOL168	3		92	1
728	2024-04-03 14:28:32.530952+02	117	roomFor-iti-WR167	3		92	1
729	2024-04-03 14:28:32.531946+02	116	roomFor-iti-admins-WR167	3		92	1
730	2024-04-03 14:28:32.533643+02	115	roomFor-iti-WR166	3		92	1
731	2024-04-03 14:28:32.534646+02	114	roomFor-iti-admins-WR166	3		92	1
732	2024-04-03 14:28:32.534646+02	113	roomFor-iti-Csgo165	3		92	1
733	2024-04-03 14:28:32.535671+02	112	roomFor-iti-admins-Csgo165	3		92	1
734	2024-04-03 14:28:32.53694+02	111	roomFor-iti-Valo164	3		92	1
735	2024-04-03 14:28:32.537843+02	110	roomFor-iti-admins-Valo164	3		92	1
736	2024-04-03 14:28:32.538844+02	109	roomFor-iti-Valo163	3		92	1
737	2024-04-03 14:28:32.539842+02	108	roomFor-iti-admins-Valo163	3		92	1
738	2024-04-03 14:28:32.540828+02	107	roomFor-iti-Valo162	3		92	1
739	2024-04-03 14:28:32.541659+02	106	roomFor-iti-admins-Valo162	3		92	1
740	2024-04-03 14:28:32.541659+02	105	roomFor-iti-Valo161	3		92	1
741	2024-04-03 14:28:32.54266+02	104	roomFor-iti-admins-Valo161	3		92	1
742	2024-04-03 14:28:32.543674+02	103	roomFor-iti-Valo160	3		92	1
743	2024-04-03 14:28:32.544932+02	102	roomFor-iti-admins-Valo160	3		92	1
744	2024-04-03 14:28:32.545934+02	101	roomFor-iti-WR159	3		92	1
745	2024-04-03 14:28:32.546932+02	100	roomFor-iti-admins-WR159	3		92	1
746	2024-04-03 14:28:32.548927+02	99	roomFor-iti-WR158	3		92	1
747	2024-04-03 14:28:32.550921+02	98	roomFor-iti-admins-WR158	3		92	1
748	2024-04-03 14:28:32.552915+02	97	roomFor-iti-CsGo157	3		92	1
749	2024-04-03 14:28:32.554909+02	96	roomFor-iti-admins-CsGo157	3		92	1
750	2024-04-03 14:28:32.555813+02	95	roomFor-iti-CsGo156	3		92	1
751	2024-04-03 14:28:32.556815+02	94	roomFor-iti-admins-CsGo156	3		92	1
752	2024-04-03 14:28:32.556815+02	93	roomFor-iti-HOK155	3		92	1
753	2024-04-03 14:28:32.5584+02	92	roomFor-iti-admins-HOK155	3		92	1
754	2024-04-03 14:28:32.559402+02	91	roomFor-iti-HOK154	3		92	1
755	2024-04-03 14:28:32.560728+02	90	roomFor-iti-admins-HOK154	3		92	1
756	2024-04-03 14:28:32.561731+02	89	roomFor-iti-CsGo153	3		92	1
757	2024-04-03 14:28:32.562727+02	88	roomFor-iti-admins-CsGo153	3		92	1
758	2024-04-03 14:28:32.563723+02	87	roomFor-iti-CsGo152	3		92	1
759	2024-04-03 14:28:32.567713+02	86	roomFor-iti-admins-CsGo152	3		92	1
760	2024-04-03 14:28:32.569708+02	85	roomFor-iti-CsGo151	3		92	1
761	2024-04-03 14:28:32.570704+02	84	roomFor-iti-admins-CsGo151	3		92	1
762	2024-04-03 14:28:32.572409+02	83	roomFor-iti-OVW2150	3		92	1
763	2024-04-03 14:28:32.573244+02	82	roomFor-iti-admins-OVW2150	3		92	1
764	2024-04-03 14:28:32.574053+02	81	roomFor-googleuser-Dota2146	3		92	1
765	2024-04-03 14:28:32.575052+02	80	roomFor-googleuser-admins-Dota2146	3		92	1
766	2024-04-03 14:28:32.576051+02	79	roomFor-iti-Dota2144	3		92	1
767	2024-04-03 14:28:32.577324+02	78	roomFor-iti-admins-Dota2144	3		92	1
768	2024-04-03 14:28:32.578277+02	77	roomFor-iti-Dota2143	3		92	1
769	2024-04-03 14:28:32.579279+02	76	roomFor-iti-admins-Dota2143	3		92	1
770	2024-04-03 14:28:32.579279+02	75	roomFor-iti-Dota2142	3		92	1
771	2024-04-03 14:28:32.581274+02	74	roomFor-iti-admins-Dota2142	3		92	1
772	2024-04-03 14:28:32.584265+02	73	roomFor-iti-Pubg140	3		92	1
773	2024-04-03 14:28:32.585262+02	72	roomFor-iti-admins-Pubg140	3		92	1
774	2024-04-03 14:28:32.586266+02	71	roomFor-iti-Pubg136	3		92	1
775	2024-04-03 14:28:32.588735+02	70	roomFor-iti-admins-Pubg136	3		92	1
776	2024-04-03 14:28:32.589873+02	69	roomFor-iti-Pubg133	3		92	1
777	2024-04-03 14:28:32.590876+02	68	roomFor-iti-admins-Pubg133	3		92	1
778	2024-04-03 14:28:38.36928+02	67	roomFor-iti-Pubg132	3		92	1
779	2024-04-03 14:28:38.37193+02	66	roomFor-iti-admins-Pubg132	3		92	1
780	2024-04-03 14:28:38.372931+02	65	roomFor-iti-Pubg131	3		92	1
781	2024-04-03 14:28:38.3742+02	64	roomFor-iti-admins-Pubg131	3		92	1
782	2024-04-03 14:28:38.375262+02	63	roomFor-iti-Pubg129	3		92	1
783	2024-04-03 14:28:38.376264+02	62	roomFor-iti-admins-Pubg129	3		92	1
784	2024-04-03 14:28:38.377259+02	61	roomFor-iti-OVW2128	3		92	1
785	2024-04-03 14:28:38.3789+02	60	roomFor-iti-admins-OVW2128	3		92	1
786	2024-04-03 14:28:38.3799+02	59	roomFor-iti-Pubg127	3		92	1
787	2024-04-03 14:28:38.380898+02	58	roomFor-iti-admins-Pubg127	3		92	1
788	2024-04-03 14:28:38.382893+02	57	roomFor-iti-OVW2125	3		92	1
789	2024-04-03 14:28:38.383891+02	56	roomFor-iti-admins-OVW2125	3		92	1
790	2024-04-03 14:28:38.384919+02	55	roomFor-iti-OVW2121	3		92	1
791	2024-04-03 14:28:38.385886+02	54	roomFor-iti-admins-OVW2121	3		92	1
792	2024-04-03 14:28:38.38749+02	53	roomFor-iti-OVW2119	3		92	1
793	2024-04-03 14:28:38.388573+02	52	roomFor-iti-admins-OVW2119	3		92	1
794	2024-04-03 14:28:38.389662+02	51	roomFor-iti-OVW2117	3		92	1
795	2024-04-03 14:28:38.390668+02	50	roomFor-iti-admins-OVW2117	3		92	1
796	2024-04-03 14:28:38.39166+02	49	roomFor-iti-OVW2111	3		92	1
797	2024-04-03 14:28:38.392669+02	48	roomFor-iti-admins-OVW2111	3		92	1
798	2024-04-03 14:28:38.393861+02	47	roomFor-iti-OVW2110	3		92	1
799	2024-04-03 14:28:38.394861+02	46	roomFor-iti-admins-OVW2110	3		92	1
800	2024-04-03 14:28:38.39586+02	45	roomFor-iti-OVW2105	3		92	1
801	2024-04-03 14:28:38.396631+02	44	roomFor-iti-admins-OVW2105	3		92	1
802	2024-04-03 14:28:38.397631+02	43	roomFor-iti-OVW2101	3		92	1
803	2024-04-03 14:28:38.399627+02	42	roomFor-iti-admins-OVW2101	3		92	1
804	2024-04-03 14:28:38.401376+02	41	roomFor-iti-OVW2100	3		92	1
805	2024-04-03 14:28:38.402395+02	40	roomFor-iti-admins-OVW2100	3		92	1
806	2024-04-03 14:28:38.403375+02	39	roomFor-iti-OVW299	3		92	1
807	2024-04-03 14:28:38.403375+02	38	roomFor-iti-admins-OVW299	3		92	1
808	2024-04-03 14:28:38.405082+02	37	roomFor-iti-OVW298	3		92	1
809	2024-04-03 14:28:38.406127+02	36	roomFor-iti-admins-OVW298	3		92	1
810	2024-04-03 14:28:38.407313+02	35	roomFor-iti-OVW297	3		92	1
811	2024-04-03 14:28:38.408637+02	34	roomFor-iti-admins-OVW297	3		92	1
812	2024-04-03 14:28:38.409636+02	33	roomFor-iti-OVW296	3		92	1
813	2024-04-03 14:28:38.410705+02	32	roomFor-iti-admins-OVW296	3		92	1
814	2024-04-03 14:28:38.411762+02	31	roomFor-iti-OVW295	3		92	1
815	2024-04-03 14:28:38.412612+02	30	roomFor-iti-admins-OVW295	3		92	1
816	2024-04-03 14:28:38.413506+02	29	roomFor-iti-OVW293	3		92	1
817	2024-04-03 14:28:38.415507+02	28	roomFor-iti-admins-OVW293	3		92	1
818	2024-04-03 14:28:38.417098+02	27	roomFor-iti-OVW292	3		92	1
819	2024-04-03 14:28:38.418099+02	26	roomFor-iti-admins-OVW292	3		92	1
820	2024-04-03 14:28:38.419097+02	25	roomFor-iti-OVW291	3		92	1
821	2024-04-03 14:28:38.420094+02	24	roomFor-iti-admins-OVW291	3		92	1
822	2024-04-03 14:28:38.421091+02	23	roomFor-iti-MOBLEG90	3		92	1
823	2024-04-03 14:28:38.422109+02	22	roomFor-iti-admins-MOBLEG90	3		92	1
824	2024-04-03 14:28:38.42311+02	21	roomFor-iti-MOBLEG86	3		92	1
825	2024-04-03 14:28:38.424461+02	20	roomFor-iti-admins-MOBLEG86	3		92	1
826	2024-04-03 14:28:38.425461+02	19	roomFor-iti-Valo82	3		92	1
827	2024-04-03 14:28:38.426462+02	18	roomFor-iti-admins-Valo82	3		92	1
828	2024-04-03 14:28:38.427455+02	17	roomFor-iti-Valo81	3		92	1
829	2024-04-03 14:28:38.428401+02	16	roomFor-iti-admins-Valo81	3		92	1
830	2024-04-03 14:28:38.429566+02	15	roomFor-googleuser-Valo80	3		92	1
831	2024-04-03 14:28:38.431513+02	14	roomFor-googleuser-admins-Valo80	3		92	1
832	2024-04-03 14:28:38.432509+02	13	roomFor-googleuser-Valo79	3		92	1
833	2024-04-03 14:28:38.434504+02	12	roomFor-googleuser-admins-Valo79	3		92	1
834	2024-04-03 14:28:38.435503+02	11	roomFor-iti-MOBLEG76	3		92	1
835	2024-04-03 14:28:38.436511+02	10	roomFor-iti-admins-MOBLEG76	3		92	1
836	2024-04-03 14:28:38.437512+02	9	roomFor-iti-admins-MOBLEG75	3		92	1
837	2024-04-03 14:28:38.439052+02	8	roomFor-ahmed-OVW274	3		92	1
838	2024-04-03 14:28:38.440052+02	7	roomFor-ahmed-admins-OVW274	3		92	1
839	2024-04-03 14:28:38.44105+02	6	roomFor-iti-MOBLEG71	3		92	1
840	2024-04-03 14:28:38.442048+02	5	roomFor-iti-admins-MOBLEG71	3		92	1
841	2024-04-03 14:28:38.443219+02	4	roomFor-iti-MOBLEG60	3		92	1
842	2024-04-03 14:28:38.444383+02	3	roomFor-iti-admins-MOBLEG60	3		92	1
843	2024-04-03 14:28:38.445656+02	2	roomFor-iti-MOBLEG59	3		92	1
844	2024-04-03 14:28:38.446757+02	1	roomFor-iti-admins-MOBLEG59	3		92	1
845	2024-04-03 14:28:50.244071+02	212	iti WITHDRAWAL 166.23$	3		56	1
846	2024-04-03 14:28:50.252774+02	211	iti WITHDRAWAL 99.07$	3		56	1
847	2024-04-03 14:28:50.2559+02	210	iti WITHDRAWAL 143.45$	3		56	1
848	2024-04-03 14:28:50.256903+02	209	iti WITHDRAWAL 38.0$	3		56	1
849	2024-04-03 14:28:50.2579+02	208	iti WITHDRAWAL 125.0$	3		56	1
850	2024-04-03 14:28:50.258925+02	207	iti WITHDRAWAL 218.5$	3		56	1
851	2024-04-03 14:28:50.260891+02	206	iti WITHDRAWAL 38.0$	3		56	1
852	2024-04-03 14:28:50.261888+02	205	iti WITHDRAWAL 417.17$	3		56	1
853	2024-04-03 14:29:02.128497+02	195	iti have [Team Fight Tactics] order - From SILVER II 0-20 LP To EMERALD III	3		52	1
854	2024-04-03 14:29:02.136726+02	194	iti have [Team Fight Tactics] order - From BRONZE II 0-20 LP To PLATINUM III	3		52	1
855	2024-04-03 14:29:02.137649+02	193	iti have [Honer Of King] order - From SILVER II 0 Stars To DIAMOND III	3		52	1
856	2024-04-03 14:29:02.138646+02	192	iti have [World of Warcraft] order - From 0 RP To 950	3		52	1
857	2024-04-03 14:29:02.140337+02	191	iti have [CS GO 2] order - From SILVER II To GOLD NV I	3		52	1
858	2024-04-03 14:29:02.141428+02	190	iti have [Pubg Mobile] order - From GOLD III points 0 To CROWN II	3		52	1
859	2024-04-03 14:29:02.142428+02	189	iti have [VALORANT] order - From SILVER III 0-20 RR To DIAMOND II	3		52	1
860	2024-04-03 14:29:02.143427+02	188	iti have [League of Legends] order - From SILVER II 0-20 LP To EMERALD III	3		52	1
861	2024-04-03 14:29:02.144426+02	186	iti have [Rocket League] order - From SILVER III To CHAMPION II With Queue 3	3		52	1
862	2024-04-03 14:29:02.145421+02	185	iti have [Lol: Wild Rift] order - From BRONZE II Marks 0 To DIAMOND III	3		52	1
863	2024-04-03 14:29:49.594648+02	12	googleuser	3		51	1
864	2024-04-03 14:30:15.819705+02	11	shehabtharwat	3		51	1
865	2024-04-03 17:43:52.704152+02	2	shehab	2	[{"changed": {"fields": ["Rest password code"]}}]	51	1
866	2024-04-03 17:53:08.777365+02	2	shehab	2	[{"changed": {"fields": ["Rest password code"]}}]	51	1
867	2024-04-03 17:53:44.423347+02	2	shehab	2	[{"changed": {"fields": ["Rest password code"]}}]	51	1
868	2024-04-03 17:57:16.067436+02	2	shehab	2	[{"changed": {"fields": ["Rest password code"]}}]	51	1
869	2024-04-03 17:57:55.843208+02	2	shehab	2	[{"changed": {"fields": ["Rest password code"]}}]	51	1
870	2024-04-03 17:59:06.5135+02	2	shehab	2	[{"changed": {"fields": ["Rest password code"]}}]	51	1
871	2024-04-04 05:10:36.339718+02	1	shehab	1	[{"added": {}}]	120	1
872	2024-04-04 05:11:46.319487+02	1	Photo object (1)	1	[{"added": {}}]	121	1
873	2024-04-04 05:11:57.663447+02	2	Photo object (2)	1	[{"added": {}}]	121	1
874	2024-04-04 05:12:04.286744+02	3	Photo object (3)	1	[{"added": {}}]	121	1
875	2024-04-08 20:20:24.970392+02	2	samy2	2	[{"changed": {"fields": ["Games", "Is wr player", "Is lol player", "Is tft player", "Is wow player", "Is hearthstone player", "Is mobleg player", "Is rl player", "Is dota2 player", "Is hok player", "Is overwatch2 player", "Is csgo2 player"]}}]	6	1
876	2024-04-11 15:02:50.107768+02	199	From SILVER II Marks 0 To EMERALD III	2	[{"changed": {"fields": ["Current marks"]}}]	11	1
877	2024-04-11 15:04:45.607511+02	199	From SILVER II Marks 1 To EMERALD III	2	[{"changed": {"fields": ["Current marks"]}}]	11	1
878	2024-04-11 15:05:08.154539+02	199	From SILVER II Marks 0 To EMERALD III	2	[{"changed": {"fields": ["Current marks"]}}]	11	1
879	2024-04-11 15:06:55.778775+02	199	From IRON II Marks 2 To EMERALD III	2	[{"changed": {"fields": ["Current rank", "Current marks"]}}]	11	1
880	2024-04-11 15:09:32.142722+02	199	From IRON II Marks 2 To EMERALD III	2	[]	11	1
881	2024-04-11 15:09:39.691411+02	199	From IRON II Marks 3 To EMERALD III	2	[{"changed": {"fields": ["Current marks"]}}]	11	1
882	2024-04-11 15:11:14.150709+02	199	From IRON II Marks 2 To EMERALD III	2	[{"changed": {"fields": ["Current marks"]}}]	11	1
883	2024-04-11 15:12:07.649347+02	199	From IRON II Marks 0 To EMERALD III	2	[{"changed": {"fields": ["Current marks"]}}]	11	1
884	2024-04-11 15:25:15.584113+02	199	From IRON II Marks 0 To EMERALD III	2	[{"changed": {"fields": ["Reached rank", "Reached division", "Reached marks"]}}]	11	1
885	2024-04-11 15:36:58.39384+02	199	From EMERALD II Marks 0 To EMERALD III	2	[{"changed": {"fields": ["Current rank"]}}]	11	1
886	2024-04-11 15:38:43.414442+02	199	From DIAMOND II Marks 1 To EMERALD III	2	[{"changed": {"fields": ["Current rank", "Current marks"]}}]	11	1
887	2024-04-11 15:39:06.272228+02	199	From DIAMOND II Marks 0 To EMERALD III	2	[{"changed": {"fields": ["Current marks"]}}]	11	1
888	2024-04-11 15:40:04.406747+02	199	From DIAMOND II Marks 0 To EMERALD III	2	[]	11	1
889	2024-04-11 15:40:22.580725+02	199	From DIAMOND II Marks 0 To EMERALD III	2	[{"changed": {"fields": ["Reached rank"]}}]	11	1
890	2024-04-11 15:40:32.972972+02	199	From DIAMOND II Marks 0 To EMERALD III	2	[]	11	1
891	2024-04-11 15:50:54.921384+02	199	From DIAMOND II Marks 0 To EMERALD III	2	[]	11	1
892	2024-04-12 03:36:37.528274+02	201	From MYTHIC III 81-99 LP To MYTHIC I	2	[{"changed": {"fields": ["Current rank"]}}]	66	1
893	2024-04-12 03:36:44.407111+02	201	From MYTHICAL GLORY III 81-99 LP To MYTHIC I	2	[{"changed": {"fields": ["Current rank"]}}]	66	1
894	2024-04-12 03:37:08.864274+02	201	From MYTHICAL HONOR III 81-99 LP To MYTHIC I	2	[{"changed": {"fields": ["Current rank"]}}]	66	1
895	2024-04-12 03:37:20.009031+02	201	From MYTHICAL GLORY III 81-99 LP To MYTHIC I	2	[{"changed": {"fields": ["Current rank"]}}]	66	1
896	2024-04-12 03:51:51.052809+02	201	From WARRIOR II 21-40 LP To MYTHIC I	2	[{"changed": {"fields": ["Current rank", "Current division", "Current marks"]}}]	66	1
897	2024-04-12 03:52:19.926723+02	201	From WARRIOR II 21-40 LP To MYTHIC I	2	[]	66	1
898	2024-04-12 03:52:33.702391+02	201	From ELITE III 21-40 LP To MYTHIC I	2	[{"changed": {"fields": ["Current rank", "Current division"]}}]	66	1
899	2024-04-12 03:52:33.935414+02	201	From ELITE III 21-40 LP To MYTHIC I	2	[]	66	1
900	2024-04-12 03:53:14.143584+02	201	From ELITE III 21-40 LP To MYTHICAL GLORY IV	2	[{"changed": {"fields": ["Desired rank", "Desired division"]}}]	66	1
901	2024-04-12 03:54:08.77839+02	13	samy2 Has 150.0$	2	[{"changed": {"fields": ["Money"]}}]	55	1
902	2024-04-13 15:47:48.713403+02	210	iti have [VALORANT] order - Boosting of 5 Placement Games With Rank platinum	2	[{"changed": {"fields": ["Booster"]}}]	52	1
903	2024-04-14 12:13:05.427563+02	1	Iron	3		90	1
904	2024-04-14 12:13:51.239284+02	235	iti WITHDRAWAL 47.77$	3		56	1
905	2024-04-14 12:13:51.24826+02	234	iti WITHDRAWAL 24.68$	3		56	1
906	2024-04-14 12:13:51.24926+02	233	shehab DEPOSIT 7.09$	3		56	1
907	2024-04-14 12:13:51.251256+02	232	iti WITHDRAWAL 32.219$	3		56	1
908	2024-04-14 12:13:51.25247+02	231	iti WITHDRAWAL 532.31$	3		56	1
909	2024-04-14 12:13:51.25347+02	230	shehab DEPOSIT 12.2$	3		56	1
910	2024-04-14 12:13:51.255467+02	229	iti WITHDRAWAL 55.44$	3		56	1
911	2024-04-14 12:13:51.257264+02	228	shehab DEPOSIT 14.04$	3		56	1
912	2024-04-14 12:13:51.258382+02	227	iti WITHDRAWAL 63.8$	3		56	1
913	2024-04-14 12:13:51.259385+02	226	iti WITHDRAWAL 120.12$	3		56	1
914	2024-04-14 12:13:51.262375+02	225	iti WITHDRAWAL 57.5$	3		56	1
915	2024-04-14 12:13:51.264372+02	224	iti WITHDRAWAL 1214.85$	3		56	1
916	2024-04-14 12:13:51.265366+02	223	iti WITHDRAWAL 65.0$	3		56	1
917	2024-04-14 12:13:51.266363+02	222	shehab DEPOSIT 16.2$	3		56	1
918	2024-04-14 12:13:51.267361+02	221	iti WITHDRAWAL 146.0$	3		56	1
919	2024-04-14 12:13:51.269356+02	220	shehab DEPOSIT 50.61$	3		56	1
920	2024-04-14 12:13:51.270354+02	219	iti WITHDRAWAL 144.61$	3		56	1
921	2024-04-14 12:13:51.271381+02	218	iti WITHDRAWAL 206.0$	3		56	1
922	2024-04-14 12:13:51.272388+02	217	iti WITHDRAWAL 218.5$	3		56	1
923	2024-04-14 12:13:51.273375+02	216	iti WITHDRAWAL 144.61$	3		56	1
924	2024-04-14 12:13:51.274372+02	215	iti WITHDRAWAL 144.93$	3		56	1
925	2024-04-14 12:13:51.277336+02	214	iti WITHDRAWAL 55.85$	3		56	1
926	2024-04-14 12:13:51.280326+02	213	iti WITHDRAWAL 26.31$	3		56	1
927	2024-04-14 12:14:06.245904+02	215	iti have [World of Warcraft] order - no details	3		52	1
928	2024-04-14 12:51:14.262618+02	240	iti have [Pubg Mobile] order - no details	3		52	1
929	2024-04-14 12:53:36.131598+02	241	iti have [Pubg Mobile] order - no details	3		52	1
930	2024-04-14 13:01:10.618005+02	246	iti have [Pubg Mobile] order - From BRONZE III points 0 To ACE DOMENATER II	2	[{"changed": {"fields": ["Booster"]}}]	52	1
931	2024-04-14 13:10:12.743834+02	252	iti have [Lol: Wild Rift] order - no details	3		52	1
932	2024-04-14 13:10:12.753474+02	251	iti have [League of Legends] order - no details	3		52	1
933	2024-04-14 13:13:16.898496+02	311	shehab DEPOSIT 66.96$	3		56	1
934	2024-04-14 13:13:16.908109+02	310	iti WITHDRAWAL 304.35$	3		56	1
935	2024-04-14 13:13:16.9097+02	309	shehab DEPOSIT 26.43$	3		56	1
936	2024-04-14 13:13:16.910703+02	308	iti WITHDRAWAL 120.12$	3		56	1
937	2024-04-14 13:13:16.912697+02	307	shehab DEPOSIT 66.96$	3		56	1
938	2024-04-14 13:13:16.914691+02	306	iti WITHDRAWAL 304.35$	3		56	1
939	2024-04-14 13:13:16.916685+02	305	shehab DEPOSIT 66.96$	3		56	1
940	2024-04-14 13:13:16.917684+02	304	iti WITHDRAWAL 304.35$	3		56	1
941	2024-04-14 13:13:16.918681+02	303	iti WITHDRAWAL 304.35$	3		56	1
942	2024-04-14 13:13:16.919678+02	302	shehab DEPOSIT 117.11$	3		56	1
943	2024-04-14 13:13:16.920677+02	301	iti WITHDRAWAL 532.31$	3		56	1
944	2024-04-14 13:13:16.921674+02	300	shehab DEPOSIT 5.43$	3		56	1
945	2024-04-14 13:13:16.923668+02	299	iti WITHDRAWAL 24.68$	3		56	1
946	2024-04-14 13:13:16.924665+02	298	shehab DEPOSIT 26.43$	3		56	1
947	2024-04-14 13:13:16.925663+02	297	iti WITHDRAWAL 120.12$	3		56	1
948	2024-04-14 13:13:16.927148+02	296	shehab DEPOSIT 117.11$	3		56	1
949	2024-04-14 13:13:16.928149+02	295	iti WITHDRAWAL 532.31$	3		56	1
950	2024-04-14 13:13:16.929146+02	294	shehab DEPOSIT 267.27$	3		56	1
951	2024-04-14 13:13:16.930143+02	293	iti WITHDRAWAL 1214.85$	3		56	1
952	2024-04-14 13:13:16.932138+02	292	shehab DEPOSIT 267.27$	3		56	1
953	2024-04-14 13:13:16.933135+02	291	iti WITHDRAWAL 1214.85$	3		56	1
954	2024-04-14 13:13:16.934237+02	290	shehab DEPOSIT 267.27$	3		56	1
955	2024-04-14 13:13:16.935314+02	289	iti WITHDRAWAL 1214.85$	3		56	1
956	2024-04-14 13:13:16.936314+02	288	shehab DEPOSIT 267.27$	3		56	1
957	2024-04-14 13:13:16.937448+02	287	iti WITHDRAWAL 1214.85$	3		56	1
958	2024-04-14 13:13:16.93845+02	286	shehab DEPOSIT 267.27$	3		56	1
959	2024-04-14 13:13:16.939717+02	285	iti WITHDRAWAL 1214.85$	3		56	1
960	2024-04-14 13:13:16.94072+02	284	shehab DEPOSIT 267.27$	3		56	1
961	2024-04-14 13:13:16.941717+02	283	iti WITHDRAWAL 1214.85$	3		56	1
962	2024-04-14 13:13:16.942718+02	282	shehab DEPOSIT 267.27$	3		56	1
963	2024-04-14 13:13:16.943712+02	281	iti WITHDRAWAL 1214.85$	3		56	1
964	2024-04-14 13:13:16.94471+02	280	shehab DEPOSIT 267.27$	3		56	1
965	2024-04-14 13:13:16.946704+02	279	iti WITHDRAWAL 1214.85$	3		56	1
966	2024-04-14 13:13:16.948537+02	278	shehab DEPOSIT 267.27$	3		56	1
967	2024-04-14 13:13:16.94954+02	277	shehab DEPOSIT 267.27$	3		56	1
968	2024-04-14 13:13:16.950536+02	276	iti WITHDRAWAL 1214.85$	3		56	1
969	2024-04-14 13:13:16.951533+02	275	shehab DEPOSIT 267.27$	3		56	1
970	2024-04-14 13:13:16.952531+02	274	iti WITHDRAWAL 1214.85$	3		56	1
971	2024-04-14 13:13:16.95353+02	273	shehab DEPOSIT 267.27$	3		56	1
972	2024-04-14 13:13:16.955524+02	272	iti WITHDRAWAL 1214.85$	3		56	1
973	2024-04-14 13:13:16.956529+02	271	shehab DEPOSIT 267.27$	3		56	1
974	2024-04-14 13:13:16.957531+02	270	iti WITHDRAWAL 1214.85$	3		56	1
975	2024-04-14 13:13:16.958528+02	269	shehab DEPOSIT 5.43$	3		56	1
976	2024-04-14 13:13:16.959722+02	268	iti WITHDRAWAL 24.68$	3		56	1
977	2024-04-14 13:13:16.960725+02	267	shehab DEPOSIT 26.43$	3		56	1
978	2024-04-14 13:13:16.961723+02	266	iti WITHDRAWAL 120.12$	3		56	1
979	2024-04-14 13:13:16.963717+02	265	shehab DEPOSIT 267.27$	3		56	1
980	2024-04-14 13:13:16.965713+02	264	iti WITHDRAWAL 1214.85$	3		56	1
981	2024-04-14 13:13:16.966707+02	263	shehab DEPOSIT 117.11$	3		56	1
982	2024-04-14 13:13:16.968703+02	262	iti WITHDRAWAL 532.31$	3		56	1
983	2024-04-14 13:13:16.969701+02	261	shehab DEPOSIT 5.43$	3		56	1
984	2024-04-14 13:13:16.970698+02	260	iti WITHDRAWAL 24.68$	3		56	1
985	2024-04-14 13:13:16.972693+02	259	shehab DEPOSIT 26.43$	3		56	1
986	2024-04-14 13:13:16.973687+02	258	iti WITHDRAWAL 120.12$	3		56	1
987	2024-04-14 13:13:16.974685+02	257	shehab DEPOSIT 267.27$	3		56	1
988	2024-04-14 13:13:16.976683+02	256	iti WITHDRAWAL 1214.85$	3		56	1
989	2024-04-14 13:13:16.977679+02	255	shehab DEPOSIT 117.11$	3		56	1
990	2024-04-14 13:13:16.978677+02	254	iti WITHDRAWAL 532.31$	3		56	1
991	2024-04-14 13:13:16.980669+02	253	shehab DEPOSIT 10.51$	3		56	1
992	2024-04-14 13:13:16.981668+02	252	shehab DEPOSIT 10.51$	3		56	1
993	2024-04-14 13:13:16.982665+02	251	shehab DEPOSIT 5.43$	3		56	1
994	2024-04-14 13:13:16.983662+02	250	iti WITHDRAWAL 24.68$	3		56	1
995	2024-04-14 13:13:16.984682+02	249	shehab DEPOSIT 115.5$	3		56	1
996	2024-04-14 13:13:16.985683+02	248	shehab DEPOSIT 26.43$	3		56	1
997	2024-04-14 13:13:16.98668+02	247	iti WITHDRAWAL 120.12$	3		56	1
998	2024-04-14 13:13:16.988223+02	246	shehab DEPOSIT 267.27$	3		56	1
999	2024-04-14 13:13:16.989224+02	245	iti WITHDRAWAL 1214.85$	3		56	1
1000	2024-04-14 13:13:16.990222+02	244	shehab DEPOSIT 16.08$	3		56	1
1001	2024-04-14 13:13:16.991218+02	243	shehab DEPOSIT 51.1$	3		56	1
1002	2024-04-14 13:13:16.992215+02	242	iti WITHDRAWAL 146.0$	3		56	1
1003	2024-04-14 13:13:16.993477+02	241	shehab DEPOSIT 29.852$	3		56	1
1004	2024-04-14 13:13:16.994477+02	240	iti WITHDRAWAL 59.64$	3		56	1
1005	2024-04-14 13:13:16.995476+02	239	shehab DEPOSIT 117.11$	3		56	1
1006	2024-04-14 13:13:16.996473+02	238	iti WITHDRAWAL 532.31$	3		56	1
1007	2024-04-14 13:13:16.998469+02	237	iti WITHDRAWAL 27.86$	3		56	1
1008	2024-04-14 13:13:16.999495+02	236	iti WITHDRAWAL 177.41$	3		56	1
1009	2024-04-14 13:13:32.417019+02	257	iti have [Lol: Wild Rift] order - From SILVER II Marks 0 To EMERALD III	3		52	1
1010	2024-04-14 13:13:32.426029+02	256	iti have [Mobile Legends] order - From MASTER III 0-20 LP To GRANDMASTER I	3		52	1
1011	2024-04-14 13:13:32.427557+02	255	iti have [Lol: Wild Rift] order - From SILVER II Marks 0 To EMERALD III	3		52	1
1012	2024-04-14 13:13:32.429064+02	254	iti have [Lol: Wild Rift] order - From SILVER II Marks 0 To EMERALD III	3		52	1
1013	2024-04-14 13:13:32.431075+02	253	iti have [Lol: Wild Rift] order - From SILVER II Marks 0 To EMERALD III	3		52	1
1014	2024-04-14 13:13:32.432067+02	250	iti have [League of Legends] order - From SILVER II 0-20 LP To EMERALD III	3		52	1
1015	2024-04-14 13:13:32.434061+02	249	iti have [Team Fight Tactics] order - From SILVER II 0-20 LP To GOLD III	3		52	1
1016	2024-04-14 13:13:32.43505+02	248	iti have [Mobile Legends] order - From MASTER III 0-20 LP To GRANDMASTER I	3		52	1
1017	2024-04-14 13:13:32.436047+02	247	iti have [League of Legends] order - From SILVER II 0-20 LP To EMERALD III	3		52	1
1018	2024-04-14 13:13:32.437068+02	246	iti have [Pubg Mobile] order - From BRONZE III points 0 To ACE DOMENATER II	3		52	1
1019	2024-04-14 13:13:32.439041+02	245	iti have [Pubg Mobile] order - From BRONZE III points 0 To ACE DOMENATER II	3		52	1
1020	2024-04-14 13:13:32.440037+02	244	iti have [Pubg Mobile] order - From BRONZE III points 0 To ACE DOMENATER II	3		52	1
1021	2024-04-14 13:13:32.441035+02	243	iti have [Pubg Mobile] order - From BRONZE III points 0 To ACE DOMENATER II	3		52	1
1022	2024-04-14 13:13:32.442031+02	242	iti have [Pubg Mobile] order - From BRONZE III points 0 To ACE DOMENATER II	3		52	1
1023	2024-04-14 13:13:32.444028+02	239	iti have [Pubg Mobile] order - From BRONZE III points 0 To ACE DOMENATER II	3		52	1
1024	2024-04-14 13:13:32.445024+02	238	iti have [Pubg Mobile] order - From BRONZE III points 0 To ACE DOMENATER II	3		52	1
1025	2024-04-14 13:13:32.446052+02	237	iti have [Pubg Mobile] order - From BRONZE III points 0 To ACE DOMENATER II	3		52	1
1026	2024-04-14 13:13:32.447057+02	236	iti have [Pubg Mobile] order - From BRONZE III points 0 To ACE DOMENATER II	3		52	1
1027	2024-04-14 13:13:32.448549+02	235	iti have [Pubg Mobile] order - From BRONZE III points 0 To ACE DOMENATER II	3		52	1
1028	2024-04-14 13:13:32.449549+02	234	iti have [Pubg Mobile] order - From BRONZE III points 0 To ACE DOMENATER II	3		52	1
1029	2024-04-14 13:13:32.451574+02	233	iti have [Pubg Mobile] order - From BRONZE III points 0 To ACE DOMENATER II	3		52	1
1030	2024-04-14 13:13:32.452542+02	232	iti have [Team Fight Tactics] order - From SILVER II 0-20 LP To GOLD III	3		52	1
1031	2024-04-14 13:13:32.453539+02	231	iti have [Mobile Legends] order - From MASTER III 0-20 LP To GRANDMASTER I	3		52	1
1032	2024-04-14 13:13:32.455565+02	230	iti have [Pubg Mobile] order - From BRONZE III points 0 To ACE DOMENATER II	3		52	1
1033	2024-04-14 13:13:32.45654+02	229	iti have [League of Legends] order - From SILVER II 0-20 LP To EMERALD III	3		52	1
1034	2024-04-14 13:13:32.457528+02	228	iti have [Team Fight Tactics] order - From SILVER II 0-20 LP To GOLD III	3		52	1
1035	2024-04-14 13:13:32.459528+02	227	iti have [Mobile Legends] order - From MASTER III 0-20 LP To GRANDMASTER I	3		52	1
1036	2024-04-14 13:13:32.460846+02	226	iti have [Pubg Mobile] order - From BRONZE III points 0 To ACE DOMENATER II	3		52	1
1037	2024-04-14 13:13:32.461847+02	225	iti have [League of Legends] order - From SILVER II 0-20 LP To EMERALD III	3		52	1
1038	2024-04-14 13:13:32.462857+02	224	iti have [Team Fight Tactics] order - From SILVER II 0-20 LP To GOLD III	3		52	1
1039	2024-04-14 13:13:32.464841+02	223	iti have [Mobile Legends] order - From MASTER III 0-20 LP To GRANDMASTER I	3		52	1
1040	2024-04-14 13:13:32.46783+02	222	iti have [Pubg Mobile] order - From BRONZE III points 0 To ACE DOMENATER II	3		52	1
1041	2024-04-14 13:13:32.468831+02	221	iti have [Mobile Legends] order - From GRANDMASTER IV 21-40 LP To MYTHIC I	3		52	1
1042	2024-04-14 13:13:32.469824+02	220	iti have [Lol: Wild Rift] order - From PLATINUM II Marks 2 To EMERALD III	3		52	1
1043	2024-04-14 13:13:32.470821+02	219	iti have [League of Legends] order - From SILVER II 0-20 LP To EMERALD III	3		52	1
1044	2024-04-14 13:13:32.471907+02	218	iti have [Dota 2] order - From 172 RP To 2350	3		52	1
1045	2024-04-14 13:13:32.472907+02	217	iti have [Dota 2] order - no details	3		52	1
1046	2024-04-14 13:13:32.474901+02	216	iti have [World of Warcraft] order - From 0 RP To 2400	3		52	1
1047	2024-04-14 13:13:32.475899+02	214	iti have [Team Fight Tactics] order - Boosting of 5 Placement Games With Rank unrank - 5.17	3		52	1
1048	2024-04-14 13:13:32.476897+02	213	iti have [Team Fight Tactics] order - From SILVER II 0-20 LP To GOLD III	3		52	1
1049	2024-04-14 13:13:32.478307+02	212	iti have [League of Legends] order - Boosting of 5 Placement Games With Rank silver	3		52	1
1050	2024-04-14 13:13:32.479306+02	211	iti have [League of Legends] order - From SILVER II 0-20 LP To EMERALD III	3		52	1
1051	2024-04-14 13:13:32.483298+02	210	iti have [VALORANT] order - Boosting of 5 Placement Games With Rank platinum	3		52	1
1052	2024-04-14 13:13:32.484332+02	209	iti have [Mobile Legends] order - Boosting of 5 Placement Games With Rank unranked	3		52	1
1053	2024-04-14 13:13:32.486319+02	208	iti have [Mobile Legends] order - Boosting of 5 Placement Games With Rank grandmaster	3		52	1
1054	2024-04-14 13:13:32.487286+02	207	iti have [Mobile Legends] order - From MASTER III 0-20 LP To GRANDMASTER I	3		52	1
1055	2024-04-14 13:13:32.488794+02	206	iti have [Pubg Mobile] order - From GOLD III points 0 To PLATINUM II	3		52	1
1056	2024-04-14 13:13:32.489955+02	205	iti have [Pubg Mobile] order - From BRONZE III points 0 To ACE DOMENATER II	3		52	1
1057	2024-04-14 13:13:32.491236+02	204	iti have [Mobile Legends] order - From MASTER III 0-20 LP To GRANDMASTER I	3		52	1
1127	2024-04-14 15:53:39.952408+02	361	shehab DEPOSIT 13.25$	3		56	1
1058	2024-04-14 13:13:32.492237+02	203	iti have [Mobile Legends] order - From GRANDMASTER IV 21-40 LP To MYTHIC I	3		52	1
1059	2024-04-14 13:13:32.493234+02	202	iti have [Lol: Wild Rift] order - From DIAMOND IV Marks 0 To EMERALD III	3		52	1
1060	2024-04-14 13:13:32.495229+02	201	iti have [Mobile Legends] order - From LEGEND III 81-99 LP To MYTHIC I	3		52	1
1061	2024-04-14 13:13:32.496227+02	200	iti have [Pubg Mobile] order - From GOLD III points 0 To CROWN II	3		52	1
1062	2024-04-14 13:13:32.499218+02	199	iti have [Lol: Wild Rift] order - From SILVER II Marks 3 To EMERALD III	3		52	1
1063	2024-04-14 13:13:32.500203+02	198	iti have [Lol: Wild Rift] order - From SILVER II Marks 0 To EMERALD III	3		52	1
1064	2024-04-14 13:13:32.50114+02	197	iti have [VALORANT] order - Boosting of 5 Placement Games With Rank immortal	3		52	1
1065	2024-04-14 13:13:32.503142+02	196	iti have [Lol: Wild Rift] order - From SILVER II Marks 0 To GOLD III	3		52	1
1066	2024-04-14 13:22:31.021072+02	264	iti have [World of Warcraft] order - From 264 RP To 800	2	[{"changed": {"fields": ["Game type", "Booster"]}}]	52	1
1067	2024-04-14 13:23:08.756292+02	264	iti have [World of Warcraft] order - From 264 RP To 800	2	[{"changed": {"fields": ["Booster"]}}]	52	1
1068	2024-04-14 15:18:03.242208+02	340	shehab DEPOSIT 49.79$	3		56	1
1069	2024-04-14 15:18:03.251304+02	339	iti WITHDRAWAL 226.32$	3		56	1
1070	2024-04-14 15:18:03.253327+02	338	shehab DEPOSIT 49.79$	3		56	1
1071	2024-04-14 15:18:03.25477+02	337	iti WITHDRAWAL 226.32$	3		56	1
1072	2024-04-14 15:18:03.255769+02	336	iti WITHDRAWAL 230.04$	3		56	1
1073	2024-04-14 15:18:03.257274+02	335	iti WITHDRAWAL 129.97$	3		56	1
1074	2024-04-14 15:18:03.258503+02	334	iti WITHDRAWAL 226.32$	3		56	1
1075	2024-04-14 15:18:03.259534+02	333	shehab DEPOSIT 22.123$	3		56	1
1076	2024-04-14 15:18:03.261499+02	332	iti WITHDRAWAL 100.56$	3		56	1
1077	2024-04-14 15:18:03.262495+02	331	shehab DEPOSIT 121.97$	3		56	1
1078	2024-04-14 15:18:03.263493+02	330	iti WITHDRAWAL 554.4$	3		56	1
1079	2024-04-14 15:18:03.264493+02	329	shehab DEPOSIT 24.0$	3		56	1
1080	2024-04-14 15:18:03.266505+02	328	shehab DEPOSIT 2.64$	3		56	1
1081	2024-04-14 15:18:03.268504+02	327	iti WITHDRAWAL 12.0$	3		56	1
1082	2024-04-14 15:18:03.269502+02	326	iti WITHDRAWAL 12.0$	3		56	1
1083	2024-04-14 15:18:03.270499+02	325	shehab DEPOSIT 4.72$	3		56	1
1084	2024-04-14 15:18:03.271655+02	324	iti WITHDRAWAL 21.44$	3		56	1
1085	2024-04-14 15:18:03.272676+02	323	shehab DEPOSIT 4.72$	3		56	1
1086	2024-04-14 15:18:03.273676+02	322	iti WITHDRAWAL 21.44$	3		56	1
1087	2024-04-14 15:18:03.275042+02	321	iti WITHDRAWAL 21.44$	3		56	1
1088	2024-04-14 15:18:03.276402+02	320	shehab DEPOSIT 36.57$	3		56	1
1089	2024-04-14 15:18:03.277405+02	319	iti WITHDRAWAL 166.23$	3		56	1
1090	2024-04-14 15:18:03.278625+02	318	iti WITHDRAWAL 166.23$	3		56	1
1091	2024-04-14 15:18:03.279642+02	317	shehab DEPOSIT 91.78$	3		56	1
1092	2024-04-14 15:18:03.280643+02	316	iti WITHDRAWAL 417.17$	3		56	1
1093	2024-04-14 15:18:03.281639+02	315	iti WITHDRAWAL 417.17$	3		56	1
1094	2024-04-14 15:18:03.283639+02	314	shehab DEPOSIT 31.88$	3		56	1
1095	2024-04-14 15:18:03.285662+02	313	iti WITHDRAWAL 144.93$	3		56	1
1096	2024-04-14 15:18:03.286644+02	312	iti WITHDRAWAL 144.93$	3		56	1
1097	2024-04-14 15:18:20.590537+02	268	iti have [World of Warcraft] order - From 0 RP To 300	3		52	1
1098	2024-04-14 15:18:20.599072+02	267	iti have [World of Warcraft] order - From 0 RP To 300	3		52	1
1099	2024-04-14 15:18:20.601073+02	266	iti have [World of Warcraft] order - From 14 RP To 550	3		52	1
1100	2024-04-14 15:18:20.603097+02	265	iti have [World of Warcraft] order - From 264 RP To 800	3		52	1
1101	2024-04-14 15:18:20.60506+02	264	iti have [World of Warcraft] order - From 264 RP To 800	3		52	1
1102	2024-04-14 15:19:33.959567+02	342	shehab DEPOSIT 49.79$	3		56	1
1103	2024-04-14 15:19:38.402334+02	346	shehab DEPOSIT 49.79$	3		56	1
1104	2024-04-14 15:19:38.411479+02	345	iti WITHDRAWAL 226.32$	3		56	1
1105	2024-04-14 15:19:38.413203+02	344	shehab DEPOSIT 49.79$	3		56	1
1106	2024-04-14 15:19:38.414203+02	343	iti WITHDRAWAL 226.32$	3		56	1
1107	2024-04-14 15:19:38.416199+02	341	iti WITHDRAWAL 226.32$	3		56	1
1108	2024-04-14 15:19:49.748372+02	278	iti have [Rocket League] order - From GOLD III To GRAND CHAMPION II With Queue 3	3		52	1
1109	2024-04-14 15:19:49.758423+02	277	iti have [Rocket League] order - From GOLD III To GRAND CHAMPION II With Queue 3	3		52	1
1110	2024-04-14 15:19:49.759405+02	276	iti have [Rocket League] order - From GOLD III To GRAND CHAMPION II With Queue 3	3		52	1
1111	2024-04-14 15:19:49.76062+02	275	iti have [Rocket League] order - From GOLD III To GRAND CHAMPION II With Queue 3	3		52	1
1112	2024-04-14 15:19:49.761621+02	274	iti have [Rocket League] order - From GOLD III To GRAND CHAMPION II With Queue 3	3		52	1
1113	2024-04-14 15:19:49.763023+02	273	iti have [Rocket League] order - From GRAND CHAMPION I To SUPERSONIC LEGEND III With Queue 3	3		52	1
1114	2024-04-14 15:19:49.764024+02	272	iti have [Rocket League] order - From GRAND CHAMPION I To GRAND CHAMPION III With Queue 3	3		52	1
1115	2024-04-14 15:19:49.76502+02	271	iti have [Rocket League] order - From GOLD III To GRAND CHAMPION II With Queue 3	3		52	1
1116	2024-04-14 15:19:49.767017+02	270	iti have [Hearthstone] order - From BRONZE VII 3 STAR To PLATINUM III	3		52	1
1117	2024-04-14 15:19:49.768014+02	269	iti have [Mobile Legends] order - Boosting of 5 Placement Games With Rank epic	3		52	1
1118	2024-04-14 15:19:49.769011+02	263	iti have [Team Fight Tactics] order - From SILVER II 0-20 LP To EMERALD III	3		52	1
1119	2024-04-14 15:19:49.770008+02	262	iti have [Team Fight Tactics] order - From SILVER II 0-20 LP To EMERALD III	3		52	1
1120	2024-04-14 15:19:49.771363+02	261	iti have [League of Legends] order - From SILVER II 0-20 LP To EMERALD III	3		52	1
1121	2024-04-14 15:19:49.772363+02	260	iti have [League of Legends] order - From SILVER II 0-20 LP To EMERALD III	3		52	1
1122	2024-04-14 15:19:49.774359+02	259	iti have [Lol: Wild Rift] order - From SILVER II Marks 0 To EMERALD III	3		52	1
1123	2024-04-14 15:19:49.775356+02	258	iti have [Lol: Wild Rift] order - From SILVER II Marks 0 To EMERALD III	3		52	1
1124	2024-04-14 15:23:42.350041+02	279	iti have [Rocket League] order - From GOLD III To CHAMPION II With Queue 3	2	[{"changed": {"fields": ["Status"]}}]	52	1
1125	2024-04-14 15:25:34.038226+02	280	iti have [Rocket League] order - From PLATINUM II To CHAMPION II With Queue 3	2	[{"changed": {"fields": ["Booster"]}}]	52	1
1126	2024-04-14 15:53:39.942434+02	362	shehab DEPOSIT 7.811$	3		56	1
1862	2024-05-30 19:38:53.184483+03	6	6	3		150	1
1128	2024-04-14 15:53:39.953405+02	360	iti WITHDRAWAL 22.312$	3		56	1
1129	2024-04-14 15:53:39.954404+02	359	iti WITHDRAWAL 112.83$	3		56	1
1130	2024-04-14 15:53:39.955402+02	358	shehab DEPOSIT 34.75$	3		56	1
1131	2024-04-14 15:53:39.956399+02	357	iti WITHDRAWAL 99.29$	3		56	1
1132	2024-04-14 15:53:39.95939+02	356	shehab DEPOSIT 21.06$	3		56	1
1133	2024-04-14 15:53:39.960389+02	355	iti WITHDRAWAL 60.17$	3		56	1
1134	2024-04-14 15:53:39.961386+02	354	shehab DEPOSIT 21.06$	3		56	1
1135	2024-04-14 15:53:39.962381+02	353	iti WITHDRAWAL 60.17$	3		56	1
1136	2024-04-14 15:53:39.963378+02	352	iti WITHDRAWAL 60.17$	3		56	1
1137	2024-04-14 15:53:39.964379+02	351	shehab DEPOSIT 35.121$	3		56	1
1138	2024-04-14 15:53:39.965373+02	350	shehab DEPOSIT 3.037$	3		56	1
1139	2024-04-14 15:53:39.96637+02	349	shehab DEPOSIT 3.037$	3		56	1
1140	2024-04-14 15:53:39.968366+02	348	iti WITHDRAWAL 100.345$	3		56	1
1141	2024-04-14 15:53:39.969365+02	347	iti WITHDRAWAL 114.15$	3		56	1
1142	2024-04-14 15:53:56.145149+02	285	iti have [Rocket League] order - diamond - 53.73$ League Tournament Win	3		52	1
1143	2024-04-14 15:53:56.153126+02	284	iti have [Rocket League] order - diamond - 53.73$ League Tournament Win	3		52	1
1144	2024-04-14 15:53:56.155122+02	283	iti have [Rocket League] order - From SILVER III To DIAMOND II With Queue 3	3		52	1
1145	2024-04-14 15:53:56.156118+02	282	iti have [Rocket League] order - From SILVER III To DIAMOND II With Queue 3	3		52	1
1146	2024-04-14 15:53:56.157116+02	281	iti have [Rocket League] order - From SILVER III To DIAMOND II With Queue 3	3		52	1
1147	2024-04-14 15:53:56.159111+02	280	iti have [Rocket League] order - From PLATINUM II To CHAMPION II With Queue 3	3		52	1
1148	2024-04-14 15:53:56.161106+02	279	iti have [Rocket League] order - From GOLD III To CHAMPION II With Queue 3	3		52	1
1149	2024-04-14 18:19:56.423685+02	307	iti have [Overwatch 2] order - no details	3		52	1
1150	2024-04-14 18:19:56.433659+02	306	iti have [Overwatch 2] order - no details	3		52	1
1151	2024-04-14 18:19:56.434657+02	305	iti have [Overwatch 2] order - no details	3		52	1
1152	2024-04-14 20:28:41.969763+02	14	firebase	1	[{"added": {}}]	51	1
1153	2024-04-14 20:29:10.352061+02	14	firebase	2	[{"changed": {"fields": ["First name", "Last name", "Country", "Date of birth"]}}]	51	1
1154	2024-04-14 20:29:25.161552+02	14	firebase	2	[{"changed": {"fields": ["Country"]}}]	51	1
1155	2024-04-14 20:29:59.080858+02	14	firebase	2	[{"changed": {"fields": ["Email address", "Last login"]}}]	51	1
1156	2024-04-14 20:30:27.616639+02	14	firebase	2	[{"changed": {"fields": ["Profile image"]}}]	51	1
1157	2024-04-14 20:58:07.443189+02	14	firebase	2	[{"changed": {"fields": ["Profile image"]}}]	51	1
1158	2024-04-14 21:00:08.098829+02	15	shethr9xccc99@gmail.com	1	[{"added": {}}]	51	1
1159	2024-04-14 21:00:15.466902+02	15	shethr9xccc99@gmail.com	2	[{"changed": {"fields": ["Profile image"]}}]	51	1
1160	2024-04-14 21:05:45.17111+02	14	firebase	3		51	1
1161	2024-04-14 21:06:08.423967+02	16	shethr999@gmail.com	1	[{"added": {}}]	51	1
1162	2024-04-14 21:06:15.457851+02	16	shethr999@gmail.com	2	[{"changed": {"fields": ["Profile image"]}}]	51	1
1163	2024-04-14 21:07:28.428492+02	15	shethr9xccc99@gmail.com	2	[{"changed": {"fields": ["Profile image"]}}]	51	1
1164	2024-04-14 21:07:44.063291+02	15	shethr9xccc99@gmail.com	2	[{"changed": {"fields": ["Profile image"]}}]	51	1
1165	2024-04-14 21:14:16.674359+02	15	shethr9xccc99@gmail.com	2	[{"changed": {"fields": ["Profile image"]}}]	51	1
1166	2024-04-14 22:26:04.09469+02	15	shethr9xccc99@gmail.com	2	[{"changed": {"fields": ["Profile image"]}}]	51	1
1167	2024-04-15 01:30:28.795423+02	3	ahmed	2	[{"changed": {"fields": ["Profile image"]}}]	51	1
1168	2024-04-15 01:31:43.184824+02	15	shethr9xccc99@gmail.com	2	[]	51	1
1169	2024-04-15 01:32:55.778949+02	15	shethr9xccc99@gmail.com	2	[]	51	1
1170	2024-04-15 01:33:10.392552+02	15	shethr9xccc99@gmail.com	2	[{"changed": {"fields": ["Profile image"]}}]	51	1
1171	2024-04-15 01:33:29.218964+02	15	shethr9xccc99@gmail.com	2	[]	51	1
1172	2024-04-15 02:06:04.99336+02	17	itiff	3		51	1
1173	2024-04-15 02:06:04.997346+02	18	itiffcwd	3		51	1
1174	2024-04-15 02:06:04.998344+02	20	cccsc	3		51	1
1175	2024-04-16 01:28:22.714919+02	24	master	3		8	1
1176	2024-04-16 01:28:22.727958+02	23	diamond	3		8	1
1177	2024-04-16 01:28:22.729948+02	22	emerald	3		8	1
1178	2024-04-16 01:28:22.730948+02	21	platinum	3		8	1
1179	2024-04-16 01:28:22.732877+02	20	gold	3		8	1
1180	2024-04-16 01:28:22.733877+02	19	silver	3		8	1
1181	2024-04-16 01:28:22.735903+02	18	bronze	3		8	1
1182	2024-04-16 01:28:22.736869+02	17	iron	3		8	1
1183	2024-04-16 01:28:22.738865+02	16	master	3		8	1
1184	2024-04-16 01:28:22.739904+02	15	diamond	3		8	1
1185	2024-04-16 01:28:22.741859+02	14	emerald	3		8	1
1186	2024-04-16 01:28:22.743852+02	13	platinum	3		8	1
1187	2024-04-16 01:28:22.745845+02	12	gold	3		8	1
1188	2024-04-16 01:28:22.746843+02	11	silver	3		8	1
1189	2024-04-16 01:28:22.74787+02	10	bronze	3		8	1
1190	2024-04-16 01:28:22.749548+02	9	iron	3		8	1
1191	2024-04-16 01:28:22.750795+02	8	master	3		8	1
1192	2024-04-16 01:28:22.751795+02	7	diamond	3		8	1
1193	2024-04-16 01:28:22.753792+02	6	emerald	3		8	1
1194	2024-04-16 01:28:22.754787+02	5	platinum	3		8	1
1195	2024-04-16 01:28:22.756487+02	4	gold	3		8	1
1196	2024-04-16 01:28:22.757487+02	3	silver	3		8	1
1197	2024-04-16 01:28:22.76048+02	2	bronze	3		8	1
1198	2024-04-16 01:28:22.762475+02	1	iron	3		8	1
1199	2024-04-16 01:32:59.513134+02	8	master	3		8	1
1200	2024-04-16 01:32:59.523108+02	7	diamond	3		8	1
1201	2024-04-16 01:32:59.524603+02	6	emerald	3		8	1
1202	2024-04-16 01:32:59.526602+02	5	platinum	3		8	1
1203	2024-04-16 01:32:59.530596+02	4	gold	3		8	1
1204	2024-04-16 01:32:59.532585+02	3	silver	3		8	1
1205	2024-04-16 01:32:59.533583+02	2	bronze	3		8	1
1206	2024-04-16 01:32:59.534578+02	1	iron	3		8	1
1207	2024-04-16 01:52:15.865061+02	286	From PLATINUM III To DIAMOND II With Queue 3	3		84	1
1208	2024-04-16 01:52:48.283587+02	8	supersonic legend - 20.15$	3		44	1
1209	2024-04-16 01:52:48.292582+02	7	grand champion - 10.74$	3		44	1
1210	2024-04-16 01:52:48.294577+02	6	champion - 8.74$	3		44	1
1211	2024-04-16 01:52:48.295574+02	5	diamond - 6.73$	3		44	1
1212	2024-04-16 01:52:48.297341+02	4	platinum - 5.37$	3		44	1
1213	2024-04-16 01:52:48.298961+02	3	gold - 3.35$	3		44	1
1214	2024-04-16 01:52:48.300114+02	2	silver - 3.35$	3		44	1
1215	2024-04-16 01:52:48.301146+02	1	bronze - 2.03$	3		44	1
1216	2024-04-16 01:53:02.41057+02	7	Tiers for grand champion	3		50	1
1217	2024-04-16 01:53:02.421541+02	6	Tiers for champion	3		50	1
1218	2024-04-16 01:53:02.422538+02	5	Tiers for diamond	3		50	1
1219	2024-04-16 01:53:02.42653+02	4	Tiers for platinum	3		50	1
1220	2024-04-16 01:53:02.428522+02	3	Tiers for gold	3		50	1
1221	2024-04-16 01:53:02.429519+02	2	Tiers for silver	3		50	1
1222	2024-04-16 01:53:02.431513+02	1	Tiers for bronze	3		50	1
1223	2024-04-16 01:53:13.619278+02	288	Boosting of 5 Placement Games With Rank supersonic legend - 26.87$	3		49	1
1224	2024-04-16 01:53:21.272857+02	8	supersonic legend	3		43	1
1225	2024-04-16 01:53:21.284751+02	7	grand champion	3		43	1
1226	2024-04-16 01:53:21.285785+02	6	champion	3		43	1
1227	2024-04-16 01:53:21.286749+02	5	diamond	3		43	1
1228	2024-04-16 01:53:21.288745+02	4	platinum	3		43	1
1229	2024-04-16 01:53:21.289767+02	3	gold	3		43	1
1230	2024-04-16 01:53:21.292763+02	2	silver	3		43	1
1231	2024-04-16 01:53:21.294768+02	1	bronze	3		43	1
1232	2024-04-16 01:53:37.659486+02	8	supersonic legend - 93.78$	3		45	1
1233	2024-04-16 01:53:37.66864+02	7	grand champion - 80.58$	3		45	1
1234	2024-04-16 01:53:37.670499+02	6	champion - 67.15$	3		45	1
1235	2024-04-16 01:53:37.672494+02	5	diamond - 53.73$	3		45	1
1236	2024-04-16 01:53:37.674488+02	4	platinum - 47.0$	3		45	1
1237	2024-04-16 01:53:37.676488+02	3	gold - 33.58$	3		45	1
1238	2024-04-16 01:53:37.678479+02	2	silver - 24.18$	3		45	1
1239	2024-04-16 01:53:37.680476+02	1	bronze - 20.15$	3		45	1
1240	2024-04-16 02:17:06.239712+02	404	iti WITHDRAWAL 69.48$	3		56	1
1241	2024-04-16 02:17:06.249686+02	403	iti WITHDRAWAL 653.95$	3		56	1
1242	2024-04-16 02:17:06.250684+02	402	shehab DEPOSIT 23.89$	3		56	1
1243	2024-04-16 02:17:06.252678+02	401	iti WITHDRAWAL 68.25$	3		56	1
1244	2024-04-16 02:17:06.254678+02	400	shehab DEPOSIT 493.45$	3		56	1
1245	2024-04-16 02:17:06.256668+02	399	iti WITHDRAWAL 1382.14$	3		56	1
1246	2024-04-16 02:17:06.257665+02	398	shehab DEPOSIT 153.48$	3		56	1
1247	2024-04-16 02:17:06.258662+02	397	iti WITHDRAWAL 438.52$	3		56	1
1248	2024-04-16 02:17:06.260273+02	396	shehab DEPOSIT 129.36$	3		56	1
1249	2024-04-16 02:17:06.261237+02	395	iti WITHDRAWAL 369.6$	3		56	1
1250	2024-04-16 02:17:06.262457+02	394	shehab DEPOSIT 25.73$	3		56	1
1251	2024-04-16 02:17:06.263613+02	393	iti WITHDRAWAL 85.78$	3		56	1
1252	2024-04-16 02:17:06.264613+02	392	shehab DEPOSIT 79.809$	3		56	1
1253	2024-04-16 02:17:06.26561+02	391	iti WITHDRAWAL 228.02$	3		56	1
1254	2024-04-16 02:17:06.266608+02	390	shehab DEPOSIT 12.81$	3		56	1
1255	2024-04-16 02:17:06.267606+02	389	shehab DEPOSIT 12.81$	3		56	1
1256	2024-04-16 02:17:06.269601+02	388	iti WITHDRAWAL 36.59$	3		56	1
1257	2024-04-16 02:17:06.271596+02	387	shehab DEPOSIT 213.06$	3		56	1
1258	2024-04-16 02:17:06.272596+02	386	iti WITHDRAWAL 608.73$	3		56	1
1259	2024-04-16 02:17:06.27359+02	385	shehab DEPOSIT 18.87$	3		56	1
1260	2024-04-16 02:17:06.274587+02	384	iti WITHDRAWAL 85.78$	3		56	1
1261	2024-04-16 02:17:06.275584+02	383	iti WITHDRAWAL 85.78$	3		56	1
1262	2024-04-16 02:17:06.276582+02	382	shehab DEPOSIT 8.691$	3		56	1
1263	2024-04-16 02:17:06.277579+02	381	shehab DEPOSIT 8.69$	3		56	1
1264	2024-04-16 02:17:06.278576+02	380	iti WITHDRAWAL 39.5$	3		56	1
1265	2024-04-16 02:17:06.279576+02	379	shehab DEPOSIT 8.69$	3		56	1
1266	2024-04-16 02:17:06.281568+02	378	iti WITHDRAWAL 39.5$	3		56	1
1267	2024-04-16 02:17:06.282565+02	377	shehab DEPOSIT 8.69$	3		56	1
1268	2024-04-16 02:17:06.28352+02	376	iti WITHDRAWAL 39.5$	3		56	1
1269	2024-04-16 02:17:06.284479+02	375	iti WITHDRAWAL 39.5$	3		56	1
1270	2024-04-16 02:17:06.285479+02	374	shehab DEPOSIT 32.69$	3		56	1
1271	2024-04-16 02:17:06.287477+02	373	iti WITHDRAWAL 93.4$	3		56	1
1272	2024-04-16 02:17:06.289591+02	372	shehab DEPOSIT 51.74$	3		56	1
1273	2024-04-16 02:17:06.290592+02	371	iti WITHDRAWAL 147.84$	3		56	1
1274	2024-04-16 02:17:06.291591+02	370	shehab DEPOSIT 21.77$	3		56	1
1275	2024-04-16 02:17:06.292839+02	369	shehab DEPOSIT 10.0$	3		56	1
1276	2024-04-16 02:17:06.293924+02	368	shehab DEPOSIT 10.0$	3		56	1
1277	2024-04-16 02:17:06.294925+02	367	iti WITHDRAWAL 62.19$	3		56	1
1278	2024-04-16 02:17:06.296264+02	366	shehab DEPOSIT 86.9$	3		56	1
1279	2024-04-16 02:17:06.297265+02	365	iti WITHDRAWAL 248.28$	3		56	1
1280	2024-04-16 02:17:06.298262+02	364	shehab DEPOSIT 14.55$	3		56	1
1281	2024-04-16 02:17:06.299261+02	363	iti WITHDRAWAL 41.58$	3		56	1
1282	2024-04-16 02:17:18.111453+02	289	iti have [Rocket League] order - Seasonal Reward Boosting by 5 Wins With Rank diamond - 6.73$	3		52	1
1283	2024-04-16 02:17:18.120336+02	288	iti have [Rocket League] order - Boosting of 5 Placement Games With Rank supersonic legend - 26.87$	3		52	1
1284	2024-04-16 02:17:18.122329+02	286	iti have [Rocket League] order - From PLATINUM III To DIAMOND II With Queue 3	3		52	1
1285	2024-04-17 07:54:26.773276+02	27	moussad	1	[{"added": {}}]	51	1
1286	2024-04-17 07:59:10.366178+02	27	moussad	2	[{"changed": {"fields": ["Is booster"]}}]	51	1
1287	2024-04-17 08:05:59.413512+02	3	moussad	1	[{"added": {}}]	6	1
1288	2024-04-17 08:24:45.586268+02	2	samy2	2	[{"changed": {"fields": ["Profile image", "Paypal account", "Discord id"]}}]	6	1
1289	2024-04-17 08:25:27.698235+02	1	shehab	2	[{"changed": {"fields": ["Profile image", "Languages", "Games", "Paypal account", "Discord id"]}}]	6	1
1290	2024-04-17 10:26:18.745622+02	1	shehab	2	[{"changed": {"fields": ["Profile image"]}}]	6	1
1291	2024-04-17 10:29:08.168765+02	1	shehab	2	[{"changed": {"fields": ["Profile image"]}}]	6	1
1292	2024-04-17 13:26:38.023379+02	1	shehab	2	[{"changed": {"fields": ["Profile image"]}}]	6	1
1293	2024-04-17 13:29:43.058266+02	1	shehab	2	[{"changed": {"fields": ["Profile image"]}}]	6	1
1294	2024-04-17 13:38:02.59425+02	1	shehab	2	[{"changed": {"fields": ["Profile image"]}}]	6	1
1295	2024-04-17 13:39:09.781954+02	1	shehab	2	[{"changed": {"fields": ["Profile image"]}}]	6	1
1296	2024-04-20 04:28:08.87924+02	3	moussad	2	[{"changed": {"fields": ["Choosen chat message", "Start chat message"]}}]	6	1
1297	2024-04-21 15:31:48.624123+02	27	moussad Has 0.0$	3		55	1
1298	2024-04-21 15:31:48.643144+02	26	knknkk Has 0.0$	3		55	1
1299	2024-04-21 15:31:48.644141+02	25	01210753280f Has 0.0$	3		55	1
1300	2024-04-21 15:31:48.645671+02	24	momo Has 0.0$	3		55	1
1301	2024-04-21 15:31:48.646671+02	23	cscscscs Has 0.0$	3		55	1
1302	2024-04-21 15:31:48.647668+02	22	samyvsv Has 0.0$	3		55	1
1303	2024-04-21 15:31:48.648666+02	21	igjrkg Has 0.0$	3		55	1
1304	2024-04-21 15:31:48.648666+02	19	itiffcwdcsc Has 0.0$	3		55	1
1305	2024-04-21 15:31:48.649663+02	16	shethr999@gmail.com Has 0.0$	3		55	1
1306	2024-04-21 15:31:48.650662+02	15	shethr9xccc99@gmail.com Has 0.0$	3		55	1
1307	2024-04-21 15:31:48.651659+02	13	samy2 Has 150.0$	3		55	1
1308	2024-04-21 15:31:48.652654+02	10	samy Has 0.0$	3		55	1
1309	2024-04-21 15:31:48.653905+02	3	ahmed Paid 195.26$	3		55	1
1310	2024-04-21 15:31:48.654905+02	2	shehab Has 11331.305989520006$	3		55	1
1311	2024-04-21 15:31:48.655915+02	1	iti Paid 88425.50684$	3		55	1
1312	2024-04-21 15:32:02.66374+02	411	ahmed WITHDRAWAL 66.5$	3		56	1
1313	2024-04-21 15:32:02.67276+02	410	iti WITHDRAWAL 155.0$	3		56	1
1314	2024-04-21 15:32:02.674752+02	409	iti WITHDRAWAL 41.8$	3		56	1
1315	2024-04-21 15:32:02.676746+02	408	iti WITHDRAWAL 60.5$	3		56	1
1316	2024-04-21 15:32:02.677743+02	407	iti WITHDRAWAL 54.45$	3		56	1
1317	2024-04-21 15:32:02.67874+02	406	iti WITHDRAWAL 22.5$	3		56	1
1318	2024-04-21 15:32:02.679739+02	405	iti WITHDRAWAL 249.92$	3		56	1
1319	2024-04-21 15:40:30.875152+02	416	shehab DEPOSIT 64.73$	3		56	1
1320	2024-04-21 15:40:30.886094+02	415	iti WITHDRAWAL 184.93$	3		56	1
1321	2024-04-21 15:40:30.888089+02	414	shehab DEPOSIT 64.73$	3		56	1
1322	2024-04-21 15:40:30.889087+02	413	iti WITHDRAWAL 184.93$	3		56	1
1323	2024-04-21 15:40:30.892079+02	412	iti WITHDRAWAL 184.93$	3		56	1
1324	2024-04-21 15:40:41.982809+02	29	shehab Has 129.46$	3		55	1
1325	2024-04-21 15:40:41.993069+02	28	iti Paid 554.79$	3		55	1
1326	2024-04-21 15:53:02.258132+02	323	iti have [Lol: Wild Rift] order - From SILVER II Marks 0 To EMERALD III	3		52	1
1327	2024-04-21 15:53:02.267214+02	322	iti have [Lol: Wild Rift] order - From SILVER II Marks 0 To EMERALD III	3		52	1
1328	2024-04-21 15:53:02.26814+02	321	iti have [Lol: Wild Rift] order - From SILVER II Marks 0 To EMERALD III	3		52	1
1329	2024-04-21 15:53:02.269142+02	320	iti have [Lol: Wild Rift] order - From SILVER II Marks 0 To EMERALD III	3		52	1
1330	2024-04-21 18:12:09.165956+02	27	moussad	2	[]	51	1
1331	2024-04-21 18:12:26.176204+02	16	shethr999@gmail.com	2	[]	51	1
1332	2024-04-21 18:12:29.967737+02	15	shethr9xccc99@gmail.com	2	[]	51	1
1333	2024-04-21 18:12:33.008352+02	13	samy2	2	[]	51	1
1334	2024-04-21 18:12:40.037856+02	3	ahmed	2	[]	51	1
1335	2024-04-21 18:12:42.987356+02	3	ahmed	2	[]	51	1
1337	2024-04-21 18:12:50.846125+02	28	wallt	2	[]	51	1
1338	2024-04-21 18:12:55.994941+02	10	samy	2	[]	51	1
1339	2024-04-21 18:12:59.624342+02	19	itiffcwdcsc	2	[]	51	1
1340	2024-04-21 18:13:04.144164+02	22	samyvsv	2	[]	51	1
1341	2024-04-21 18:13:08.507895+02	2	shehab	2	[]	51	1
1342	2024-04-21 18:13:13.767763+02	24	momo	2	[]	51	1
1343	2024-04-21 18:13:18.151038+02	25	01210753280f	2	[]	51	1
1344	2024-04-21 18:13:22.432567+02	26	knknkk	2	[]	51	1
1345	2024-04-21 18:13:26.405236+02	21	igjrkg	2	[]	51	1
1346	2024-04-21 18:13:30.159043+02	23	cscscscs	2	[]	51	1
1347	2024-04-21 18:35:18.030161+02	328	iti have [VALORANT] order - From SILVER III 81-100 RR To DIAMOND II	2	[{"changed": {"fields": ["Booster"]}}]	52	1
1348	2024-04-21 18:54:00.597567+02	334	iti have [Pubg Mobile] order - no details	3		52	1
1349	2024-04-21 18:59:08.647203+02	336	iti have [Pubg Mobile] order - From DIAMOND I points 2 To ACE DOMENATER III	2	[{"changed": {"fields": ["Booster"]}}]	52	1
1350	2024-04-21 18:59:49.88945+02	336	iti have [Pubg Mobile] order - From DIAMOND I points 2 To ACE DOMENATER III	2	[{"changed": {"fields": ["Status"]}}]	52	1
1351	2024-04-21 19:09:00.722599+02	418	shehab DEPOSIT 79.72$	3		56	1
1352	2024-04-21 19:09:00.732563+02	417	iti WITHDRAWAL 57.5$	3		56	1
1353	2024-04-21 19:09:17.069091+02	337	iti have [VALORANT] order - From SILVER III 0-20 RR To PLATINUM II	3		52	1
1354	2024-04-21 19:09:17.078065+02	336	iti have [Pubg Mobile] order - From DIAMOND I points 2 To ACE DOMENATER III	3		52	1
1355	2024-04-21 19:09:17.079065+02	335	iti have [Pubg Mobile] order - From SILVER I points 2 To ACE DOMENATER III	3		52	1
1356	2024-04-21 19:09:17.080067+02	333	iti have [Pubg Mobile] order - From SILVER I points 2 To ACE DOMENATER III	3		52	1
1357	2024-04-21 19:09:17.082058+02	332	iti have [Pubg Mobile] order - From SILVER I points 2 To ACE DOMENATER III	3		52	1
1358	2024-04-21 19:09:17.083053+02	331	iti have [Pubg Mobile] order - From SILVER I points 2 To ACE DOMENATER III	3		52	1
1359	2024-04-21 19:09:17.084052+02	330	iti have [Pubg Mobile] order - From SILVER I points 2 To ACE DOMENATER III	3		52	1
1360	2024-04-21 19:09:17.085048+02	329	iti have [Pubg Mobile] order - From SILVER I points 2 To ACE DOMENATER III	3		52	1
1361	2024-04-21 19:09:17.086047+02	328	iti have [VALORANT] order - From SILVER III 81-100 RR To DIAMOND II	3		52	1
1362	2024-04-21 19:09:17.087044+02	327	iti have [Pubg Mobile] order - From GOLD III points 0 To PLATINUM II	3		52	1
1363	2024-04-21 19:09:17.088041+02	326	iti have [Pubg Mobile] order - From GOLD III points 0 To PLATINUM II	3		52	1
1364	2024-04-21 19:09:17.089036+02	325	iti have [Pubg Mobile] order - no details	3		52	1
1365	2024-04-21 19:09:17.090058+02	324	iti have [Pubg Mobile] order - no details	3		52	1
1366	2024-04-21 19:09:17.091031+02	319	iti have [Lol: Wild Rift] order - From SILVER II Marks 0 To EMERALD III	3		52	1
1367	2024-04-21 19:09:17.09203+02	318	ahmed have [VALORANT] order - From BRONZE III 0-20 RR To ASCENDANT II	3		52	1
1368	2024-04-21 19:09:17.093028+02	317	ahmed have [Dota 2] order - no details	3		52	1
1369	2024-04-21 19:09:17.094023+02	316	iti have [Mobile Legends] order - From MASTER III 0-20 LP To EPIC I	3		52	1
1370	2024-04-21 19:09:17.095022+02	315	iti have [VALORANT] order - From SILVER III 0-20 RR To DIAMOND II	3		52	1
1371	2024-04-21 19:09:17.096019+02	314	iti have [VALORANT] order - From SILVER III 0-20 RR To ASCENDANT II	3		52	1
1372	2024-04-21 19:09:17.097024+02	313	iti have [VALORANT] order - From BRONZE III 0-20 RR To DIAMOND II	3		52	1
1373	2024-04-21 19:09:17.098014+02	312	iti have [VALORANT] order - From SILVER III 0-20 RR To PLATINUM II	3		52	1
1374	2024-04-21 19:09:17.099011+02	311	iti have [Mobile Legends] order - From MASTER III 0-20 LP To LEGEND I	3		52	1
1375	2024-04-21 19:09:17.100008+02	310	iti have [VALORANT] order - From SILVER III 81-100 RR To DIAMOND II	3		52	1
1376	2024-04-21 19:09:17.101004+02	309	iti have [Pubg Mobile] order - From SILVER I points 2 To ACE DOMENATER III	3		52	1
1377	2024-04-21 19:09:17.102002+02	308	iti have [Overwatch 2] order - Boosting of 3 Placement Games With Last Rank platinum	3		52	1
1378	2024-04-21 19:09:17.103+02	304	iti have [Overwatch 2] order - From SILVER III Progress 0-19 % To MASTER II	3		52	1
1379	2024-04-21 19:09:17.103997+02	303	iti have [CS GO 2] order - From GREY Premier To PINK Premier	3		52	1
1380	2024-04-21 19:09:17.104994+02	302	iti have [CS GO 2] order - From MASTER GRD II To LEG EAGLE	3		52	1
1381	2024-04-21 19:09:17.105993+02	301	iti have [Hearthstone] order - From SILVER II 0 STAR To LEGEND X	3		52	1
1382	2024-04-21 19:09:17.10699+02	300	iti have [Honer Of King] order - From SILVER III 3 Stars To DIAMOND III	3		52	1
1383	2024-04-21 19:09:17.107987+02	299	iti have [Dota 2] order - Boosting of 10 Placement Games With Rank immortal	3		52	1
1384	2024-04-21 19:09:17.108983+02	298	iti have [Dota 2] order - From 2966 RP To 5000	3		52	1
1385	2024-04-21 19:09:17.109986+02	297	iti have [Hearthstone] order - From SILVER II 0 STAR To LEGEND X	3		52	1
1386	2024-04-21 19:09:17.110978+02	296	iti have [Hearthstone] order - From SILVER II 0 STAR To LEGEND X	3		52	1
1387	2024-04-21 19:09:17.111976+02	295	iti have [Hearthstone] order - From SILVER IX 0 STAR To PLATINUM VIII	3		52	1
1388	2024-04-21 19:09:17.112973+02	294	iti have [Hearthstone] order - From SILVER IX 0 STAR To PLATINUM VIII	3		52	1
1389	2024-04-21 19:09:17.113972+02	293	iti have [Hearthstone] order - From SILVER IX 0 STAR To PLATINUM VIII	3		52	1
1390	2024-04-21 19:09:17.114967+02	292	iti have [Hearthstone] order - From SILVER IX 0 STAR To PLATINUM VIII	3		52	1
1391	2024-04-21 19:09:17.115967+02	291	iti have [World of Warcraft] order - From 1668 RP To 2400	3		52	1
1392	2024-04-21 19:09:17.116963+02	290	iti have [World of Warcraft] order - From 0 RP To 2100	3		52	1
1393	2024-04-21 19:09:23.214408+02	287	iti have [VALORANT] order - From SILVER III 0-20 RR To PLATINUM II	3		52	1
1394	2024-04-21 21:58:39.794988+02	419	samy WITHDRAWAL 218.5$	3		56	1
1395	2024-04-21 21:59:02.464055+02	43	shehab Has 0.0$	2	[{"changed": {"fields": ["Money"]}}]	55	1
1396	2024-04-21 21:59:11.496229+02	40	samy Has 0.0$	2	[{"changed": {"fields": ["Money"]}}]	55	1
1397	2024-04-21 21:59:21.946207+02	33	iti Paid 0.0$	2	[{"changed": {"fields": ["Money"]}}]	55	1
1398	2024-04-24 11:51:08.336026+02	1	CreateBooster object (1)	1	[{"added": {}}]	136	1
1399	2024-04-24 11:59:13.833409+02	31	testform	1	[{"added": {}}]	51	1
1400	2024-04-24 12:01:53.055676+02	34	iti@iti.comx	1	[{"added": {}}]	51	1
1401	2024-04-24 12:02:02.823011+02	1	CreateBooster object (1)	3		136	1
1402	2024-04-24 12:02:13.616148+02	35	01210753280x	1	[{"added": {}}]	51	1
1403	2024-04-24 12:16:40.654903+02	16	shethr999@gmail.com	3		51	1
1404	2024-04-24 12:17:31.388914+02	28	wallt	3		51	1
1405	2024-04-24 12:29:33.383859+02	43	newuser	1	[{"added": {}}]	51	1
1406	2024-04-24 12:39:57.696133+02	43	newuser	3		51	1
1407	2024-04-24 12:45:11.439614+02	47	mohdhdd	1	[{"added": {}}]	51	1
1408	2024-04-24 21:35:59.360137+02	350	None have [League of Legends] order - From GOLD III 81-99 LP To PLATINUM III	2	[{"changed": {"fields": ["Customer", "Is done", "Is drop"]}}]	52	1
1409	2024-04-24 22:39:37.034124+02	47	mohdhdd	3		51	1
1410	2024-04-24 22:40:42.371183+02	48	addbooster	1	[{"added": {}}]	51	1
1411	2024-04-24 22:41:48.005152+02	49	newboosertest	1	[{"added": {}}]	51	1
1412	2024-04-24 22:46:57.092511+02	48	addbooster	3		51	1
1413	2024-04-24 22:50:30.291859+02	50	samyaas	1	[{"added": {}}]	51	1
1414	2024-04-24 22:51:03.729744+02	49	newboosertest	3		51	1
1415	2024-04-24 22:51:15.347879+02	51	shehabshehabeldin9@gmail.com	1	[{"added": {}}]	51	1
1416	2024-04-24 22:54:41.309037+02	338	iti have [League of Legends] order - From SILVER II 0-20 LP To PLATINUM IV	2	[{"changed": {"fields": ["Approved"]}}]	52	1
1417	2024-04-25 00:03:35.797302+02	52	shehabthbdkbk	1	[{"added": {}}]	51	1
1418	2024-04-27 21:28:49.865745+03	13	shehab	3		120	1
1419	2024-04-27 23:17:36.319449+03	16	shehab	3		120	1
1420	2024-04-27 23:17:36.332401+03	12	mona	3		120	1
1421	2024-04-27 23:17:36.333875+03	11	Ali	3		120	1
1422	2024-04-27 23:17:36.334358+03	10	shehab	3		120	1
1423	2024-04-27 23:17:36.336356+03	9	shehab	3		120	1
1424	2024-04-27 23:17:36.337535+03	8	shehab	3		120	1
1425	2024-04-27 23:17:36.338658+03	7	shehab	3		120	1
1426	2024-04-27 23:17:36.339662+03	6	shehab	3		120	1
1427	2024-04-27 23:17:36.340656+03	5	shehab	3		120	1
1428	2024-04-27 23:17:36.342652+03	4	shehab	3		120	1
1429	2024-04-27 23:17:36.343649+03	3	shehab	3		120	1
1430	2024-04-27 23:17:36.343649+03	2	shehab	3		120	1
1431	2024-04-27 23:17:36.344646+03	1	shehab	3		120	1
1432	2024-04-27 23:36:33.264165+03	18	shehab	3		120	1
1433	2024-04-27 23:36:33.275284+03	17	shehab	3		120	1
1434	2024-05-02 12:40:39.550072+03	1	shehab	2	[]	6	1
1435	2024-05-02 12:40:48.916264+03	1	shehab	2	[{"changed": {"fields": ["Is pubg player"]}}]	6	1
1436	2024-05-02 12:41:16.034324+03	1	shehab	2	[{"changed": {"fields": ["Is wr player"]}}]	6	1
1437	2024-05-02 12:42:03.161677+03	1	shehab	2	[{"changed": {"fields": ["Is pubg player"]}}]	6	1
1438	2024-05-02 12:42:20.239045+03	1	shehab	2	[{"changed": {"fields": ["Is wr player"]}}]	6	1
1439	2024-05-02 12:59:57.57374+03	1	shehab	2	[{"changed": {"fields": ["Profile image"]}}]	6	1
1440	2024-05-02 13:16:13.977691+03	1	shehab	2	[{"changed": {"fields": ["Profile image"]}}]	6	1
1441	2024-05-02 13:19:37.039286+03	1	shehab	2	[{"changed": {"fields": ["Is pubg player"]}}]	6	1
1442	2024-05-02 13:21:02.020461+03	1	shehab	2	[{"changed": {"fields": ["Is pubg player"]}}]	6	1
1443	2024-05-02 13:21:47.083348+03	1	shehab	2	[{"changed": {"fields": ["Is wr player"]}}]	6	1
1444	2024-05-02 13:30:52.786642+03	1	shehab	2	[{"changed": {"fields": ["Is wr player"]}}]	6	1
1445	2024-05-02 13:31:11.88728+03	1	shehab	2	[{"changed": {"fields": ["Is wr player"]}}]	6	1
1446	2024-05-02 13:32:09.32031+03	1	shehab	2	[{"changed": {"fields": ["Is wr player"]}}]	6	1
1447	2024-05-02 18:11:47.461364+03	10	shehabthbdkbk	3		6	1
1448	2024-05-02 18:11:47.475441+03	9	shehabshehabeldin9@gmail.com	3		6	1
1449	2024-05-03 19:15:45.200838+03	51	shehabshehabeldin9@gmail.com	3		51	1
1450	2024-05-03 19:20:03.797802+03	60	samyknk	1	[{"added": {}}]	51	1
1451	2024-05-03 19:22:27.907156+03	60	samyknk	3		51	1
1452	2024-05-03 19:28:55.953149+03	62	samycdcsc	1	[{"added": {}}]	51	1
1828	2024-05-27 06:44:04.058135+03	18	TestModel object (18)	3		144	1
1453	2024-05-04 07:22:40.046749+03	15	shethr9xccc@gmail.com	2	[{"changed": {"fields": ["Username"]}}]	51	1
1454	2024-05-04 07:32:36.955362+03	354	iti have [Lol: Wild Rift] order - From BRONZE II Marks 0 To PLATINUM III	2	[{"changed": {"fields": ["Approved"]}}]	52	1
1455	2024-05-04 07:35:34.505638+03	354	iti have [Lol: Wild Rift] order - From BRONZE II Marks 0 To PLATINUM III	2	[{"changed": {"fields": ["Approved"]}}]	52	1
1456	2024-05-04 07:42:40.19314+03	14	iti - GET - None - 2024-05-04 04:35:53.924920+00:00	3		140	1
1457	2024-05-04 07:43:18.671785+03	169	iti - create - AdminLogEntry - 2024-05-04 04:42:40.461427+00:00	3		140	1
1458	2024-05-04 07:47:46.081441+03	324	iti - create - AdminLogEntry - 2024-05-04 04:43:18.799713+00:00	3		140	1
1459	2024-05-04 07:47:46.091411+03	323	iti - create - AdminLogEntry - 2024-05-04 04:43:18.799713+00:00	3		140	1
1460	2024-05-04 07:47:46.094535+03	322	iti - create - AdminLogEntry - 2024-05-04 04:43:18.798713+00:00	3		140	1
1461	2024-05-04 07:47:46.096399+03	321	iti - create - AdminLogEntry - 2024-05-04 04:43:18.797308+00:00	3		140	1
1462	2024-05-04 07:47:46.097395+03	320	iti - create - AdminLogEntry - 2024-05-04 04:43:18.797308+00:00	3		140	1
1463	2024-05-04 07:47:46.099388+03	319	iti - create - AdminLogEntry - 2024-05-04 04:43:18.796310+00:00	3		140	1
1464	2024-05-04 07:47:46.101385+03	318	iti - create - AdminLogEntry - 2024-05-04 04:43:18.794315+00:00	3		140	1
1465	2024-05-04 07:47:46.10238+03	317	iti - create - AdminLogEntry - 2024-05-04 04:43:18.793319+00:00	3		140	1
1466	2024-05-04 07:47:46.104379+03	316	iti - create - AdminLogEntry - 2024-05-04 04:43:18.790325+00:00	3		140	1
1467	2024-05-04 07:47:46.105375+03	315	iti - create - AdminLogEntry - 2024-05-04 04:43:18.790325+00:00	3		140	1
1468	2024-05-04 07:47:46.106371+03	314	iti - create - AdminLogEntry - 2024-05-04 04:43:18.789326+00:00	3		140	1
1469	2024-05-04 07:47:46.108367+03	313	iti - create - AdminLogEntry - 2024-05-04 04:43:18.789326+00:00	3		140	1
1470	2024-05-04 07:47:46.109362+03	312	iti - create - AdminLogEntry - 2024-05-04 04:43:18.788749+00:00	3		140	1
1471	2024-05-04 07:47:46.112355+03	311	iti - create - AdminLogEntry - 2024-05-04 04:43:18.788071+00:00	3		140	1
1472	2024-05-04 07:47:46.115347+03	310	iti - create - AdminLogEntry - 2024-05-04 04:43:18.786831+00:00	3		140	1
1473	2024-05-04 07:47:46.117342+03	309	iti - create - AdminLogEntry - 2024-05-04 04:43:18.786831+00:00	3		140	1
1474	2024-05-04 07:47:46.119335+03	308	iti - create - AdminLogEntry - 2024-05-04 04:43:18.785832+00:00	3		140	1
1475	2024-05-04 07:47:46.121333+03	307	iti - create - AdminLogEntry - 2024-05-04 04:43:18.783835+00:00	3		140	1
1476	2024-05-04 07:47:46.123325+03	306	iti - create - AdminLogEntry - 2024-05-04 04:43:18.783187+00:00	3		140	1
1477	2024-05-04 07:47:46.12532+03	305	iti - create - AdminLogEntry - 2024-05-04 04:43:18.781890+00:00	3		140	1
1478	2024-05-04 07:47:46.128313+03	304	iti - create - AdminLogEntry - 2024-05-04 04:43:18.781890+00:00	3		140	1
1479	2024-05-04 07:47:46.131304+03	303	iti - create - AdminLogEntry - 2024-05-04 04:43:18.780894+00:00	3		140	1
1480	2024-05-04 07:47:46.133302+03	302	iti - create - AdminLogEntry - 2024-05-04 04:43:18.779897+00:00	3		140	1
1481	2024-05-04 07:47:46.134295+03	301	iti - create - AdminLogEntry - 2024-05-04 04:43:18.779897+00:00	3		140	1
1482	2024-05-04 07:47:46.135293+03	300	iti - create - AdminLogEntry - 2024-05-04 04:43:18.778900+00:00	3		140	1
1483	2024-05-04 07:47:46.13729+03	299	iti - create - AdminLogEntry - 2024-05-04 04:43:18.777899+00:00	3		140	1
1484	2024-05-04 07:47:46.138287+03	298	iti - create - AdminLogEntry - 2024-05-04 04:43:18.777899+00:00	3		140	1
1485	2024-05-04 07:47:46.140279+03	297	iti - create - AdminLogEntry - 2024-05-04 04:43:18.777168+00:00	3		140	1
1486	2024-05-04 07:47:46.141361+03	296	iti - create - AdminLogEntry - 2024-05-04 04:43:18.775168+00:00	3		140	1
1487	2024-05-04 07:47:46.14251+03	295	iti - create - AdminLogEntry - 2024-05-04 04:43:18.774167+00:00	3		140	1
1488	2024-05-04 07:47:46.144511+03	294	iti - create - AdminLogEntry - 2024-05-04 04:43:18.773155+00:00	3		140	1
1489	2024-05-04 07:47:46.145508+03	293	iti - create - AdminLogEntry - 2024-05-04 04:43:18.773155+00:00	3		140	1
1490	2024-05-04 07:47:46.146506+03	292	iti - create - AdminLogEntry - 2024-05-04 04:43:18.771921+00:00	3		140	1
1491	2024-05-04 07:47:46.148501+03	291	iti - create - AdminLogEntry - 2024-05-04 04:43:18.770949+00:00	3		140	1
1492	2024-05-04 07:47:46.149497+03	290	iti - create - AdminLogEntry - 2024-05-04 04:43:18.769924+00:00	3		140	1
1493	2024-05-04 07:47:46.150633+03	289	iti - create - AdminLogEntry - 2024-05-04 04:43:18.769924+00:00	3		140	1
1494	2024-05-04 07:47:46.151638+03	288	iti - create - AdminLogEntry - 2024-05-04 04:43:18.768925+00:00	3		140	1
1495	2024-05-04 07:47:46.152633+03	287	iti - create - AdminLogEntry - 2024-05-04 04:43:18.768925+00:00	3		140	1
1496	2024-05-04 07:47:46.153632+03	286	iti - create - AdminLogEntry - 2024-05-04 04:43:18.768362+00:00	3		140	1
1497	2024-05-04 07:47:46.155459+03	285	iti - create - AdminLogEntry - 2024-05-04 04:43:18.767775+00:00	3		140	1
1498	2024-05-04 07:47:46.156463+03	284	iti - create - AdminLogEntry - 2024-05-04 04:43:18.767201+00:00	3		140	1
1499	2024-05-04 07:47:46.157813+03	283	iti - create - AdminLogEntry - 2024-05-04 04:43:18.766634+00:00	3		140	1
1500	2024-05-04 07:47:46.158816+03	282	iti - create - AdminLogEntry - 2024-05-04 04:43:18.765947+00:00	3		140	1
1501	2024-05-04 07:47:46.160808+03	281	iti - create - AdminLogEntry - 2024-05-04 04:43:18.765355+00:00	3		140	1
1502	2024-05-04 07:47:46.161809+03	280	iti - create - AdminLogEntry - 2024-05-04 04:43:18.764625+00:00	3		140	1
1503	2024-05-04 07:47:46.162805+03	279	iti - create - AdminLogEntry - 2024-05-04 04:43:18.763682+00:00	3		140	1
1504	2024-05-04 07:47:46.163804+03	278	iti - create - AdminLogEntry - 2024-05-04 04:43:18.762710+00:00	3		140	1
1505	2024-05-04 07:47:46.165476+03	277	iti - create - AdminLogEntry - 2024-05-04 04:43:18.761688+00:00	3		140	1
1506	2024-05-04 07:47:46.166481+03	276	iti - create - AdminLogEntry - 2024-05-04 04:43:18.760688+00:00	3		140	1
1507	2024-05-04 07:47:46.168475+03	275	iti - create - AdminLogEntry - 2024-05-04 04:43:18.760688+00:00	3		140	1
1508	2024-05-04 07:47:46.169468+03	274	iti - create - AdminLogEntry - 2024-05-04 04:43:18.759131+00:00	3		140	1
1509	2024-05-04 07:47:46.170468+03	273	iti - create - AdminLogEntry - 2024-05-04 04:43:18.757133+00:00	3		140	1
1510	2024-05-04 07:47:46.171467+03	272	iti - create - AdminLogEntry - 2024-05-04 04:43:18.757133+00:00	3		140	1
1511	2024-05-04 07:47:46.172465+03	271	iti - create - AdminLogEntry - 2024-05-04 04:43:18.755671+00:00	3		140	1
1512	2024-05-04 07:47:46.174493+03	270	iti - create - AdminLogEntry - 2024-05-04 04:43:18.755671+00:00	3		140	1
1513	2024-05-04 07:47:46.175494+03	269	iti - create - AdminLogEntry - 2024-05-04 04:43:18.755085+00:00	3		140	1
1514	2024-05-04 07:47:46.176492+03	268	iti - create - AdminLogEntry - 2024-05-04 04:43:18.753543+00:00	3		140	1
1515	2024-05-04 07:47:46.179483+03	267	iti - create - AdminLogEntry - 2024-05-04 04:43:18.753543+00:00	3		140	1
1516	2024-05-04 07:47:46.180482+03	266	iti - create - AdminLogEntry - 2024-05-04 04:43:18.752545+00:00	3		140	1
1517	2024-05-04 07:47:46.181479+03	265	iti - create - AdminLogEntry - 2024-05-04 04:43:18.752545+00:00	3		140	1
1518	2024-05-04 07:47:46.182477+03	264	iti - create - AdminLogEntry - 2024-05-04 04:43:18.751574+00:00	3		140	1
1519	2024-05-04 07:47:46.183474+03	263	iti - create - AdminLogEntry - 2024-05-04 04:43:18.750549+00:00	3		140	1
1520	2024-05-04 07:47:46.185471+03	262	iti - create - AdminLogEntry - 2024-05-04 04:43:18.750549+00:00	3		140	1
1521	2024-05-04 07:47:46.186465+03	261	iti - create - AdminLogEntry - 2024-05-04 04:43:18.749823+00:00	3		140	1
1522	2024-05-04 07:47:46.18846+03	260	iti - create - AdminLogEntry - 2024-05-04 04:43:18.748130+00:00	3		140	1
1523	2024-05-04 07:47:46.189461+03	259	iti - create - AdminLogEntry - 2024-05-04 04:43:18.748130+00:00	3		140	1
1524	2024-05-04 07:47:46.191452+03	258	iti - create - AdminLogEntry - 2024-05-04 04:43:18.747133+00:00	3		140	1
1525	2024-05-04 07:47:46.192508+03	257	iti - create - AdminLogEntry - 2024-05-04 04:43:18.746136+00:00	3		140	1
1526	2024-05-04 07:47:46.195509+03	256	iti - create - AdminLogEntry - 2024-05-04 04:43:18.746136+00:00	3		140	1
1527	2024-05-04 07:47:46.196501+03	255	iti - create - AdminLogEntry - 2024-05-04 04:43:18.745136+00:00	3		140	1
1528	2024-05-04 07:47:46.198495+03	254	iti - create - AdminLogEntry - 2024-05-04 04:43:18.745136+00:00	3		140	1
1529	2024-05-04 07:47:46.199494+03	253	iti - create - AdminLogEntry - 2024-05-04 04:43:18.744419+00:00	3		140	1
1530	2024-05-04 07:47:46.201149+03	252	iti - create - AdminLogEntry - 2024-05-04 04:43:18.743600+00:00	3		140	1
1531	2024-05-04 07:47:46.202315+03	251	iti - create - AdminLogEntry - 2024-05-04 04:43:18.741603+00:00	3		140	1
1532	2024-05-04 07:47:46.203325+03	250	iti - create - AdminLogEntry - 2024-05-04 04:43:18.740605+00:00	3		140	1
1533	2024-05-04 07:47:46.20453+03	249	iti - create - AdminLogEntry - 2024-05-04 04:43:18.739632+00:00	3		140	1
1534	2024-05-04 07:47:46.205909+03	248	iti - create - AdminLogEntry - 2024-05-04 04:43:18.738609+00:00	3		140	1
1535	2024-05-04 07:47:46.207046+03	247	iti - create - AdminLogEntry - 2024-05-04 04:43:18.738609+00:00	3		140	1
1536	2024-05-04 07:47:46.208311+03	246	iti - create - AdminLogEntry - 2024-05-04 04:43:18.737609+00:00	3		140	1
1537	2024-05-04 07:47:46.209315+03	245	iti - create - AdminLogEntry - 2024-05-04 04:43:18.737609+00:00	3		140	1
1538	2024-05-04 07:47:46.211781+03	244	iti - create - AdminLogEntry - 2024-05-04 04:43:18.737020+00:00	3		140	1
1539	2024-05-04 07:47:46.212783+03	243	iti - create - AdminLogEntry - 2024-05-04 04:43:18.736047+00:00	3		140	1
1540	2024-05-04 07:47:46.213813+03	242	iti - create - AdminLogEntry - 2024-05-04 04:43:18.735022+00:00	3		140	1
1541	2024-05-04 07:47:46.215778+03	241	iti - create - AdminLogEntry - 2024-05-04 04:43:18.735022+00:00	3		140	1
1542	2024-05-04 07:47:46.217049+03	240	iti - create - AdminLogEntry - 2024-05-04 04:43:18.733464+00:00	3		140	1
1543	2024-05-04 07:47:46.21805+03	239	iti - create - AdminLogEntry - 2024-05-04 04:43:18.733464+00:00	3		140	1
1544	2024-05-04 07:47:46.219304+03	238	iti - create - AdminLogEntry - 2024-05-04 04:43:18.732867+00:00	3		140	1
1545	2024-05-04 07:47:46.220305+03	237	iti - create - AdminLogEntry - 2024-05-04 04:43:18.732181+00:00	3		140	1
1546	2024-05-04 07:47:46.221302+03	236	iti - create - AdminLogEntry - 2024-05-04 04:43:18.731601+00:00	3		140	1
1547	2024-05-04 07:47:46.223298+03	235	iti - create - AdminLogEntry - 2024-05-04 04:43:18.731053+00:00	3		140	1
1548	2024-05-04 07:47:46.224293+03	234	iti - create - AdminLogEntry - 2024-05-04 04:43:18.730081+00:00	3		140	1
1549	2024-05-04 07:47:46.225307+03	233	iti - create - AdminLogEntry - 2024-05-04 04:43:18.729056+00:00	3		140	1
1550	2024-05-04 07:47:46.22631+03	232	iti - create - AdminLogEntry - 2024-05-04 04:43:18.729056+00:00	3		140	1
1551	2024-05-04 07:47:46.22831+03	231	iti - create - AdminLogEntry - 2024-05-04 04:43:18.728436+00:00	3		140	1
1552	2024-05-04 07:47:46.2293+03	230	iti - create - AdminLogEntry - 2024-05-04 04:43:18.727440+00:00	3		140	1
1553	2024-05-04 07:47:46.230657+03	229	iti - create - AdminLogEntry - 2024-05-04 04:43:18.726445+00:00	3		140	1
1554	2024-05-04 07:47:46.231658+03	228	iti - create - AdminLogEntry - 2024-05-04 04:43:18.724444+00:00	3		140	1
1555	2024-05-04 07:47:46.232656+03	227	iti - create - AdminLogEntry - 2024-05-04 04:43:18.723452+00:00	3		140	1
1556	2024-05-04 07:47:46.234006+03	226	iti - create - AdminLogEntry - 2024-05-04 04:43:18.723452+00:00	3		140	1
1557	2024-05-04 07:47:46.23541+03	225	iti - create - AdminLogEntry - 2024-05-04 04:43:18.722147+00:00	3		140	1
1558	2024-05-04 07:47:53.815564+03	224	iti - create - AdminLogEntry - 2024-05-04 04:43:18.722147+00:00	3		140	1
1559	2024-05-04 07:47:53.824194+03	223	iti - create - AdminLogEntry - 2024-05-04 04:43:18.721150+00:00	3		140	1
1560	2024-05-04 07:47:53.825341+03	222	iti - create - AdminLogEntry - 2024-05-04 04:43:18.720154+00:00	3		140	1
1561	2024-05-04 07:47:53.82627+03	221	iti - create - AdminLogEntry - 2024-05-04 04:43:18.720154+00:00	3		140	1
1562	2024-05-04 07:47:53.827272+03	220	iti - create - AdminLogEntry - 2024-05-04 04:43:18.719154+00:00	3		140	1
1563	2024-05-04 07:47:53.829784+03	219	iti - create - AdminLogEntry - 2024-05-04 04:43:18.718186+00:00	3		140	1
1564	2024-05-04 07:47:53.830878+03	218	iti - create - AdminLogEntry - 2024-05-04 04:43:18.717158+00:00	3		140	1
1565	2024-05-04 07:47:53.831879+03	217	iti - create - AdminLogEntry - 2024-05-04 04:43:18.717158+00:00	3		140	1
1566	2024-05-04 07:47:53.832874+03	216	iti - create - AdminLogEntry - 2024-05-04 04:43:18.716590+00:00	3		140	1
1567	2024-05-04 07:47:53.83375+03	215	iti - create - AdminLogEntry - 2024-05-04 04:43:18.716008+00:00	3		140	1
1568	2024-05-04 07:47:53.834825+03	214	iti - create - AdminLogEntry - 2024-05-04 04:43:18.715416+00:00	3		140	1
1569	2024-05-04 07:47:53.835827+03	213	iti - create - AdminLogEntry - 2024-05-04 04:43:18.714814+00:00	3		140	1
1570	2024-05-04 07:47:53.836823+03	212	iti - create - AdminLogEntry - 2024-05-04 04:43:18.714217+00:00	3		140	1
1571	2024-05-04 07:47:53.837819+03	211	iti - create - AdminLogEntry - 2024-05-04 04:43:18.713567+00:00	3		140	1
1572	2024-05-04 07:47:53.838817+03	210	iti - create - AdminLogEntry - 2024-05-04 04:43:18.712441+00:00	3		140	1
1573	2024-05-04 07:47:53.838817+03	209	iti - create - AdminLogEntry - 2024-05-04 04:43:18.711468+00:00	3		140	1
1574	2024-05-04 07:47:53.839814+03	208	iti - create - AdminLogEntry - 2024-05-04 04:43:18.710446+00:00	3		140	1
1829	2024-05-27 06:44:04.059131+03	17	TestModel object (17)	3		144	1
1575	2024-05-04 07:47:53.841463+03	207	iti - create - AdminLogEntry - 2024-05-04 04:43:18.710446+00:00	3		140	1
1576	2024-05-04 07:47:53.842463+03	206	iti - create - AdminLogEntry - 2024-05-04 04:43:18.708451+00:00	3		140	1
1577	2024-05-04 07:47:53.844458+03	205	iti - create - AdminLogEntry - 2024-05-04 04:43:18.707477+00:00	3		140	1
1578	2024-05-04 07:47:53.845825+03	204	iti - create - AdminLogEntry - 2024-05-04 04:43:18.706453+00:00	3		140	1
1579	2024-05-04 07:47:53.846824+03	203	iti - create - AdminLogEntry - 2024-05-04 04:43:18.706453+00:00	3		140	1
1580	2024-05-04 07:47:53.847822+03	202	iti - create - AdminLogEntry - 2024-05-04 04:43:18.705835+00:00	3		140	1
1581	2024-05-04 07:47:53.84882+03	201	iti - create - AdminLogEntry - 2024-05-04 04:43:18.705199+00:00	3		140	1
1582	2024-05-04 07:47:53.849711+03	200	iti - create - AdminLogEntry - 2024-05-04 04:43:18.704371+00:00	3		140	1
1583	2024-05-04 07:47:53.850114+03	199	iti - create - AdminLogEntry - 2024-05-04 04:43:18.703720+00:00	3		140	1
1584	2024-05-04 07:47:53.851115+03	198	iti - create - AdminLogEntry - 2024-05-04 04:43:18.702918+00:00	3		140	1
1585	2024-05-04 07:47:53.852589+03	197	iti - create - AdminLogEntry - 2024-05-04 04:43:18.702320+00:00	3		140	1
1586	2024-05-04 07:47:53.853589+03	196	iti - create - AdminLogEntry - 2024-05-04 04:43:18.701360+00:00	3		140	1
1587	2024-05-04 07:47:53.854591+03	195	iti - create - AdminLogEntry - 2024-05-04 04:43:18.700324+00:00	3		140	1
1588	2024-05-04 07:47:53.855584+03	194	iti - create - AdminLogEntry - 2024-05-04 04:43:18.700324+00:00	3		140	1
1589	2024-05-04 07:47:53.856581+03	193	iti - create - AdminLogEntry - 2024-05-04 04:43:18.699586+00:00	3		140	1
1590	2024-05-04 07:47:53.857346+03	192	iti - create - AdminLogEntry - 2024-05-04 04:43:18.698911+00:00	3		140	1
1591	2024-05-04 07:47:53.858349+03	191	iti - create - AdminLogEntry - 2024-05-04 04:43:18.698094+00:00	3		140	1
1592	2024-05-04 07:47:53.859376+03	190	iti - create - AdminLogEntry - 2024-05-04 04:43:18.697214+00:00	3		140	1
1593	2024-05-04 07:47:53.861339+03	189	iti - create - AdminLogEntry - 2024-05-04 04:43:18.696248+00:00	3		140	1
1594	2024-05-04 07:47:53.862336+03	188	iti - create - AdminLogEntry - 2024-05-04 04:43:18.695216+00:00	3		140	1
1595	2024-05-04 07:47:53.862336+03	187	iti - create - AdminLogEntry - 2024-05-04 04:43:18.695216+00:00	3		140	1
1596	2024-05-04 07:47:53.864333+03	186	iti - create - AdminLogEntry - 2024-05-04 04:43:18.694567+00:00	3		140	1
1597	2024-05-04 07:47:53.865328+03	185	iti - create - AdminLogEntry - 2024-05-04 04:43:18.693930+00:00	3		140	1
1598	2024-05-04 07:47:53.866326+03	184	iti - create - AdminLogEntry - 2024-05-04 04:43:18.692599+00:00	3		140	1
1599	2024-05-04 07:47:53.867322+03	183	iti - create - AdminLogEntry - 2024-05-04 04:43:18.692599+00:00	3		140	1
1600	2024-05-04 07:47:53.868161+03	182	iti - create - AdminLogEntry - 2024-05-04 04:43:18.690605+00:00	3		140	1
1601	2024-05-04 07:47:53.869081+03	181	iti - create - AdminLogEntry - 2024-05-04 04:43:18.689604+00:00	3		140	1
1602	2024-05-04 07:47:53.870081+03	180	iti - create - AdminLogEntry - 2024-05-04 04:43:18.689604+00:00	3		140	1
1603	2024-05-04 07:47:53.871077+03	179	iti - create - AdminLogEntry - 2024-05-04 04:43:18.688970+00:00	3		140	1
1604	2024-05-04 07:47:53.871961+03	178	iti - create - AdminLogEntry - 2024-05-04 04:43:18.688059+00:00	3		140	1
1605	2024-05-04 07:47:53.872504+03	177	iti - create - AdminLogEntry - 2024-05-04 04:43:18.687062+00:00	3		140	1
1606	2024-05-04 07:47:53.874291+03	176	iti - create - AdminLogEntry - 2024-05-04 04:43:18.687062+00:00	3		140	1
1607	2024-05-04 07:47:53.875129+03	175	iti - create - AdminLogEntry - 2024-05-04 04:43:18.686062+00:00	3		140	1
1608	2024-05-04 07:47:53.876129+03	174	iti - create - AdminLogEntry - 2024-05-04 04:43:18.685360+00:00	3		140	1
1609	2024-05-04 07:47:53.877127+03	173	iti - create - AdminLogEntry - 2024-05-04 04:43:18.684640+00:00	3		140	1
1610	2024-05-04 07:47:53.878124+03	172	iti - create - AdminLogEntry - 2024-05-04 04:43:18.683918+00:00	3		140	1
1611	2024-05-04 07:47:53.879737+03	171	iti - create - AdminLogEntry - 2024-05-04 04:43:18.683044+00:00	3		140	1
1612	2024-05-04 07:47:53.881141+03	170	iti - create - LogEntry - 2024-05-04 04:43:18.681452+00:00	3		140	1
1613	2024-05-04 07:47:53.88214+03	169	iti - create - AdminLogEntry - 2024-05-04 04:42:40.461427+00:00	3		140	1
1614	2024-05-04 07:47:53.883138+03	168	iti - create - AdminLogEntry - 2024-05-04 04:42:40.460427+00:00	3		140	1
1615	2024-05-04 07:47:53.884164+03	167	iti - create - AdminLogEntry - 2024-05-04 04:42:40.458433+00:00	3		140	1
1616	2024-05-04 07:47:53.885136+03	166	iti - create - AdminLogEntry - 2024-05-04 04:42:40.457437+00:00	3		140	1
1617	2024-05-04 07:47:53.886207+03	165	iti - create - AdminLogEntry - 2024-05-04 04:42:40.455438+00:00	3		140	1
1618	2024-05-04 07:47:53.887208+03	164	iti - create - AdminLogEntry - 2024-05-04 04:42:40.453446+00:00	3		140	1
1619	2024-05-04 07:47:53.888854+03	163	iti - create - AdminLogEntry - 2024-05-04 04:42:40.452451+00:00	3		140	1
1620	2024-05-04 07:47:53.889798+03	162	iti - create - AdminLogEntry - 2024-05-04 04:42:40.451454+00:00	3		140	1
1621	2024-05-04 07:47:53.890754+03	161	iti - create - AdminLogEntry - 2024-05-04 04:42:40.450456+00:00	3		140	1
1622	2024-05-04 07:47:53.891707+03	160	iti - create - AdminLogEntry - 2024-05-04 04:42:40.449457+00:00	3		140	1
1623	2024-05-04 07:47:53.892169+03	159	iti - create - AdminLogEntry - 2024-05-04 04:42:40.447464+00:00	3		140	1
1624	2024-05-04 07:47:53.894167+03	158	iti - create - AdminLogEntry - 2024-05-04 04:42:40.446467+00:00	3		140	1
1625	2024-05-04 07:47:53.896197+03	157	iti - create - AdminLogEntry - 2024-05-04 04:42:40.445466+00:00	3		140	1
1626	2024-05-04 07:47:53.897118+03	156	iti - create - AdminLogEntry - 2024-05-04 04:42:40.443473+00:00	3		140	1
1627	2024-05-04 07:47:53.898119+03	155	iti - create - AdminLogEntry - 2024-05-04 04:42:40.441477+00:00	3		140	1
1628	2024-05-04 07:47:53.899115+03	154	iti - create - AdminLogEntry - 2024-05-04 04:42:40.438494+00:00	3		140	1
1629	2024-05-04 07:47:53.900202+03	153	iti - create - AdminLogEntry - 2024-05-04 04:42:40.436493+00:00	3		140	1
1630	2024-05-04 07:47:53.901433+03	152	iti - create - AdminLogEntry - 2024-05-04 04:42:40.435492+00:00	3		140	1
1631	2024-05-04 07:47:53.901878+03	151	iti - create - AdminLogEntry - 2024-05-04 04:42:40.433501+00:00	3		140	1
1632	2024-05-04 07:47:53.903492+03	150	iti - create - AdminLogEntry - 2024-05-04 04:42:40.431503+00:00	3		140	1
1633	2024-05-04 07:47:53.903931+03	149	iti - create - AdminLogEntry - 2024-05-04 04:42:40.430508+00:00	3		140	1
1634	2024-05-04 07:47:53.904931+03	148	iti - create - AdminLogEntry - 2024-05-04 04:42:40.428510+00:00	3		140	1
1635	2024-05-04 07:47:53.906451+03	147	iti - create - AdminLogEntry - 2024-05-04 04:42:40.426516+00:00	3		140	1
1830	2024-05-27 06:44:04.061127+03	16	TestModel object (16)	3		144	1
1636	2024-05-04 07:47:53.907534+03	146	iti - create - AdminLogEntry - 2024-05-04 04:42:40.425518+00:00	3		140	1
1637	2024-05-04 07:47:53.908803+03	145	iti - create - AdminLogEntry - 2024-05-04 04:42:40.423525+00:00	3		140	1
1638	2024-05-04 07:47:53.909803+03	144	iti - create - AdminLogEntry - 2024-05-04 04:42:40.422526+00:00	3		140	1
1639	2024-05-04 07:47:53.911798+03	143	iti - create - AdminLogEntry - 2024-05-04 04:42:40.420535+00:00	3		140	1
1640	2024-05-04 07:47:53.912911+03	142	iti - create - AdminLogEntry - 2024-05-04 04:42:40.419538+00:00	3		140	1
1641	2024-05-04 07:47:53.913911+03	141	iti - create - AdminLogEntry - 2024-05-04 04:42:40.418540+00:00	3		140	1
1642	2024-05-04 07:47:53.913911+03	140	iti - create - AdminLogEntry - 2024-05-04 04:42:40.416547+00:00	3		140	1
1643	2024-05-04 07:47:53.915662+03	139	iti - create - AdminLogEntry - 2024-05-04 04:42:40.415549+00:00	3		140	1
1644	2024-05-04 07:47:53.916622+03	138	iti - create - AdminLogEntry - 2024-05-04 04:42:40.414551+00:00	3		140	1
1645	2024-05-04 07:47:53.917955+03	137	iti - create - AdminLogEntry - 2024-05-04 04:42:40.412560+00:00	3		140	1
1646	2024-05-04 07:47:53.918963+03	136	iti - create - AdminLogEntry - 2024-05-04 04:42:40.410562+00:00	3		140	1
1647	2024-05-04 07:47:53.919868+03	135	iti - create - AdminLogEntry - 2024-05-04 04:42:40.409562+00:00	3		140	1
1648	2024-05-04 07:47:53.920772+03	134	iti - create - AdminLogEntry - 2024-05-04 04:42:40.408566+00:00	3		140	1
1649	2024-05-04 07:47:53.921771+03	133	iti - create - AdminLogEntry - 2024-05-04 04:42:40.407577+00:00	3		140	1
1650	2024-05-04 07:47:53.922769+03	132	iti - create - AdminLogEntry - 2024-05-04 04:42:40.405572+00:00	3		140	1
1651	2024-05-04 07:47:53.922769+03	131	iti - create - AdminLogEntry - 2024-05-04 04:42:40.403581+00:00	3		140	1
1652	2024-05-04 07:47:53.923972+03	130	iti - create - AdminLogEntry - 2024-05-04 04:42:40.402584+00:00	3		140	1
1653	2024-05-04 07:47:53.925526+03	129	iti - create - AdminLogEntry - 2024-05-04 04:42:40.401587+00:00	3		140	1
1654	2024-05-04 07:47:53.925961+03	128	iti - create - AdminLogEntry - 2024-05-04 04:42:40.400588+00:00	3		140	1
1655	2024-05-04 07:47:53.927959+03	127	iti - create - AdminLogEntry - 2024-05-04 04:42:40.398593+00:00	3		140	1
1656	2024-05-04 07:47:53.929953+03	126	iti - create - AdminLogEntry - 2024-05-04 04:42:40.397598+00:00	3		140	1
1657	2024-05-04 07:47:53.932945+03	125	iti - create - AdminLogEntry - 2024-05-04 04:42:40.396605+00:00	3		140	1
1658	2024-05-04 07:47:59.739973+03	124	iti - create - AdminLogEntry - 2024-05-04 04:42:40.395601+00:00	3		140	1
1659	2024-05-04 07:47:59.749959+03	123	iti - create - AdminLogEntry - 2024-05-04 04:42:40.393604+00:00	3		140	1
1660	2024-05-04 07:47:59.75171+03	122	iti - create - AdminLogEntry - 2024-05-04 04:42:40.392609+00:00	3		140	1
1661	2024-05-04 07:47:59.753115+03	121	iti - create - AdminLogEntry - 2024-05-04 04:42:40.389617+00:00	3		140	1
1662	2024-05-04 07:47:59.754565+03	120	iti - create - AdminLogEntry - 2024-05-04 04:42:40.385627+00:00	3		140	1
1663	2024-05-04 07:47:59.755565+03	119	iti - create - AdminLogEntry - 2024-05-04 04:42:40.383634+00:00	3		140	1
1664	2024-05-04 07:47:59.757722+03	118	iti - create - AdminLogEntry - 2024-05-04 04:42:40.382638+00:00	3		140	1
1665	2024-05-04 07:47:59.758724+03	117	iti - create - AdminLogEntry - 2024-05-04 04:42:40.381638+00:00	3		140	1
1666	2024-05-04 07:47:59.760724+03	116	iti - create - AdminLogEntry - 2024-05-04 04:42:40.379644+00:00	3		140	1
1667	2024-05-04 07:47:59.762719+03	115	iti - create - AdminLogEntry - 2024-05-04 04:42:40.378651+00:00	3		140	1
1668	2024-05-04 07:47:59.764715+03	114	iti - create - AdminLogEntry - 2024-05-04 04:42:40.377651+00:00	3		140	1
1669	2024-05-04 07:47:59.765715+03	113	iti - create - AdminLogEntry - 2024-05-04 04:42:40.376653+00:00	3		140	1
1670	2024-05-04 07:47:59.767026+03	112	iti - create - AdminLogEntry - 2024-05-04 04:42:40.374656+00:00	3		140	1
1671	2024-05-04 07:47:59.768118+03	111	iti - create - AdminLogEntry - 2024-05-04 04:42:40.372665+00:00	3		140	1
1672	2024-05-04 07:47:59.769325+03	110	iti - create - AdminLogEntry - 2024-05-04 04:42:40.371667+00:00	3		140	1
1673	2024-05-04 07:47:59.770343+03	109	iti - create - AdminLogEntry - 2024-05-04 04:42:40.370665+00:00	3		140	1
1674	2024-05-04 07:47:59.772332+03	108	iti - create - AdminLogEntry - 2024-05-04 04:42:40.368677+00:00	3		140	1
1675	2024-05-04 07:47:59.773332+03	107	iti - create - AdminLogEntry - 2024-05-04 04:42:40.367673+00:00	3		140	1
1676	2024-05-04 07:47:59.774338+03	106	iti - create - AdminLogEntry - 2024-05-04 04:42:40.365679+00:00	3		140	1
1677	2024-05-04 07:47:59.776326+03	105	iti - create - AdminLogEntry - 2024-05-04 04:42:40.364682+00:00	3		140	1
1678	2024-05-04 07:47:59.77832+03	104	iti - create - AdminLogEntry - 2024-05-04 04:42:40.363686+00:00	3		140	1
1679	2024-05-04 07:47:59.780318+03	103	iti - create - AdminLogEntry - 2024-05-04 04:42:40.362688+00:00	3		140	1
1680	2024-05-04 07:47:59.784688+03	102	iti - create - AdminLogEntry - 2024-05-04 04:42:40.361689+00:00	3		140	1
1681	2024-05-04 07:47:59.786685+03	101	iti - create - AdminLogEntry - 2024-05-04 04:42:40.359696+00:00	3		140	1
1682	2024-05-04 07:47:59.787683+03	100	iti - create - AdminLogEntry - 2024-05-04 04:42:40.358699+00:00	3		140	1
1683	2024-05-04 07:47:59.788713+03	99	iti - create - AdminLogEntry - 2024-05-04 04:42:40.357705+00:00	3		140	1
1684	2024-05-04 07:47:59.790675+03	98	iti - create - AdminLogEntry - 2024-05-04 04:42:40.355707+00:00	3		140	1
1685	2024-05-04 07:47:59.791672+03	97	iti - create - AdminLogEntry - 2024-05-04 04:42:40.354709+00:00	3		140	1
1686	2024-05-04 07:47:59.794666+03	96	iti - create - AdminLogEntry - 2024-05-04 04:42:40.352714+00:00	3		140	1
1687	2024-05-04 07:47:59.798794+03	95	iti - create - AdminLogEntry - 2024-05-04 04:42:40.351718+00:00	3		140	1
1688	2024-05-04 07:47:59.799786+03	94	iti - create - AdminLogEntry - 2024-05-04 04:42:40.350719+00:00	3		140	1
1689	2024-05-04 07:47:59.801781+03	93	iti - create - AdminLogEntry - 2024-05-04 04:42:40.348726+00:00	3		140	1
1690	2024-05-04 07:47:59.80278+03	92	iti - create - AdminLogEntry - 2024-05-04 04:42:40.346729+00:00	3		140	1
1691	2024-05-04 07:47:59.803809+03	91	iti - create - AdminLogEntry - 2024-05-04 04:42:40.345733+00:00	3		140	1
1692	2024-05-04 07:47:59.805473+03	90	iti - create - AdminLogEntry - 2024-05-04 04:42:40.344736+00:00	3		140	1
1693	2024-05-04 07:47:59.806475+03	89	iti - create - AdminLogEntry - 2024-05-04 04:42:40.342742+00:00	3		140	1
1694	2024-05-04 07:47:59.808471+03	88	iti - create - AdminLogEntry - 2024-05-04 04:42:40.341743+00:00	3		140	1
1695	2024-05-04 07:47:59.8095+03	87	iti - create - AdminLogEntry - 2024-05-04 04:42:40.340747+00:00	3		140	1
1696	2024-05-04 07:47:59.811463+03	86	iti - create - AdminLogEntry - 2024-05-04 04:42:40.338752+00:00	3		140	1
1831	2024-05-27 06:44:04.063121+03	15	TestModel object (15)	3		144	1
1697	2024-05-04 07:47:59.812927+03	85	iti - create - AdminLogEntry - 2024-05-04 04:42:40.336757+00:00	3		140	1
1698	2024-05-04 07:47:59.814405+03	84	iti - create - AdminLogEntry - 2024-05-04 04:42:40.335761+00:00	3		140	1
1699	2024-05-04 07:47:59.816088+03	83	iti - create - AdminLogEntry - 2024-05-04 04:42:40.334762+00:00	3		140	1
1700	2024-05-04 07:47:59.81709+03	82	iti - create - AdminLogEntry - 2024-05-04 04:42:40.333765+00:00	3		140	1
1701	2024-05-04 07:47:59.818086+03	81	iti - create - AdminLogEntry - 2024-05-04 04:42:40.331771+00:00	3		140	1
1702	2024-05-04 07:47:59.819084+03	80	iti - create - AdminLogEntry - 2024-05-04 04:42:40.330773+00:00	3		140	1
1703	2024-05-04 07:47:59.820081+03	79	iti - create - AdminLogEntry - 2024-05-04 04:42:40.328778+00:00	3		140	1
1704	2024-05-04 07:47:59.821665+03	78	iti - create - AdminLogEntry - 2024-05-04 04:42:40.327795+00:00	3		140	1
1705	2024-05-04 07:47:59.823257+03	77	iti - create - AdminLogEntry - 2024-05-04 04:42:40.325786+00:00	3		140	1
1706	2024-05-04 07:47:59.824528+03	76	iti - create - AdminLogEntry - 2024-05-04 04:42:40.322797+00:00	3		140	1
1707	2024-05-04 07:47:59.825629+03	75	iti - create - AdminLogEntry - 2024-05-04 04:42:40.320801+00:00	3		140	1
1708	2024-05-04 07:47:59.826632+03	74	iti - create - AdminLogEntry - 2024-05-04 04:42:40.319803+00:00	3		140	1
1709	2024-05-04 07:47:59.829623+03	73	iti - create - AdminLogEntry - 2024-05-04 04:42:40.318805+00:00	3		140	1
1710	2024-05-04 07:47:59.831621+03	72	iti - create - AdminLogEntry - 2024-05-04 04:42:40.316811+00:00	3		140	1
1711	2024-05-04 07:47:59.833808+03	71	iti - create - AdminLogEntry - 2024-05-04 04:42:40.315813+00:00	3		140	1
1712	2024-05-04 07:47:59.834809+03	70	iti - create - AdminLogEntry - 2024-05-04 04:42:40.313819+00:00	3		140	1
1713	2024-05-04 07:47:59.835807+03	69	iti - create - AdminLogEntry - 2024-05-04 04:42:40.312822+00:00	3		140	1
1714	2024-05-04 07:47:59.837802+03	68	iti - create - AdminLogEntry - 2024-05-04 04:42:40.311824+00:00	3		140	1
1715	2024-05-04 07:47:59.839796+03	67	iti - create - AdminLogEntry - 2024-05-04 04:42:40.309831+00:00	3		140	1
1716	2024-05-04 07:47:59.841349+03	66	iti - create - AdminLogEntry - 2024-05-04 04:42:40.307834+00:00	3		140	1
1717	2024-05-04 07:47:59.842351+03	65	iti - create - AdminLogEntry - 2024-05-04 04:42:40.305839+00:00	3		140	1
1718	2024-05-04 07:47:59.843578+03	64	iti - create - AdminLogEntry - 2024-05-04 04:42:40.303846+00:00	3		140	1
1719	2024-05-04 07:47:59.847572+03	63	iti - create - AdminLogEntry - 2024-05-04 04:42:40.302847+00:00	3		140	1
1720	2024-05-04 07:47:59.851581+03	62	iti - create - AdminLogEntry - 2024-05-04 04:42:40.300853+00:00	3		140	1
1721	2024-05-04 07:47:59.852764+03	61	iti - create - AdminLogEntry - 2024-05-04 04:42:40.299856+00:00	3		140	1
1722	2024-05-04 07:47:59.853785+03	60	iti - create - AdminLogEntry - 2024-05-04 04:42:40.298859+00:00	3		140	1
1723	2024-05-04 07:47:59.8548+03	59	iti - create - AdminLogEntry - 2024-05-04 04:42:40.297861+00:00	3		140	1
1724	2024-05-04 07:47:59.8558+03	58	iti - create - AdminLogEntry - 2024-05-04 04:42:40.295865+00:00	3		140	1
1725	2024-05-04 07:47:59.856801+03	57	iti - create - AdminLogEntry - 2024-05-04 04:42:40.294868+00:00	3		140	1
1726	2024-05-04 07:47:59.857799+03	56	iti - create - AdminLogEntry - 2024-05-04 04:42:40.292874+00:00	3		140	1
1727	2024-05-04 07:47:59.858796+03	55	iti - create - AdminLogEntry - 2024-05-04 04:42:40.290885+00:00	3		140	1
1728	2024-05-04 07:47:59.860792+03	54	iti - create - AdminLogEntry - 2024-05-04 04:42:40.287888+00:00	3		140	1
1729	2024-05-04 07:47:59.863784+03	53	iti - create - AdminLogEntry - 2024-05-04 04:42:40.283899+00:00	3		140	1
1730	2024-05-04 07:47:59.865776+03	52	iti - create - AdminLogEntry - 2024-05-04 04:42:40.282900+00:00	3		140	1
1731	2024-05-04 07:47:59.866775+03	51	iti - create - AdminLogEntry - 2024-05-04 04:42:40.280906+00:00	3		140	1
1732	2024-05-04 07:47:59.868194+03	50	iti - create - AdminLogEntry - 2024-05-04 04:42:40.278912+00:00	3		140	1
1733	2024-05-04 07:47:59.869198+03	49	iti - create - AdminLogEntry - 2024-05-04 04:42:40.276917+00:00	3		140	1
1734	2024-05-04 07:47:59.870195+03	48	iti - create - AdminLogEntry - 2024-05-04 04:42:40.275920+00:00	3		140	1
1735	2024-05-04 07:47:59.871192+03	47	iti - create - AdminLogEntry - 2024-05-04 04:42:40.273928+00:00	3		140	1
1736	2024-05-04 07:47:59.872189+03	46	iti - create - AdminLogEntry - 2024-05-04 04:42:40.270933+00:00	3		140	1
1737	2024-05-04 07:47:59.873188+03	45	iti - create - AdminLogEntry - 2024-05-04 04:42:40.269937+00:00	3		140	1
1738	2024-05-04 07:47:59.874184+03	44	iti - create - AdminLogEntry - 2024-05-04 04:42:40.268939+00:00	3		140	1
1739	2024-05-04 07:47:59.875187+03	43	iti - create - AdminLogEntry - 2024-05-04 04:42:40.267941+00:00	3		140	1
1740	2024-05-04 07:47:59.876195+03	42	iti - create - AdminLogEntry - 2024-05-04 04:42:40.265947+00:00	3		140	1
1741	2024-05-04 07:47:59.878208+03	41	iti - create - AdminLogEntry - 2024-05-04 04:42:40.263953+00:00	3		140	1
1742	2024-05-04 07:47:59.879213+03	40	iti - create - AdminLogEntry - 2024-05-04 04:42:40.262954+00:00	3		140	1
1743	2024-05-04 07:47:59.880209+03	39	iti - create - AdminLogEntry - 2024-05-04 04:42:40.261959+00:00	3		140	1
1744	2024-05-04 07:47:59.881236+03	38	iti - create - AdminLogEntry - 2024-05-04 04:42:40.259961+00:00	3		140	1
1745	2024-05-04 07:47:59.882236+03	37	iti - create - AdminLogEntry - 2024-05-04 04:42:40.256988+00:00	3		140	1
1746	2024-05-04 07:47:59.883957+03	36	iti - create - AdminLogEntry - 2024-05-04 04:42:40.253979+00:00	3		140	1
1747	2024-05-04 07:47:59.885005+03	35	iti - create - AdminLogEntry - 2024-05-04 04:42:40.252981+00:00	3		140	1
1748	2024-05-04 07:47:59.886024+03	34	iti - create - AdminLogEntry - 2024-05-04 04:42:40.250986+00:00	3		140	1
1749	2024-05-04 07:47:59.887226+03	33	iti - create - AdminLogEntry - 2024-05-04 04:42:40.248992+00:00	3		140	1
1750	2024-05-04 07:47:59.888504+03	32	iti - create - AdminLogEntry - 2024-05-04 04:42:40.247995+00:00	3		140	1
1751	2024-05-04 07:47:59.889552+03	31	iti - create - AdminLogEntry - 2024-05-04 04:42:40.246998+00:00	3		140	1
1752	2024-05-04 07:47:59.89052+03	30	iti - create - AdminLogEntry - 2024-05-04 04:42:40.245005+00:00	3		140	1
1753	2024-05-04 07:47:59.892191+03	29	iti - create - AdminLogEntry - 2024-05-04 04:42:40.242014+00:00	3		140	1
1754	2024-05-04 07:47:59.893169+03	28	iti - create - AdminLogEntry - 2024-05-04 04:42:40.238022+00:00	3		140	1
1755	2024-05-04 07:47:59.895184+03	27	iti - create - AdminLogEntry - 2024-05-04 04:42:40.237023+00:00	3		140	1
1756	2024-05-04 07:47:59.896234+03	26	iti - create - AdminLogEntry - 2024-05-04 04:42:40.235030+00:00	3		140	1
1757	2024-05-04 07:47:59.897234+03	25	iti - create - AdminLogEntry - 2024-05-04 04:42:40.234031+00:00	3		140	1
1832	2024-05-27 06:44:04.065116+03	14	TestModel object (14)	3		144	1
1758	2024-05-04 07:48:23.304475+03	24	iti - create - AdminLogEntry - 2024-05-04 04:42:40.233033+00:00	3		140	1
1759	2024-05-04 07:48:23.313351+03	23	iti - create - AdminLogEntry - 2024-05-04 04:42:40.231038+00:00	3		140	1
1760	2024-05-04 07:48:23.314343+03	22	iti - create - AdminLogEntry - 2024-05-04 04:42:40.229061+00:00	3		140	1
1761	2024-05-04 07:48:23.316208+03	21	iti - create - AdminLogEntry - 2024-05-04 04:42:40.226052+00:00	3		140	1
1762	2024-05-04 07:48:23.317241+03	20	iti - create - AdminLogEntry - 2024-05-04 04:42:40.221067+00:00	3		140	1
1763	2024-05-04 07:48:23.318556+03	19	iti - create - AdminLogEntry - 2024-05-04 04:42:40.220069+00:00	3		140	1
1764	2024-05-04 07:48:23.319585+03	18	iti - create - AdminLogEntry - 2024-05-04 04:42:40.218075+00:00	3		140	1
1765	2024-05-04 07:48:23.320503+03	17	iti - create - AdminLogEntry - 2024-05-04 04:42:40.217077+00:00	3		140	1
1766	2024-05-04 07:48:23.321431+03	16	iti - create - AdminLogEntry - 2024-05-04 04:42:40.214084+00:00	3		140	1
1767	2024-05-04 07:48:23.322431+03	15	iti - create - LogEntry - 2024-05-04 04:42:40.212090+00:00	3		140	1
1768	2024-05-04 07:48:23.323427+03	14	iti - GET - None - 2024-05-04 04:35:53.924920+00:00	3		140	1
1769	2024-05-04 07:48:23.324424+03	13	iti - GET - None - 2024-05-04 04:35:50.521057+00:00	3		140	1
1770	2024-05-04 07:48:23.326421+03	12	iti - GET - None - 2024-05-04 04:35:50.348718+00:00	3		140	1
1771	2024-05-04 07:48:23.327417+03	11	iti - GET - None - 2024-05-04 04:35:44.834945+00:00	3		140	1
1772	2024-05-04 07:48:23.328414+03	10	iti - GET - None - 2024-05-04 04:35:44.706371+00:00	3		140	1
1773	2024-05-04 07:48:23.33041+03	9	iti - GET - None - 2024-05-04 04:35:43.159107+00:00	3		140	1
1774	2024-05-04 07:48:23.331409+03	8	iti - GET - None - 2024-05-04 04:35:42.863897+00:00	3		140	1
1775	2024-05-04 07:48:23.332404+03	7	iti - GET - None - 2024-05-04 04:35:34.731696+00:00	3		140	1
1776	2024-05-04 07:48:23.3334+03	6	iti - GET - None - 2024-05-04 04:35:34.564044+00:00	3		140	1
1777	2024-05-04 07:48:23.334399+03	5	iti - POST - None - 2024-05-04 04:35:34.486247+00:00	3		140	1
1778	2024-05-04 07:48:23.334399+03	4	iti - GET - None - 2024-05-04 04:35:29.774828+00:00	3		140	1
1779	2024-05-04 07:48:23.33543+03	3	iti - GET - None - 2024-05-04 04:35:29.579011+00:00	3		140	1
1780	2024-05-04 07:48:23.336393+03	2	iti - GET - None - 2024-05-04 04:35:27.366900+00:00	3		140	1
1781	2024-05-04 07:48:23.33739+03	1	iti - GET - None - 2024-05-04 04:35:26.886019+00:00	3		140	1
1782	2024-05-05 04:36:51.868055+03	1	shehab	3		120	1
1783	2024-05-05 04:49:15.253633+03	1	shehab	2	[{"changed": {"fields": ["Languages"]}}]	6	1
1784	2024-05-05 04:49:23.53576+03	19	samycdcsc	3		6	1
1785	2024-05-05 04:49:23.544763+03	8	samyaas	3		6	1
1786	2024-05-05 04:49:36.529136+03	3	moussad	2	[{"changed": {"fields": ["Languages"]}}]	6	1
1787	2024-05-05 04:53:19.188058+03	2	samy2	2	[{"changed": {"fields": ["Profile image url", "Languages"]}}]	6	1
1788	2024-05-05 05:00:52.186927+03	3	moussad	2	[]	6	1
1789	2024-05-05 05:07:53.327909+03	1	shehab	2	[{"changed": {"fields": ["Profile image"]}}]	6	1
1790	2024-05-05 05:15:09.766652+03	2	samy2	2	[{"changed": {"fields": ["Profile image"]}}]	6	1
1792	2024-05-06 17:04:38.395024+03	359	iti have [Dota 2] order - Boosting of 10 Placement Games With Rank ancient	2	[{"changed": {"fields": ["Money owed"]}}]	52	1
1793	2024-05-06 17:09:35.403898+03	359	iti have [Dota 2] order - Boosting of 10 Placement Games With Rank ancient	2	[{"changed": {"fields": ["Money owed"]}}]	52	1
1794	2024-05-06 17:12:03.588164+03	434	iti WITHDRAWAL 19.6$	3		56	1
1795	2024-05-06 17:12:10.571257+03	359	iti have [Dota 2] order - Boosting of 10 Placement Games With Rank ancient	3		52	1
1796	2024-05-11 19:24:05.919933+03	63	shehabbbvv	1	[{"added": {}}]	51	1
1797	2024-05-11 19:24:32.414192+03	64	shehabtharwat	1	[{"added": {}}]	51	1
1798	2024-05-11 19:26:38.968237+03	65	testuser	1	[{"added": {}}]	51	1
1799	2024-05-11 19:46:38.999448+03	66	hemacr	1	[{"added": {}}]	51	1
1800	2024-05-11 20:30:32.43219+03	1	shehab	2	[{"changed": {"fields": ["Profile image"]}}]	6	1
1801	2024-05-11 20:33:09.73817+03	1	shehab	2	[{"changed": {"fields": ["Profile image"]}}]	6	1
1802	2024-05-11 21:00:50.694342+03	1	shehab	2	[{"changed": {"fields": ["Profile image"]}}]	6	1
1803	2024-05-11 21:01:12.926764+03	1	shehab	2	[{"changed": {"fields": ["Profile image"]}}]	6	1
1804	2024-05-12 15:20:33.180485+03	372	iti have [Lol: Wild Rift] order - no details	3		52	1
1805	2024-05-12 20:00:10.158562+03	13	Portfolio of shehab	2	[{"changed": {"fields": ["Approved"]}}]	122	1
1806	2024-05-26 06:38:42.929271+03	1	shehab	2	[{"changed": {"fields": ["Can choose me"]}}]	6	1
1807	2024-05-26 06:38:58.561225+03	1	shehab	2	[{"changed": {"fields": ["Can choose me"]}}]	6	1
1808	2024-05-26 15:02:24.623673+03	3	silver | Honer Of King	3		143	1
1809	2024-05-26 15:02:24.634606+03	2	iron | VALORANT	3		143	1
1810	2024-05-26 15:02:24.635607+03	1	diamond | Lol: Wild Rift	3		143	1
1811	2024-05-26 15:34:32.311234+03	1	shehab	2	[{"changed": {"fields": ["Achived rank wr", "Achived rank valo", "Achived rank pubg", "Achived rank lol", "Achived rank tft", "Achived rank wow", "Achived rank hearthstone", "Achived rank mobleg", "Achived rank rl", "Achived rank dota2", "Achived rank hok", "Achived rank overwatch2", "Achived rank csgo2"]}}]	6	1
1812	2024-05-26 15:35:17.232057+03	3	moussad	2	[{"changed": {"fields": ["Achived rank wr", "Achived rank valo", "Achived rank pubg"]}}]	6	1
1813	2024-05-26 15:52:12.334108+03	1	shehab	2	[{"changed": {"fields": ["Games"]}}]	6	1
1814	2024-05-26 15:52:33.890196+03	1	shehab	2	[{"changed": {"fields": ["Can choose me"]}}]	6	1
1815	2024-05-26 15:52:55.27385+03	1	shehab	2	[{"changed": {"fields": ["Can choose me"]}}]	6	1
1816	2024-05-27 03:52:27.433699+03	1	shehab	2	[{"changed": {"fields": ["Can choose me"]}}]	6	1
1817	2024-05-27 03:54:04.452163+03	1	shehab	2	[{"changed": {"fields": ["Can choose me"]}}]	6	1
1818	2024-05-27 03:54:34.930358+03	1	shehab	2	[{"changed": {"fields": ["Can choose me"]}}]	6	1
1819	2024-05-27 03:55:17.094695+03	1	shehab	2	[{"changed": {"fields": ["Can choose me"]}}]	6	1
1820	2024-05-27 06:44:04.036192+03	26	TestModel object (26)	3		144	1
1821	2024-05-27 06:44:04.049157+03	25	TestModel object (25)	3		144	1
1822	2024-05-27 06:44:04.050156+03	24	TestModel object (24)	3		144	1
1823	2024-05-27 06:44:04.052151+03	23	TestModel object (23)	3		144	1
1824	2024-05-27 06:44:04.053147+03	22	TestModel object (22)	3		144	1
1825	2024-05-27 06:44:04.054145+03	21	TestModel object (21)	3		144	1
1826	2024-05-27 06:44:04.055141+03	20	TestModel object (20)	3		144	1
1827	2024-05-27 06:44:04.056143+03	19	TestModel object (19)	3		144	1
1852	2024-05-30 11:55:00.657574+03	6	Iron	3		143	1
1833	2024-05-27 06:44:04.066115+03	13	TestModel object (13)	3		144	1
1834	2024-05-27 06:44:04.067112+03	12	TestModel object (12)	3		144	1
1835	2024-05-27 06:44:04.068107+03	11	TestModel object (11)	3		144	1
1836	2024-05-27 06:44:04.069135+03	10	TestModel object (10)	3		144	1
1837	2024-05-27 06:44:04.0711+03	9	TestModel object (9)	3		144	1
1838	2024-05-27 06:44:04.072097+03	8	TestModel object (8)	3		144	1
1839	2024-05-27 06:44:04.073528+03	7	TestModel object (7)	3		144	1
1840	2024-05-27 06:44:04.075509+03	6	TestModel object (6)	3		144	1
1841	2024-05-27 06:44:04.076507+03	5	TestModel object (5)	3		144	1
1842	2024-05-27 06:44:04.078501+03	4	TestModel object (4)	3		144	1
1843	2024-05-27 06:44:04.080493+03	3	TestModel object (3)	3		144	1
1844	2024-05-27 06:44:04.08149+03	2	TestModel object (2)	3		144	1
1845	2024-05-27 06:44:04.082488+03	1	TestModel object (1)	3		144	1
1846	2024-05-27 06:51:58.085635+03	28	TestModel object (28)	3		144	1
1847	2024-05-27 06:51:58.09561+03	27	TestModel object (27)	3		144	1
1848	2024-05-30 10:20:41.418846+03	1	SubHeader object (1)	1	[{"added": {}}]	146	1
1849	2024-05-30 11:21:16.870205+03	1	Blog object (1)	3		145	1
1850	2024-05-30 11:22:46.82328+03	2	Blog object (2)	1	[{"added": {}}]	145	1
1851	2024-05-30 11:22:53.350823+03	2	Blog object (2)	3		145	1
1854	2024-05-30 11:55:00.678521+03	4	silver	3		143	1
1855	2024-05-30 17:28:09.279729+03	2	BlogOrder object (2)	3		149	1
1856	2024-05-30 17:28:09.292502+03	1	BlogOrder object (1)	3		149	1
1857	2024-05-30 17:34:54.047758+03	3	BlogOrder object (3)	3		149	1
1858	2024-05-30 18:49:23.195507+03	3	Blog object (3)	3		150	1
1859	2024-05-30 18:49:23.206704+03	2	Blog object (2)	3		150	1
1860	2024-05-30 18:49:23.2083+03	1	Blog object (1)	3		150	1
1861	2024-05-30 18:52:35.673388+03	4	Blog object (4)	3		150	1
1863	2024-05-30 19:45:51.377385+03	5	5	3		150	1
\.


--
-- Data for Name: django_content_type; Type: TABLE DATA; Schema: public; Owner: postgres
--

COPY public.django_content_type (id, app_label, model) FROM stdin;
1	admin	logentry
2	auth	permission
3	auth	group
4	contenttypes	contenttype
5	sessions	session
6	booster	booster
7	booster	orderrating
8	wildRift	wildriftrank
9	wildRift	wildrifttier
10	wildRift	wildriftmark
11	wildRift	wildriftdivisionorder
12	valorant	valorantplacement
13	valorant	valorantrank
14	valorant	valoranttier
15	valorant	valorantplacementorder
16	valorant	valorantmark
17	valorant	valorantdivisionorder
18	pubg	pubgrank
19	pubg	pubgtier
20	pubg	pubgmark
21	pubg	pubgdivisionorder
22	tft	tftplacement
23	tft	tftrank
24	tft	tfttier
25	tft	tftplacementorder
26	tft	tftmark
27	tft	tftdivisionorder
28	hearthstone	hearthstonerank
29	hearthstone	hearthstonetier
30	hearthstone	hearthstonemark
31	hearthstone	hearthstonedivisionorder
32	WorldOfWarcraft	wow_25_rps_price_2x2
33	WorldOfWarcraft	wow_25_rps_price_3x3
34	WorldOfWarcraft	wowrank
35	WorldOfWarcraft	wowarenaboostorder
36	leagueOfLegends	leagueoflegendsplacement
37	leagueOfLegends	leagueoflegendsrank
38	leagueOfLegends	leagueoflegendstier
39	leagueOfLegends	leagueoflegendsplacementorder
40	leagueOfLegends	leagueoflegendsmark
41	leagueOfLegends	leagueoflegendsdivisionorder
42	rocketLeague	rocketleagueplacement
43	rocketLeague	rocketleaguerank
44	rocketLeague	rocketleagueseasonal
45	rocketLeague	rocketleaguetournament
46	rocketLeague	rocketleaguetournamentorder
47	rocketLeague	rocketleagueseasonalorder
48	rocketLeague	rocketleaguerankedorder
49	rocketLeague	rocketleagueplacementorder
50	rocketLeague	rocketleaguedivision
51	accounts	baseuser
52	accounts	baseorder
53	accounts	boosterpercent
54	accounts	tip_data
55	accounts	wallet
56	accounts	transaction
57	accounts	tokenforpay
58	accounts	room
59	accounts	message
60	accounts	promocode
61	mobileLegends	mobilelegendsplacement
62	mobileLegends	mobilelegendsrank
63	mobileLegends	mobilelegendstier
64	mobileLegends	mobilelegendsplacementorder
65	mobileLegends	mobilelegendsmark
66	mobileLegends	mobilelegendsdivisionorder
67	honorOfKings	honorofkingsrank
68	honorOfKings	honorofkingstier
69	honorOfKings	honorofkingsmark
70	honorOfKings	honorofkingsdivisionorder
71	dota2	dota2_50_mmr_price
72	dota2	dota2rank
73	dota2	dota2rankboostorder
74	overwatch2	overwatch2rank
75	overwatch2	overwatch2tier
76	overwatch2	overwatch2mark
77	overwatch2	overwatch2divisionorder
78	ipn	paypalipn
79	django_q	schedule
80	django_q	task
81	django_q	failure
82	django_q	success
83	django_q	ormq
84	rocketLeague	rocketleaguedivisionorder
85	games	game
86	overwatch2	overwatch2placement
87	overwatch2	overwatch2placementorder
88	cryptocurrency_payment	cryptocurrencypayment
89	WorldOfWarcraft	worldofwarcraftarenaboostorder
90	WorldOfWarcraft	worldofwarcraftrank
91	WorldOfWarcraft	worldofwarcraftrpsprice
92	chat	room
93	chat	message
94	oauth2_provider	application
95	oauth2_provider	accesstoken
96	oauth2_provider	grant
97	oauth2_provider	refreshtoken
98	oauth2_provider	idtoken
99	account	emailaddress
100	account	emailconfirmation
101	socialaccount	socialaccount
102	socialaccount	socialapp
103	socialaccount	socialtoken
104	dota2	dota2mmrprice
105	dota2	dota2placementorder
106	dota2	dota2placement
107	csgo2	csgo2placement
108	csgo2	csgo2rank
109	csgo2	csgo2tier
110	csgo2	csgo2placementorder
111	csgo2	csgo2mark
112	csgo2	csgo2divisionorder
113	csgo2	csgo2premierorder
114	csgo2	csgofaceitorder
115	customer	champion
116	csgo2	csgo2premierprice
117	csgo2	csgo2premierrank
118	csgo2	csgofaceitprice
119	customer	championc
120	booster	workwithus
121	booster	photo
122	booster	boosterportfolio
123	mobileLegends	mobilelegendsmark2
124	WorldOfWarcraft	worldofwarcraftrank1
125	accounts	test
126	social_django	association
127	social_django	code
128	social_django	nonce
129	social_django	usersocialauth
130	social_django	partial
131	wildRift	wildriftrank1
132	rocketLeague	rocketleaguetournament1
133	rocketLeague	rocketleagueplacement1
134	rocketLeague	rocketleagueseasonal1
135	rocketLeague	rocketleaguerank1
136	booster	createbooster
137	customer	customorder
138	booster	language
139	accounts	historicalbaseuser
140	dashboard	adminlogentry
141	accounts	captchaimage
142	accounts	captcha
143	booster	boosterrank
144	booster	testmodel
145	blog	blog
146	blog	subheader
147	blog	subheader1
148	blog	dj
149	blog	blogorder
150	news	blog
151	news	subheader
\.


--
-- Data for Name: django_migrations; Type: TABLE DATA; Schema: public; Owner: postgres
--

COPY public.django_migrations (id, app, name, applied) FROM stdin;
1	contenttypes	0001_initial	2024-02-28 06:45:59.309432+02
2	contenttypes	0002_remove_content_type_name	2024-02-28 06:45:59.31944+02
3	auth	0001_initial	2024-02-28 06:45:59.372731+02
4	auth	0002_alter_permission_name_max_length	2024-02-28 06:45:59.378257+02
5	auth	0003_alter_user_email_max_length	2024-02-28 06:45:59.385243+02
6	auth	0004_alter_user_username_opts	2024-02-28 06:45:59.393221+02
7	auth	0005_alter_user_last_login_null	2024-02-28 06:45:59.401198+02
8	auth	0006_require_contenttypes_0002	2024-02-28 06:45:59.40415+02
9	auth	0007_alter_validators_add_error_messages	2024-02-28 06:45:59.411132+02
10	auth	0008_alter_user_username_max_length	2024-02-28 06:45:59.420109+02
11	auth	0009_alter_user_last_name_max_length	2024-02-28 06:45:59.427089+02
12	auth	0010_alter_group_name_max_length	2024-02-28 06:45:59.43469+02
13	auth	0011_update_proxy_permissions	2024-02-28 06:45:59.440682+02
14	auth	0012_alter_user_first_name_max_length	2024-02-28 06:45:59.448664+02
15	accounts	0001_initial	2024-02-28 06:45:59.656855+02
16	accounts	0002_baseorder_details_alter_baseorder_game_name_and_more	2024-02-28 06:45:59.75194+02
17	accounts	0003_alter_baseorder_customer_server	2024-02-28 06:45:59.772185+02
18	accounts	0004_alter_baseorder_customer_server_and_more	2024-02-28 06:45:59.823435+02
19	WorldOfWarcraft	0001_initial	2024-02-28 06:45:59.88214+02
20	accounts	0005_promocode	2024-02-28 06:45:59.899852+02
21	accounts	0006_alter_promocode_description	2024-02-28 06:45:59.905104+02
22	accounts	0007_alter_promocode_expiration_date	2024-02-28 06:45:59.923131+02
23	accounts	0008_alter_promocode_expiration_date	2024-02-28 06:45:59.943165+02
24	accounts	0009_alter_promocode_discount_amount	2024-02-28 06:45:59.964148+02
25	accounts	0010_alter_promocode_description	2024-02-28 06:45:59.981174+02
26	accounts	0011_baseorder_content_type_baseorder_object_id_and_more	2024-02-28 06:46:00.128989+02
27	accounts	0012_alter_baseorder_content_type	2024-02-28 06:46:00.168779+02
28	accounts	0013_alter_baseorder_object_id	2024-02-28 06:46:00.199697+02
29	accounts	0014_alter_baseorder_customer	2024-02-28 06:46:00.229618+02
30	accounts	0015_remove_room_name_remove_room_order_and_more	2024-02-28 06:46:00.382415+02
31	accounts	0016_alter_transaction_order_alter_transaction_user	2024-02-28 06:46:00.432039+02
32	accounts	0017_alter_transaction_tip	2024-02-28 06:46:00.473929+02
33	accounts	0018_room_name_alter_tip_data_payer_id	2024-02-28 06:46:00.505843+02
34	admin	0001_initial	2024-02-28 06:46:00.547732+02
35	admin	0002_logentry_remove_auto_add	2024-02-28 06:46:00.580644+02
36	admin	0003_logentry_add_action_flag_choices	2024-02-28 06:46:00.616549+02
37	overwatch2	0001_initial	2024-02-28 06:46:00.71728+02
38	mobileLegends	0001_initial	2024-02-28 06:46:00.823592+02
39	mobileLegends	0002_mobilelegendstier_from_v_to_iv	2024-02-28 06:46:00.831573+02
40	mobileLegends	0003_alter_mobilelegendsdivisionorder_current_division_and_more	2024-02-28 06:46:00.939282+02
41	tft	0001_initial	2024-02-28 06:46:01.061883+02
42	rocketLeague	0001_initial	2024-02-28 06:46:01.338578+02
43	hearthstone	0001_initial	2024-02-28 06:46:01.427879+02
44	leagueOfLegends	0001_initial	2024-02-28 06:46:01.566023+02
45	pubg	0001_initial	2024-02-28 06:46:01.657006+02
46	wildRift	0001_initial	2024-02-28 06:46:01.817661+02
47	valorant	0001_initial	2024-02-28 06:46:01.983451+02
48	booster	0001_initial	2024-02-28 06:46:02.130993+02
49	booster	0002_booster_achived_rank_pubg_booster_is_pubg_player	2024-02-28 06:46:02.23065+02
50	booster	0003_booster_achived_rank_lol_booster_is_lol_player	2024-02-28 06:46:02.406243+02
51	booster	0004_booster_achived_rank_tft_and_more	2024-02-28 06:46:02.529256+02
52	booster	0005_booster_achived_rank_hearthstone_and_more	2024-02-28 06:46:02.727164+02
53	booster	0006_booster_achived_rank_modleg_booster_is_mobleg_player	2024-02-28 06:46:02.827968+02
54	booster	0007_booster_achived_rank_wow_booster_is_wow_player	2024-02-28 06:46:02.935364+02
55	booster	0008_booster_achived_rank_overwatch2_and_more	2024-02-28 06:46:03.111863+02
56	booster	0009_orderrating_alter_booster_booster_delete_rating	2024-02-28 06:46:03.240795+02
57	booster	0010_booster_is_csgo2_player_booster_is_dota2_player_and_more	2024-02-28 06:46:03.363235+02
58	django_q	0001_initial	2024-02-28 06:46:03.400893+02
59	django_q	0002_auto_20150630_1624	2024-02-28 06:46:03.412845+02
60	django_q	0003_auto_20150708_1326	2024-02-28 06:46:03.440833+02
61	django_q	0004_auto_20150710_1043	2024-02-28 06:46:03.455409+02
62	django_q	0005_auto_20150718_1506	2024-02-28 06:46:03.467701+02
63	django_q	0006_auto_20150805_1817	2024-02-28 06:46:03.478631+02
64	django_q	0007_ormq	2024-02-28 06:46:03.493731+02
65	django_q	0008_auto_20160224_1026	2024-02-28 06:46:03.500681+02
66	django_q	0009_auto_20171009_0915	2024-02-28 06:46:03.516608+02
67	django_q	0010_auto_20200610_0856	2024-02-28 06:46:03.536367+02
68	django_q	0011_auto_20200628_1055	2024-02-28 06:46:03.549303+02
69	django_q	0012_auto_20200702_1608	2024-02-28 06:46:03.557303+02
70	django_q	0013_task_attempt_count	2024-02-28 06:46:03.567535+02
71	django_q	0014_schedule_cluster	2024-02-28 06:46:03.574528+02
72	dota2	0001_initial	2024-02-28 06:46:03.655343+02
73	dota2	0002_alter_dota2rankboostorder_role	2024-02-28 06:46:03.698264+02
74	honorOfKings	0001_initial	2024-02-28 06:46:03.808292+02
75	ipn	0001_initial	2024-02-28 06:46:03.837203+02
76	ipn	0002_paypalipn_mp_id	2024-02-28 06:46:03.848735+02
77	ipn	0003_auto_20141117_1647	2024-02-28 06:46:03.859267+02
78	ipn	0004_auto_20150612_1826	2024-02-28 06:46:04.148492+02
79	ipn	0005_auto_20151217_0948	2024-02-28 06:46:04.169436+02
80	ipn	0006_auto_20160108_1112	2024-02-28 06:46:04.194381+02
81	ipn	0007_auto_20160219_1135	2024-02-28 06:46:04.215314+02
82	ipn	0008_auto_20181128_1032	2024-02-28 06:46:04.241245+02
83	ipn	0009_alter_paypalipn_id	2024-02-28 06:46:04.280175+02
84	sessions	0001_initial	2024-02-28 06:46:04.30411+02
85	wildRift	0002_delete_wildriftplacementorder	2024-02-28 06:46:04.314084+02
86	wildRift	0003_delete_wildriftplacement	2024-02-28 06:46:04.32306+02
87	wildRift	0004_wildriftdivisionorder_booster_champions	2024-02-28 06:46:04.370931+02
88	accounts	0019_alter_room_unique_together	2024-02-28 06:54:22.252133+02
89	accounts	0020_alter_transaction_order	2024-02-28 07:14:52.648471+02
90	honorOfKings	0002_remove_honorofkingsmark_star_4_and_more	2024-02-29 06:25:04.559301+02
91	accounts	0021_baseorder_promo_code	2024-02-29 07:28:40.235862+02
92	accounts	0022_alter_baseorder_promo_code	2024-03-02 15:25:57.979069+02
93	mobileLegends	0004_rename_from_i_to_iv_next_mobilelegendstier_from_i_to_v_next	2024-03-02 15:25:58.005997+02
173	customer	0003_championc_delete_champion	2024-03-22 06:19:35.135697+02
94	mobileLegends	0005_remove_mobilelegendsmark_marks_series_and_more	2024-03-02 16:01:41.273865+02
95	mobileLegends	0006_alter_mobilelegendsdivisionorder_current_division_and_more	2024-03-02 16:40:40.639738+02
96	mobileLegends	0007_rename_marks_0_20_mobilelegendsmark_star_1_and_more	2024-03-02 18:10:41.388335+02
97	mobileLegends	0008_mobilelegendsdivisionorder_updated_at_and_more	2024-03-02 18:10:41.681623+02
98	mobileLegends	0009_alter_mobilelegendsdivisionorder_current_marks_and_more	2024-03-02 19:12:34.956235+02
99	games	0001_initial	2024-03-05 08:07:44.965119+02
100	accounts	0023_remove_baseorder_game_id_remove_baseorder_game_name_and_more	2024-03-05 08:07:45.200488+02
101	overwatch2	0002_overwatch2divisionorder_role_and_more	2024-03-05 08:07:45.863716+02
102	rocketLeague	0002_rocketleaguedivisionorder_and_more	2024-03-05 08:07:45.961844+02
103	overwatch2	0003_overwatch2placement_and_more	2024-03-05 09:29:04.180398+02
104	overwatch2	0004_alter_overwatch2mark_mark_number	2024-03-05 11:14:24.970852+02
105	dota2	0003_rename_choose_agents_dota2rankboostorder_select_champion_and_more	2024-03-05 16:29:56.389505+02
106	dota2	0004_alter_dota2rankboostorder_current_division_and_more	2024-03-05 16:30:26.346701+02
107	dota2	0005_alter_dota2rankboostorder_current_division_and_more	2024-03-05 16:58:30.880597+02
108	hearthstone	0002_rename_choose_legends_hearthstonedivisionorder_select_champion_and_more	2024-03-05 18:59:52.762576+02
109	leagueOfLegends	0002_rename_choose_champions_leagueoflegendsdivisionorder_select_champion_and_more	2024-03-05 18:59:53.000939+02
110	mobileLegends	0010_rename_choose_champions_mobilelegendsdivisionorder_select_champion_and_more	2024-03-05 18:59:53.07873+02
111	pubg	0002_rename_choose_agents_pubgdivisionorder_select_champion_and_more	2024-03-05 18:59:53.311108+02
112	cryptocurrency_payment	0001_initial	2024-03-05 20:20:28.633698+02
113	cryptocurrency_payment	0002_alter_cryptocurrencypayment_crypto_amount_and_more	2024-03-05 20:20:28.991742+02
114	WorldOfWarcraft	0002_worldofwarcraftarenaboostorder_worldofwarcraftrank_and_more	2024-03-07 18:17:00.015964+02
115	booster	0011_alter_booster_achived_rank_wow	2024-03-07 18:17:00.114046+02
116	WorldOfWarcraft	0003_delete_wowrank_and_more	2024-03-07 18:17:00.28871+02
117	accounts	0024_alter_baseorder_payer_id_alter_baseuser_groups_and_more	2024-03-07 18:17:00.505939+02
118	accounts	0025_baseuser_is_online	2024-03-07 20:21:50.147776+02
119	accounts	0026_baseuser_last_online	2024-03-07 20:22:31.517289+02
120	accounts	0027_alter_baseuser_last_online	2024-03-07 21:01:13.504731+02
121	accounts	0028_alter_room_unique_together_remove_room_booster_and_more	2024-03-07 21:42:15.174455+02
122	chat	0001_initial	2024-03-07 21:42:15.325559+02
123	accounts	0029_alter_baseuser_last_online	2024-03-08 04:35:44.267655+02
124	WorldOfWarcraft	0004_remove_worldofwarcraftarenaboostorder_choose_champions_and_more	2024-03-08 07:00:22.598999+02
125	account	0001_initial	2024-03-08 17:06:57.907873+02
126	account	0002_email_max_length	2024-03-08 17:06:57.952138+02
127	account	0003_alter_emailaddress_create_unique_verified_email	2024-03-08 17:06:58.070929+02
128	account	0004_alter_emailaddress_drop_unique_email	2024-03-08 17:06:58.136417+02
129	account	0005_emailaddress_idx_upper_email	2024-03-08 17:06:58.185263+02
130	oauth2_provider	0001_initial	2024-03-08 17:06:58.620195+02
131	oauth2_provider	0002_auto_20190406_1805	2024-03-08 17:06:58.700979+02
132	oauth2_provider	0003_auto_20201211_1314	2024-03-08 17:06:58.754837+02
133	oauth2_provider	0004_auto_20200902_2022	2024-03-08 17:06:59.139072+02
134	oauth2_provider	0005_auto_20211222_2352	2024-03-08 17:06:59.580871+02
135	oauth2_provider	0006_alter_application_client_secret	2024-03-08 17:06:59.762386+02
136	oauth2_provider	0007_application_post_logout_redirect_uris	2024-03-08 17:06:59.891069+02
137	socialaccount	0001_initial	2024-03-08 17:11:47.086263+02
138	socialaccount	0002_token_max_lengths	2024-03-08 17:11:47.149105+02
139	socialaccount	0003_extra_data_default_dict	2024-03-08 17:11:47.202988+02
140	socialaccount	0004_app_provider_id_settings	2024-03-08 17:11:47.258838+02
141	socialaccount	0005_socialtoken_nullable_app	2024-03-08 17:11:47.341969+02
142	socialaccount	0006_alter_socialaccount_extra_data	2024-03-08 17:11:47.40491+02
143	accounts	0030_baseuser_activation_code_baseuser_activation_time_and_more	2024-03-08 19:48:38.396777+02
144	WorldOfWarcraft	0005_rename_is_arena_2x2_worldofwarcraftarenaboostorder_is_arena_2vs2	2024-03-10 11:48:47.710392+02
145	hearthstone	0003_remove_hearthstonedivisionorder_select_champion_and_more	2024-03-10 11:48:47.824677+02
146	valorant	0002_rename_choose_agents_valorantdivisionorder_select_champion_and_more	2024-03-10 11:48:47.888942+02
147	wildRift	0005_rename_booster_champions_wildriftdivisionorder_select_champion	2024-03-10 11:48:47.92667+02
148	accounts	0031_alter_baseorder_promo_code	2024-03-11 13:48:18.783626+02
149	accounts	0032_remove_baseorder_promo_code	2024-03-11 13:51:13.343082+02
150	accounts	0033_baseorder_promo_code	2024-03-11 13:51:34.340336+02
151	accounts	0034_tokenforpay_invoice_alter_tokenforpay_token_and_more	2024-03-11 18:09:44.850492+02
152	accounts	0035_alter_tokenforpay_invoice	2024-03-11 18:10:44.451068+02
153	dota2	0006_dota2mmrprice_dota2placement_dota2placementorder_and_more	2024-03-13 12:17:38.809489+02
154	pubg	0003_remove_pubgmark_marks_0_20_and_more	2024-03-13 13:09:51.566642+02
155	pubg	0004_pubgmark_marks_0_20_pubgmark_marks_21_40_and_more	2024-03-13 13:12:51.570591+02
156	dota2	0007_dota2rankboostorder_mmr_price	2024-03-14 22:19:45.650912+02
157	pubg	0005_alter_pubgdivisionorder_current_division_and_more	2024-03-14 22:19:45.745127+02
158	leagueOfLegends	0003_rename_choose_champions_leagueoflegendsplacementorder_select_champion_and_more	2024-03-17 13:58:56.050052+02
159	rocketLeague	0003_rocketleagueseasonalorder_created_at_and_more	2024-03-17 14:01:50.768807+02
160	tft	0002_remove_tftdivisionorder_speed_up_boost_and_more	2024-03-17 14:01:50.866129+02
161	valorant	0003_valorantplacementorder_created_at	2024-03-17 14:01:50.905769+02
162	rocketLeague	0004_rocketleagueplacementorder_created_at	2024-03-17 14:02:00.697389+02
163	csgo2	0001_initial	2024-03-17 15:26:34.898794+02
164	overwatch2	0005_rename_choose_champions_overwatch2placementorder_select_champions_and_more	2024-03-17 15:26:35.072962+02
165	csgo2	0002_remove_csgo2placementorder_last_rank_and_more	2024-03-17 16:19:08.627269+02
166	csgo2	0003_remove_csgo2mark_rank_remove_csgo2tier_rank_and_more	2024-03-17 16:22:36.84372+02
167	csgo2	0004_initial	2024-03-17 16:22:53.927535+02
168	csgo2	0005_csgo2premierorder_csgofaceitorder	2024-03-17 20:26:48.636118+02
169	customer	0001_initial	2024-03-18 21:21:48.289836+02
170	customer	0002_rename_champions_champion	2024-03-18 21:37:04.129455+02
171	accounts	0036_alter_baseorder_game_type	2024-03-20 21:00:30.40289+02
172	csgo2	0006_csgo2premierprice_csgo2premierrank_csgofaceitprice_and_more	2024-03-20 21:00:31.126422+02
174	customer	0004_champion_delete_championc	2024-03-22 06:19:53.179844+02
175	customer	0005_championc_delete_champion	2024-03-22 06:31:37.060913+02
176	customer	0006_champion_delete_championc	2024-03-22 06:31:53.559141+02
177	customer	0007_championc_delete_champion	2024-03-22 06:34:53.246058+02
178	customer	0008_champion_delete_championc	2024-03-22 06:35:14.153641+02
179	accounts	0037_baseorder_customer_username_baseorder_pause	2024-03-29 16:47:14.817438+02
180	chat	0002_alter_message_msg_type	2024-03-29 16:47:14.855337+02
181	booster	0012_booster_achived_rank_dota2	2024-03-29 16:54:41.913161+02
182	booster	0013_booster_achived_rank_csgo2	2024-03-29 16:56:47.831709+02
183	booster	0014_booster_achived_rank_hok	2024-03-29 17:53:45.155587+02
184	booster	0015_rename_achived_rank_modleg_booster_achived_rank_mobleg	2024-03-29 18:50:37.174387+02
185	leagueOfLegends	0004_leagueoflegendsdivisionorder_champions_and_more	2024-03-31 17:13:14.009444+02
186	valorant	0004_valorantdivisionorder_champions_and_more	2024-03-31 17:13:14.290248+02
187	wildRift	0006_wildriftdivisionorder_champions	2024-03-31 17:13:14.403005+02
188	accounts	0038_alter_baseorder_finish_image	2024-04-01 07:56:52.829919+02
189	accounts	0039_boosterpercent_booster_percent5	2024-04-03 06:50:28.048994+02
190	accounts	0040_alter_baseuser_activation_code_and_more	2024-04-03 17:39:16.525436+02
191	booster	0016_workwithus	2024-04-04 05:01:33.727572+02
192	booster	0017_photo	2024-04-04 05:10:53.20885+02
193	booster	0018_rename_is_wf_player_booster_is_wr_player_and_more	2024-04-05 06:13:15.797278+02
194	accounts	0041_alter_baseorder_booster	2024-04-08 17:12:05.621774+02
195	booster	0019_rename_image_booster_profile_image_and_more	2024-04-08 17:12:06.067816+02
196	mobileLegends	0011_mobilelegendsmark2_delete_mobilelegendsmark	2024-04-11 19:06:50.777257+02
197	mobileLegends	0012_mobilelegendsmark_delete_mobilelegendsmark2	2024-04-11 19:07:09.737284+02
198	accounts	0042_baseuser_date_of_birth	2024-04-13 15:09:29.321698+02
199	mobileLegends	0013_mobilelegendsplacementorder_created_at_and_more	2024-04-13 15:30:30.843768+02
200	leagueOfLegends	0005_leagueoflegendsdivisionorder_updated_at_and_more	2024-04-13 15:35:25.38196+02
201	WorldOfWarcraft	0006_worldofwarcraftarenaboostorder_updated_at_and_more	2024-04-14 12:10:46.766215+02
202	WorldOfWarcraft	0007_worldofwarcraftrank1_and_more	2024-04-14 12:11:51.872051+02
203	booster	0020_alter_booster_achived_rank_wow	2024-04-14 12:14:26.966124+02
204	WorldOfWarcraft	0008_delete_worldofwarcraftrank	2024-04-14 12:14:26.987008+02
205	WorldOfWarcraft	0009_worldofwarcraftrank_and_more	2024-04-14 12:14:27.248341+02
206	booster	0021_alter_booster_achived_rank_wow	2024-04-14 12:14:27.364062+02
207	WorldOfWarcraft	0010_delete_worldofwarcraftrank1	2024-04-14 12:14:27.378752+02
208	WorldOfWarcraft	0011_worldofwarcraftrank1_and_more	2024-04-14 12:14:44.982095+02
209	booster	0022_alter_booster_achived_rank_wow	2024-04-14 12:14:45.09962+02
210	WorldOfWarcraft	0012_delete_worldofwarcraftrank	2024-04-14 12:14:45.11561+02
211	WorldOfWarcraft	0013_worldofwarcraftrank_and_more	2024-04-14 12:14:59.260867+02
212	booster	0023_alter_booster_achived_rank_wow	2024-04-14 12:14:59.380508+02
213	WorldOfWarcraft	0014_delete_worldofwarcraftrank1	2024-04-14 12:14:59.387489+02
214	WorldOfWarcraft	0015_remove_worldofwarcraftrank_end_rp_and_more	2024-04-14 12:16:05.58388+02
215	pubg	0006_pubgdivisionorder_updated_at	2024-04-14 12:49:26.797662+02
216	hearthstone	0004_hearthstonedivisionorder_updated_at	2024-04-14 17:15:46.515883+02
217	honorOfKings	0003_honorofkingsdivisionorder_updated_at	2024-04-14 17:25:33.236837+02
218	overwatch2	0006_overwatch2placementorder_role	2024-04-14 18:19:32.951628+02
219	accounts	0043_test	2024-04-14 21:50:12.281193+02
220	accounts	0044_delete_test_remove_baseuser_profile_image	2024-04-15 06:08:12.619261+02
221	booster	0024_booster_paypal_account	2024-04-15 06:11:53.09098+02
222	booster	0024_alter_booster_games_alter_workwithus_game	2024-04-15 06:52:47.892974+02
223	leagueOfLegends	0006_alter_leagueoflegendsdivisionorder_champions_and_more	2024-04-15 06:52:48.072495+02
224	valorant	0005_alter_valorantdivisionorder_champions_and_more	2024-04-15 06:52:48.250066+02
225	wildRift	0007_alter_wildriftdivisionorder_champions	2024-04-15 06:52:48.330851+02
226	default	0001_initial	2024-04-15 15:01:47.48064+02
227	social_auth	0001_initial	2024-04-15 15:01:47.485624+02
228	default	0002_add_related_name	2024-04-15 15:01:47.586354+02
229	social_auth	0002_add_related_name	2024-04-15 15:01:47.589346+02
230	default	0003_alter_email_max_length	2024-04-15 15:01:47.613928+02
231	social_auth	0003_alter_email_max_length	2024-04-15 15:01:47.620909+02
232	default	0004_auto_20160423_0400	2024-04-15 15:01:47.665788+02
233	social_auth	0004_auto_20160423_0400	2024-04-15 15:01:47.668808+02
234	social_auth	0005_auto_20160727_2333	2024-04-15 15:01:47.685734+02
235	social_django	0006_partial	2024-04-15 15:01:47.719008+02
236	social_django	0007_code_timestamp	2024-04-15 15:01:47.737664+02
237	social_django	0008_partial_timestamp	2024-04-15 15:01:47.759605+02
238	social_django	0009_auto_20191118_0520	2024-04-15 15:01:47.832411+02
239	social_django	0010_uid_db_index	2024-04-15 15:01:47.884403+02
240	social_django	0011_alter_id_fields	2024-04-15 15:01:48.03654+02
241	social_django	0012_usersocialauth_extra_data_new	2024-04-15 15:01:48.092362+02
242	social_django	0013_migrate_extra_data	2024-04-15 15:01:48.208611+02
243	social_django	0014_remove_usersocialauth_extra_data	2024-04-15 15:01:48.253957+02
244	social_django	0015_rename_extra_data_new_usersocialauth_extra_data	2024-04-15 15:01:48.3008+02
245	social_django	0001_initial	2024-04-15 15:01:48.316788+02
246	social_django	0004_auto_20160423_0400	2024-04-15 15:01:48.320853+02
247	social_django	0003_alter_email_max_length	2024-04-15 15:01:48.324843+02
248	social_django	0002_add_related_name	2024-04-15 15:01:48.33282+02
249	social_django	0005_auto_20160727_2333	2024-04-15 15:01:48.336837+02
250	wildRift	0007_wildriftrank1_and_more	2024-04-16 01:25:56.842392+02
251	booster	0025_alter_booster_achived_rank_wr	2024-04-16 01:25:56.859347+02
252	wildRift	0008_delete_wildriftrank	2024-04-16 01:25:56.865332+02
253	wildRift	0009_wildriftrank_and_more	2024-04-16 01:25:56.872342+02
254	booster	0026_alter_booster_achived_rank_wr	2024-04-16 01:25:56.882286+02
255	wildRift	0010_delete_wildriftrank1	2024-04-16 01:25:56.88827+02
256	wildRift	0011_wildriftrank1_and_more	2024-04-16 01:25:56.897245+02
257	booster	0027_alter_booster_achived_rank_wr	2024-04-16 01:25:56.904226+02
258	wildRift	0012_delete_wildriftrank	2024-04-16 01:25:56.913234+02
259	wildRift	0013_wildriftrank_and_more	2024-04-16 01:25:56.920184+02
260	booster	0028_alter_booster_achived_rank_wr	2024-04-16 01:25:56.92916+02
261	wildRift	0014_delete_wildriftrank1	2024-04-16 01:25:56.936141+02
262	wildRift	0015_wildriftrank1_and_more	2024-04-16 01:27:38.733681+02
263	booster	0029_alter_booster_achived_rank_wr	2024-04-16 01:27:38.748642+02
264	wildRift	0016_delete_wildriftrank	2024-04-16 01:27:38.75662+02
265	wildRift	0017_wildriftrank_and_more	2024-04-16 01:27:38.762603+02
266	booster	0030_alter_booster_achived_rank_wr	2024-04-16 01:27:38.77158+02
267	wildRift	0018_delete_wildriftrank1	2024-04-16 01:27:38.778568+02
268	wildRift	0019_wildriftrank1_and_more	2024-04-16 01:30:38.830135+02
269	booster	0031_alter_booster_achived_rank_wr	2024-04-16 01:30:38.978881+02
270	wildRift	0020_delete_wildriftrank	2024-04-16 01:30:38.991817+02
271	wildRift	0021_wildriftrank_and_more	2024-04-16 01:31:03.46942+02
272	booster	0032_alter_booster_achived_rank_wr	2024-04-16 01:31:03.588072+02
273	wildRift	0022_delete_wildriftrank1	2024-04-16 01:31:03.60447+02
274	wildRift	0023_wildriftrank1_and_more	2024-04-16 01:33:22.333745+02
275	booster	0033_alter_booster_achived_rank_wr	2024-04-16 01:33:22.452427+02
276	wildRift	0024_delete_wildriftrank	2024-04-16 01:33:22.463399+02
277	wildRift	0025_wildriftrank_and_more	2024-04-16 01:33:22.944112+02
278	booster	0034_alter_booster_achived_rank_wr	2024-04-16 01:33:23.062794+02
279	wildRift	0026_delete_wildriftrank1	2024-04-16 01:33:23.07642+02
280	wildRift	0027_wildriftrank1_and_more	2024-04-16 01:33:41.915328+02
281	booster	0035_alter_booster_achived_rank_wr	2024-04-16 01:33:42.030571+02
282	wildRift	0028_delete_wildriftrank	2024-04-16 01:33:42.044947+02
283	wildRift	0029_rename_wildriftrank1_wildriftrank	2024-04-16 01:34:00.857457+02
284	wildRift	0030_remove_wildriftmark_tier	2024-04-16 01:37:37.452734+02
285	rocketLeague	0005_rocketleagueplacement1_rocketleaguerank1_and_more	2024-04-16 01:54:07.318579+02
286	booster	0036_alter_booster_achived_rank_rl	2024-04-16 01:54:07.433829+02
287	rocketLeague	0006_delete_rocketleaguerank_delete_rocketleagueseasonal_and_more	2024-04-16 01:54:07.447537+02
288	rocketLeague	0007_rocketleagueplacement_rocketleaguerank_and_more	2024-04-16 01:54:46.484484+02
289	booster	0037_alter_booster_achived_rank_rl	2024-04-16 01:54:46.657023+02
290	rocketLeague	0008_delete_rocketleaguerank1_and_more	2024-04-16 01:54:46.686945+02
291	booster	0038_booster_profile_image_url	2024-04-17 07:57:47.76391+02
292	csgo2	0007_csgo2rank_rank_image_url	2024-04-17 09:07:29.130823+02
293	booster	0039_alter_booster_profile_image_and_more	2024-04-17 10:13:36.187341+02
294	booster	0040_alter_booster_profile_image	2024-04-17 10:14:21.274397+02
295	booster	0041_booster_choosen_chat_message_and_more	2024-04-20 04:13:52.910223+02
296	booster	0042_alter_booster_choosen_chat_message_and_more	2024-04-20 04:27:56.567054+02
297	accounts	0045_alter_baseorder_customer_gamename_and_more	2024-04-24 11:49:20.952822+02
298	booster	0043_createbooster	2024-04-24 11:49:20.977663+02
299	booster	0044_createbooster_is_csgo2_player_and_more	2024-04-24 12:36:39.552194+02
300	booster	0045_createbooster_email	2024-04-24 12:39:08.512972+02
301	accounts	0046_baseorder_approved	2024-04-24 21:48:53.855905+02
302	booster	0046_workwithus_about_you_workwithus_agree_privacy_and_more	2024-04-27 11:22:34.647155+03
303	customer	0009_customorder	2024-04-27 11:22:34.813544+03
304	booster	0047_alter_workwithus_agree_privacy	2024-04-27 21:24:02.926961+03
305	booster	0048_language_remove_workwithus_languages_and_more	2024-04-27 22:12:31.189119+03
306	booster	0049_alter_language_language	2024-04-29 10:33:06.191521+03
307	booster	0050_workwithuss_alter_photo_booster_delete_workwithus	2024-04-29 10:33:06.478888+03
308	booster	0051_workwithus_alter_photo_booster_delete_workwithuss	2024-04-29 10:33:06.700861+03
309	mobileLegends	0014_alter_mobilelegendsplacement_rank_image	2024-04-30 11:07:21.227783+03
310	accounts	0047_historicalbaseuser	2024-05-04 07:01:37.01113+03
311	dashboard	0001_initial	2024-05-04 07:32:04.625145+03
312	accounts	0048_delete_historicalbaseuser	2024-05-05 04:48:22.531114+03
313	booster	0052_remove_booster_languages_booster_languages	2024-05-05 04:48:22.784039+03
314	booster	0053_alter_booster_choosen_chat_message_and_more	2024-05-05 04:52:35.652354+03
315	booster	0054_alter_booster_profile_image_url	2024-05-05 04:53:46.491265+03
316	booster	0055_alter_booster_profile_image_url	2024-05-05 04:53:55.380861+03
317	booster	0056_alter_booster_profile_image_url	2024-05-05 04:54:42.338827+03
318	booster	0057_remove_booster_profile_image_url	2024-05-05 05:00:35.281109+03
319	booster	0058_alter_booster_profile_image	2024-05-05 05:06:32.397534+03
320	accounts	0049_baseorder_wins_number	2024-05-06 12:42:00.825571+03
321	accounts	0050_alter_baseorder_wins_number	2024-05-06 12:46:06.847406+03
322	accounts	0051_alter_baseorder_wins_number	2024-05-06 12:47:01.042854+03
323	booster	0059_alter_booster_profile_image	2024-05-11 20:16:55.131211+03
324	booster	0060_alter_booster_profile_image	2024-05-11 20:30:15.335234+03
325	accounts	0052_alter_baseorder_customer_gamename_and_more	2024-05-12 10:48:16.199864+03
326	accounts	0053_captchaimage	2024-05-12 14:06:43.18495+03
327	accounts	0054_captcha_delete_captchaimage	2024-05-12 14:28:14.663948+03
328	accounts	0055_captchaimage_delete_captcha	2024-05-12 14:59:34.233002+03
329	accounts	0056_captcha_delete_captchaimage	2024-05-12 15:05:42.117409+03
330	accounts	0057_baseorder_captcha	2024-05-12 15:13:53.222305+03
331	booster	0061_boosterportfolio_approved	2024-05-12 19:55:20.511576+03
332	booster	0062_boosterrank	2024-05-26 14:53:48.90409+03
333	booster	0063_alter_booster_achived_rank_csgo2_and_more	2024-05-26 15:35:26.023411+03
334	booster	0064_rename_rank_boosterrank_rank_name	2024-05-26 15:50:57.447863+03
335	booster	0065_testmodel	2024-05-27 05:38:04.908855+03
336	booster	0066_alter_testmodel_image	2024-05-27 06:28:45.791468+03
337	booster	0067_alter_testmodel_image	2024-05-27 07:02:02.379317+03
338	booster	0068_testmodel_image2	2024-05-27 07:05:07.580778+03
339	booster	0066_delete_testmodel	2024-05-27 07:26:13.594438+03
340	blog	0001_initial	2024-05-30 10:05:42.581188+03
341	blog	0002_alter_subheader_sub_header	2024-05-30 10:20:15.268241+03
342	blog	0003_alter_subheader_sub_header	2024-05-30 10:20:15.280839+03
343	blog	0004_remove_blog_top_sub_header_and_more	2024-05-30 10:26:36.513236+03
344	blog	0005_rename_subheader1_subheader	2024-05-30 10:26:52.598494+03
345	blog	0002_remove_subheader_blog_delete_blog_delete_subheader	2024-05-30 11:06:12.089599+03
346	blog	0002_alter_dj_options	2024-05-30 11:19:04.948351+03
347	blog	0003_blog_subheader	2024-05-30 11:19:35.941449+03
348	blog	0004_delete_dj	2024-05-30 11:26:01.648617+03
349	blog	0005_alter_blog_main_image_alter_blog_order_image	2024-05-30 11:35:08.14269+03
350	blog	0006_alter_blog_main_image_alter_blog_order_image	2024-05-30 11:35:37.337948+03
351	blog	0007_alter_blog_main_image_alter_blog_order_image	2024-05-30 11:41:52.666501+03
352	blog	0008_remove_blog_order_image_alter_blog_main_image	2024-05-30 12:12:38.700753+03
353	blog	0009_blog_order_image	2024-05-30 12:18:46.779431+03
354	blog	0010_blogorder_remove_blog_order_image_and_more	2024-05-30 17:11:31.353166+03
355	booster	0065_boosterrank_base	2024-05-30 17:50:03.189902+03
356	booster	0066_remove_boosterrank_base	2024-05-30 18:31:09.973326+03
357	news	0001_initial	2024-05-30 18:31:10.059924+03
358	news	0002_blog_order_image2	2024-05-30 18:42:41.72498+03
359	news	0003_blog_main_image2	2024-05-30 19:23:14.240063+03
\.


--
-- Data for Name: django_q_ormq; Type: TABLE DATA; Schema: public; Owner: postgres
--

COPY public.django_q_ormq (id, key, payload, lock) FROM stdin;
1	gameBoosterss	gAWVAwEAAAAAAAB9lCiMAmlklIwgZDAxYTA2MDYyMGZlNDI0ZjkzMWVkY2Y1NmEzYmQyYjSUjARuYW1llIwac2t5bGFyay1zdGFpcndheS1vbmUtZWFydGiUjARmdW5jlIwZYWNjb3VudHMuY29udHJvbGxlci50YXNrc5SMFHVwZGF0ZV9kYXRhYmFzZV90YXNrlJOUjARhcmdzlEsBhZSMBmt3YXJnc5R9lIwHc3RhcnRlZJSMCGRhdGV0aW1llIwIZGF0ZXRpbWWUk5RDCgfoAhwEMQMF-z6UaA6MCHRpbWV6b25llJOUaA6MCXRpbWVkZWx0YZSTlEsASwBLAIeUUpSFlFKUhpRSlHUu:1rfBsN:n9DKJStG8N-jSX7EH9sfblNQI2FV7HK0kYvwzJqC-y4	2024-02-28 06:15:43.466798+02
2	gameBoosterss	gAWVDgEAAAAAAAB9lCiMAmlklIwgMWJkNzkwMzBjMGYyNDBiYjhhNzkyNjI0Yzk1NDEyYTOUjARuYW1llIwlanVsaWV0LXNpeHRlZW4td2FzaGluZ3Rvbi1jb25uZWN0aWN1dJSMBGZ1bmOUjBlhY2NvdW50cy5jb250cm9sbGVyLnRhc2tzlIwUdXBkYXRlX2RhdGFiYXNlX3Rhc2uUk5SMBGFyZ3OUSweFlIwGa3dhcmdzlH2UjAdzdGFydGVklIwIZGF0ZXRpbWWUjAhkYXRldGltZZSTlEMKB-gCHAUjDwdbd5RoDowIdGltZXpvbmWUk5RoDowJdGltZWRlbHRhlJOUSwBLAEsAh5RSlIWUUpSGlFKUdS4:1rfCb5:xEdP3EV3dXAc5cuEld5XF4lJe_Ro0ySDiFVCKRXYWTc	2024-02-28 07:01:55.537021+02
3	gameBoosterss	gAWVBwEAAAAAAAB9lCiMAmlklIwgM2NmOTgwOTIxZGYzNGE3MGEwMDFjNzVhNmU1YTgxMzWUjARuYW1llIwec3dlZXQtc3RlYWstZWlnaHRlZW4tbWFnbmVzaXVtlIwEZnVuY5SMGWFjY291bnRzLmNvbnRyb2xsZXIudGFza3OUjBR1cGRhdGVfZGF0YWJhc2VfdGFza5STlIwEYXJnc5RLDoWUjAZrd2FyZ3OUfZSMB3N0YXJ0ZWSUjAhkYXRldGltZZSMCGRhdGV0aW1llJOUQwoH6AIcBTQfC8SOlGgOjAh0aW1lem9uZZSTlGgOjAl0aW1lZGVsdGGUk5RLAEsASwCHlFKUhZRSlIaUUpR1Lg:1rfCrn:AqekhFVYRV0-Ir01DJOAHZAu_4a2cmrsop1d07fDw6o	2024-02-28 07:19:11.845019+02
4	gameBoosterss	gAWVAgEAAAAAAAB9lCiMAmlklIwgYWExMjYzOGE1OWRjNDQ5YWIyNzEwZmVmMTM5ZDAyMTGUjARuYW1llIwZZnJ1aXQtaGF3YWlpLWNhdC1uaXRyb2dlbpSMBGZ1bmOUjBlhY2NvdW50cy5jb250cm9sbGVyLnRhc2tzlIwUdXBkYXRlX2RhdGFiYXNlX3Rhc2uUk5SMBGFyZ3OUSxSFlIwGa3dhcmdzlH2UjAdzdGFydGVklIwIZGF0ZXRpbWWUjAhkYXRldGltZZSTlEMKB-gCHAYTBglNJZRoDowIdGltZXpvbmWUk5RoDowJdGltZWRlbHRhlJOUSwBLAEsAh5RSlIWUUpSGlFKUdS4:1rfDHW:ngdAkVKz4q-IKZrhreIDKsPhq9GuR67Knb2uox1iARY	2024-02-28 07:45:46.758212+02
5	gameBoosterss	gAWVBAEAAAAAAAB9lCiMAmlklIwgYzJjYzIyY2ExMTJjNDYxNDgwNzRiODczNmU2ZDkzOWWUjARuYW1llIwbdW5kcmVzcy1rYW5zYXMtZW5lbXktYXV0dW1ulIwEZnVuY5SMGWFjY291bnRzLmNvbnRyb2xsZXIudGFza3OUjBR1cGRhdGVfZGF0YWJhc2VfdGFza5STlIwEYXJnc5RLGIWUjAZrd2FyZ3OUfZSMB3N0YXJ0ZWSUjAhkYXRldGltZZSMCGRhdGV0aW1llJOUQwoH6AIdBCIDBX37lGgOjAh0aW1lem9uZZSTlGgOjAl0aW1lZGVsdGGUk5RLAEsASwCHlFKUhZRSlIaUUpR1Lg:1rfY7P:7FC6vhyXgV2RFMDYqg4Z74-bpI2I2atuoh1gkjy5mJ0	2024-02-29 06:00:43.503804+02
6	gameBoosterss	gAWVDQEAAAAAAAB9lCiMAmlklIwgMzM2MjcyYTU5OTBiNDkwZmE2ZGE3ODQ2YzE0N2FhMzKUjARuYW1llIwkbWFzc2FjaHVzZXR0cy1zdGVhay1mYW50YS1jYWxpZm9ybmlhlIwEZnVuY5SMGWFjY291bnRzLmNvbnRyb2xsZXIudGFza3OUjBR1cGRhdGVfZGF0YWJhc2VfdGFza5STlIwEYXJnc5RLGYWUjAZrd2FyZ3OUfZSMB3N0YXJ0ZWSUjAhkYXRldGltZZSMCGRhdGV0aW1llJOUQwoH6AIdBjIUDmNOlGgOjAh0aW1lem9uZZSTlGgOjAl0aW1lZGVsdGGUk5RLAEsASwCHlFKUhZRSlIaUUpR1Lg:1rfaFI:TSS-zM_xh0Eom-PPWv8f2gxOvGyQEab3RAr_zQqMJaY	2024-02-29 08:17:00.98867+02
7	gameBoosterss	gAWVBAEAAAAAAAB9lCiMAmlklIwgZDUzMmI3OTk4MGIyNDg4NTk4OGFjMzNiYjhhOGU3N2WUjARuYW1llIwbc2l4dGVlbi16dWx1LXZlZ2FuLW1pY2hpZ2FulIwEZnVuY5SMGWFjY291bnRzLmNvbnRyb2xsZXIudGFza3OUjBR1cGRhdGVfZGF0YWJhc2VfdGFza5STlIwEYXJnc5RLGoWUjAZrd2FyZ3OUfZSMB3N0YXJ0ZWSUjAhkYXRldGltZZSMCGRhdGV0aW1llJOUQwoH6AIdBjMiB907lGgOjAh0aW1lem9uZZSTlGgOjAl0aW1lZGVsdGGUk5RLAEsASwCHlFKUhZRSlIaUUpR1Lg:1rfaGU:QPrwhlOTrUjDGnekXwRPtWOp-__k0HMOi7mRiyYCltM	2024-02-29 08:18:14.559268+02
8	gameBoosterss	gAWVAgEAAAAAAAB9lCiMAmlklIwgOWVmZTViYjE5ZDM3NDAwNmE0YTgyZTdiODIyYjY5ZWaUjARuYW1llIwZbWlrZS12ZXJtb250LWhhcHB5LWRha290YZSMBGZ1bmOUjBlhY2NvdW50cy5jb250cm9sbGVyLnRhc2tzlIwUdXBkYXRlX2RhdGFiYXNlX3Rhc2uUk5SMBGFyZ3OUSxuFlIwGa3dhcmdzlH2UjAdzdGFydGVklIwIZGF0ZXRpbWWUjAhkYXRldGltZZSTlEMKB-gCHQcLEg2t-ZRoDowIdGltZXpvbmWUk5RoDowJdGltZWRlbHRhlJOUSwBLAEsAh5RSlIWUUpSGlFKUdS4:1rfaZa:cda5jw_80sj55T8vr3gh1Xy_6DGKjT5iwl_WnvryPzM	2024-02-29 08:37:58.975296+02
9	gameBoosterss	gAWV_gAAAAAAAAB9lCiMAmlklIwgODA0ZjEyZmUzMTc0NGJhNWJiMjA3MDZjYzI5M2ViOWKUjARuYW1llIwVY2F0LXBhcGEtbWF5LWNhcm9saW5hlIwEZnVuY5SMGWFjY291bnRzLmNvbnRyb2xsZXIudGFza3OUjBR1cGRhdGVfZGF0YWJhc2VfdGFza5STlIwEYXJnc5RLHIWUjAZrd2FyZ3OUfZSMB3N0YXJ0ZWSUjAhkYXRldGltZZSMCGRhdGV0aW1llJOUQwoH6AIdCAkKCvpmlGgOjAh0aW1lem9uZZSTlGgOjAl0aW1lZGVsdGGUk5RLAEsASwCHlFKUhZRSlIaUUpR1Lg:1rfbTa:9rUXN_h68V7Qlcj1ZXuKg4-CIFA5kWr2VAyNXYhIOlY	2024-02-29 09:35:50.865605+02
10	gameBoosterss	gAWVCgEAAAAAAAB9lCiMAmlklIwgNWRiNjEzMDEyNDI1NDZiN2JiYzAwYjI0MmRiNGU3ZTKUjARuYW1llIwhd29sZnJhbS12aXJnaW5pYS1nbHVjb3NlLW5pbmV0ZWVulIwEZnVuY5SMGWFjY291bnRzLmNvbnRyb2xsZXIudGFza3OUjBR1cGRhdGVfZGF0YWJhc2VfdGFza5STlIwEYXJnc5RLHYWUjAZrd2FyZ3OUfZSMB3N0YXJ0ZWSUjAhkYXRldGltZZSMCGRhdGV0aW1llJOUQwoH6AMBERg1BCC5lGgOjAh0aW1lem9uZZSTlGgOjAl0aW1lZGVsdGGUk5RLAEsASwCHlFKUhZRSlIaUUpR1Lg:1rg6cv:VAw6AxJ0yegKgEbDIRgRTcekzcB9E6umOP649pJ1Gq0	2024-03-01 18:51:33.360269+02
11	gameBoosterss	gAWVCQEAAAAAAAB9lCiMAmlklIwgM2UzZTdiNzYyYTc2NDQyZGJlNDM5ODRmMjNiOTk3ZDaUjARuYW1llIwgYXVndXN0LWRvdWJsZS1jb2xvcmFkby10ZW5uZXNzZWWUjARmdW5jlIwZYWNjb3VudHMuY29udHJvbGxlci50YXNrc5SMFHVwZGF0ZV9kYXRhYmFzZV90YXNrlJOUjARhcmdzlEsehZSMBmt3YXJnc5R9lIwHc3RhcnRlZJSMCGRhdGV0aW1llIwIZGF0ZXRpbWWUk5RDCgfoAwERLzMHv5iUaA6MCHRpbWV6b25llJOUaA6MCXRpbWVkZWx0YZSTlEsASwBLAIeUUpSFlFKUhpRSlHUu:1rg6z9:ARGoDuw6szT5VmQMjVrS8QKiHhQne0eiTf1ddWFYcVQ	2024-03-01 19:14:31.639454+02
12	gameBoosterss	gAWVAwEAAAAAAAB9lCiMAmlklIwgYmU0NDBkMzg0ODZhNGVhOGFjYTA2NjE5MzIwZjc2ZDmUjARuYW1llIwac291dGgtc2hhZGUta2l0dGVuLW1vbnRhbmGUjARmdW5jlIwZYWNjb3VudHMuY29udHJvbGxlci50YXNrc5SMFHVwZGF0ZV9kYXRhYmFzZV90YXNrlJOUjARhcmdzlEsihZSMBmt3YXJnc5R9lIwHc3RhcnRlZJSMCGRhdGV0aW1llIwIZGF0ZXRpbWWUk5RDCgfoAwESBQYCAj-UaA6MCHRpbWV6b25llJOUaA6MCXRpbWVkZWx0YZSTlEsASwBLAIeUUpSFlFKUhpRSlHUu:1rg7Fq:Zj9vWRBTK5QYWrKYB0UJJAZBOQV5T1v53I4bg3xEFSY	2024-03-01 19:31:46.265289+02
13	gameBoosterss	gAWVAwEAAAAAAAB9lCiMAmlklIwgNjBhZWY3ODYwZDZkNDRkZmFlMTI1MTZmMTI2M2RkOGOUjARuYW1llIwac2FsYW1pLXhyYXktbWFuZ28tY2FyZGluYWyUjARmdW5jlIwZYWNjb3VudHMuY29udHJvbGxlci50YXNrc5SMFHVwZGF0ZV9kYXRhYmFzZV90YXNrlJOUjARhcmdzlEskhZSMBmt3YXJnc5R9lIwHc3RhcnRlZJSMCGRhdGV0aW1llIwIZGF0ZXRpbWWUk5RDCgfoAwESKzIE8lKUaA6MCHRpbWV6b25llJOUaA6MCXRpbWVkZWx0YZSTlEsASwBLAIeUUpSFlFKUhpRSlHUu:1rg7rK:2Y0NTSHbK2c3EO1LaTFOjBoxHHdv666BxaWf7yt_eGo	2024-03-01 20:10:30.444855+02
14	gameBoosterss	gAWVBAEAAAAAAAB9lCiMAmlklIwgMmJjNWUzNDljYmJkNDViYWFiMDdiYjA3OTk3NjlkYmSUjARuYW1llIwbZmlsbGV0LW1pY2hpZ2FuLWJhY29uLXNvdXRolIwEZnVuY5SMGWFjY291bnRzLmNvbnRyb2xsZXIudGFza3OUjBR1cGRhdGVfZGF0YWJhc2VfdGFza5STlIwEYXJnc5RLJYWUjAZrd2FyZ3OUfZSMB3N0YXJ0ZWSUjAhkYXRldGltZZSMCGRhdGV0aW1llJOUQwoH6AMBEjowAh5LlGgOjAh0aW1lem9uZZSTlGgOjAl0aW1lZGVsdGGUk5RLAEsASwCHlFKUhZRSlIaUUpR1Lg:1rg85o:luwk9SnJl3w3h8Ze1O7aQNXOEHfvBArfq4T1W2vssgk	2024-03-01 20:25:28.272469+02
15	gameBoosterss	gAWVBQEAAAAAAAB9lCiMAmlklIwgMTljN2QxZGI0NjAyNGUyZjhlM2IxMTIwNTNhMTNlZDmUjARuYW1llIwcc3RlYWstY2hhcmxpZS1tYXJzLWJlcnlsbGl1bZSMBGZ1bmOUjBlhY2NvdW50cy5jb250cm9sbGVyLnRhc2tzlIwUdXBkYXRlX2RhdGFiYXNlX3Rhc2uUk5SMBGFyZ3OUSyeFlIwGa3dhcmdzlH2UjAdzdGFydGVklIwIZGF0ZXRpbWWUjAhkYXRldGltZZSTlEMKB-gDBAYEHgGXVJRoDowIdGltZXpvbmWUk5RoDowJdGltZWRlbHRhlJOUSwBLAEsAh5RSlIWUUpSGlFKUdS4:1rh1R8:CE94aZ5IERJ4_mmziWa90i3Xgd_EnZtJPGpNtXF1QAE	2024-03-04 07:31:10.147161+02
16	gameBoosterss	gAWVBwEAAAAAAAB9lCiMAmlklIwgMzUxOGQ0MDQwN2UyNDRkYWJjMGM3ZTM4OTc3M2U3OWWUjARuYW1llIweeWVsbG93LWxpdGhpdW0td2lubmVyLW5pdHJvZ2VulIwEZnVuY5SMGWFjY291bnRzLmNvbnRyb2xsZXIudGFza3OUjBR1cGRhdGVfZGF0YWJhc2VfdGFza5STlIwEYXJnc5RLKIWUjAZrd2FyZ3OUfZSMB3N0YXJ0ZWSUjAhkYXRldGltZZSMCGRhdGV0aW1llJOUQwoH6AMFDCYmAk5ylGgOjAh0aW1lem9uZZSTlGgOjAl0aW1lZGVsdGGUk5RLAEsASwCHlFKUhZRSlIaUUpR1Lg:1rhU46:zUCJ9Kpd7qCwFfodKk1lpzUV7YvDfyhnZj-CRgX7laI	2024-03-05 14:05:18.226932+02
17	gameBoosterss	gAWVBAEAAAAAAAB9lCiMAmlklIwgODk2NzE3ZTAwMDRlNDJhMWFhNTU0ZTQzY2E2YmRjMzOUjARuYW1llIwbYmx1ZWJpcmQtcGFzdGEtd2VzdC1mb3h0cm90lIwEZnVuY5SMGWFjY291bnRzLmNvbnRyb2xsZXIudGFza3OUjBR1cGRhdGVfZGF0YWJhc2VfdGFza5STlIwEYXJnc5RLLIWUjAZrd2FyZ3OUfZSMB3N0YXJ0ZWSUjAhkYXRldGltZZSMCGRhdGV0aW1llJOUQwoH6AMFESEyAsfQlGgOjAh0aW1lem9uZZSTlGgOjAl0aW1lZGVsdGGUk5RLAEsASwCHlFKUhZRSlIaUUpR1Lg:1rhYfm:blVKfHKQeU3G54i4O-C3phUYRrDLaQlk7sUvZbj_32Y	2024-03-05 19:00:30.238073+02
18	gameBoosterss	gAWVAQEAAAAAAAB9lCiMAmlklIwgM2FjMDBkY2Q0MzgwNGU5NDlkMTRmYTNmNDA2Njc0MWGUjARuYW1llIwYZWR3YXJkLWJsdWViaXJkLWZvdXItZml4lIwEZnVuY5SMGWFjY291bnRzLmNvbnRyb2xsZXIudGFza3OUjBR1cGRhdGVfZGF0YWJhc2VfdGFza5STlIwEYXJnc5RLLYWUjAZrd2FyZ3OUfZSMB3N0YXJ0ZWSUjAhkYXRldGltZZSMCGRhdGV0aW1llJOUQwoH6AMFESMRAKcDlGgOjAh0aW1lem9uZZSTlGgOjAl0aW1lZGVsdGGUk5RLAEsASwCHlFKUhZRSlIaUUpR1Lg:1rhYhB:duXe9rqCGYEzqoWaH4IqWVvxNzRYdH-fr57JDXtIltM	2024-03-05 19:01:57.206326+02
19	gameBoosterss	gAWV_wAAAAAAAAB9lCiMAmlklIwgMGM0ZDc5OWEwZDRiNDJjMzlhYmNkODBjNTk3MWY2MjeUjARuYW1llIwWb2hpby1zaW5rLXdlc3Qtd29sZnJhbZSMBGZ1bmOUjBlhY2NvdW50cy5jb250cm9sbGVyLnRhc2tzlIwUdXBkYXRlX2RhdGFiYXNlX3Rhc2uUk5SMBGFyZ3OUSy6FlIwGa3dhcmdzlH2UjAdzdGFydGVklIwIZGF0ZXRpbWWUjAhkYXRldGltZZSTlEMKB-gDBREkLgt8oJRoDowIdGltZXpvbmWUk5RoDowJdGltZWRlbHRhlJOUSwBLAEsAh5RSlIWUUpSGlFKUdS4:1rhYic:2DcD_diHeayw2LBTJSXFscrq_FoJOwejCxJrCKQerxc	2024-03-05 19:03:26.85354+02
20	gameBoosterss	gAWVAwEAAAAAAAB9lCiMAmlklIwgMDBlZjEzNGQ3ZDFhNGNmYjljZDJhNjQxZGFlMDE4NjeUjARuYW1llIwacGx1dG8tc3BhZ2hldHRpLW92ZW4tZmluY2iUjARmdW5jlIwZYWNjb3VudHMuY29udHJvbGxlci50YXNrc5SMFHVwZGF0ZV9kYXRhYmFzZV90YXNrlJOUjARhcmdzlEsvhZSMBmt3YXJnc5R9lIwHc3RhcnRlZJSMCGRhdGV0aW1llIwIZGF0ZXRpbWWUk5RDCgfoAwURJiAHfkiUaA6MCHRpbWV6b25llJOUaA6MCXRpbWVkZWx0YZSTlEsASwBLAIeUUpSFlFKUhpRSlHUu:1rhYkK:_ETtbNgobKzUk_ixCB-4eX4vtQ8W9IyapIV6z8RCIJQ	2024-03-05 19:05:12.602786+02
21	gameBoosterss	gAWVAwEAAAAAAAB9lCiMAmlklIwgYzU4MTk0ZmYwZmQ0NGY5MGEwNTMwZDYwYjNiNjliNjSUjARuYW1llIwaZGFrb3RhLWFscGhhLW5vcnRoLXd5b21pbmeUjARmdW5jlIwZYWNjb3VudHMuY29udHJvbGxlci50YXNrc5SMFHVwZGF0ZV9kYXRhYmFzZV90YXNrlJOUjARhcmdzlEswhZSMBmt3YXJnc5R9lIwHc3RhcnRlZJSMCGRhdGV0aW1llIwIZGF0ZXRpbWWUk5RDCgfoAwURKDkF6L6UaA6MCHRpbWV6b25llJOUaA6MCXRpbWVkZWx0YZSTlEsASwBLAIeUUpSFlFKUhpRSlHUu:1rhYmf:HI3dVvkriHLhT-nMQjdc7zs4ZQPfLU3anxQwqvzHH1A	2024-03-05 19:07:37.502953+02
22	gameBoosterss	gAWVBgEAAAAAAAB9lCiMAmlklIwgNjBkNzY1NzQ3OTJlNGZhNmEyOTg0ODc5NzA1N2EyNjOUjARuYW1llIwdb3Jhbmdlcy1zYWQtYXNwYXJhZ3VzLXVuZHJlc3OUjARmdW5jlIwZYWNjb3VudHMuY29udHJvbGxlci50YXNrc5SMFHVwZGF0ZV9kYXRhYmFzZV90YXNrlJOUjARhcmdzlEsxhZSMBmt3YXJnc5R9lIwHc3RhcnRlZJSMCGRhdGV0aW1llIwIZGF0ZXRpbWWUk5RDCgfoAwURKzEGA36UaA6MCHRpbWV6b25llJOUaA6MCXRpbWVkZWx0YZSTlEsASwBLAIeUUpSFlFKUhpRSlHUu:1rhYpR:yZ7PJJ-kkGYpEd6Czytn5eHBev35-Bt5h1vJjkJsF2U	2024-03-05 19:10:29.491853+02
23	gameBoosterss	gAWVAwEAAAAAAAB9lCiMAmlklIwgNWMyZWM3NDNmNDFiNGM5M2FjMjkyNzkxYjJlNDExMjaUjARuYW1llIwad2lubmVyLWRlY2VtYmVyLWRpZXQtaWRhaG-UjARmdW5jlIwZYWNjb3VudHMuY29udHJvbGxlci50YXNrc5SMFHVwZGF0ZV9kYXRhYmFzZV90YXNrlJOUjARhcmdzlEsyhZSMBmt3YXJnc5R9lIwHc3RhcnRlZJSMCGRhdGV0aW1llIwIZGF0ZXRpbWWUk5RDCgfoAwURLSENQG-UaA6MCHRpbWV6b25llJOUaA6MCXRpbWVkZWx0YZSTlEsASwBLAIeUUpSFlFKUhpRSlHUu:1rhYr7:zaoFRmH5wMFJeTAWPeNde167lauh8eua9y2w_PblyNA	2024-03-05 19:12:13.98515+02
24	gameBoosterss	gAWVCAEAAAAAAAB9lCiMAmlklIwgZjkwZjI5ZjMyNDU1NGU4Y2I4ZmRjNTdkNjRmMmFkMGaUjARuYW1llIwfY29ubmVjdGljdXQtcHJpbmNlc3MteWVsbG93LWRvbpSMBGZ1bmOUjBlhY2NvdW50cy5jb250cm9sbGVyLnRhc2tzlIwUdXBkYXRlX2RhdGFiYXNlX3Rhc2uUk5SMBGFyZ3OUSzOFlIwGa3dhcmdzlH2UjAdzdGFydGVklIwIZGF0ZXRpbWWUjAhkYXRldGltZZSTlEMKB-gDBREwOw6EzZRoDowIdGltZXpvbmWUk5RoDowJdGltZWRlbHRhlJOUSwBLAEsAh5RSlIWUUpSGlFKUdS4:1rhYuR:GqEhxILLDEkndNJlS1xQtcxCMVN2GvSSvBlifGTyzPg	2024-03-05 19:15:40.072179+02
25	gameBoosterss	gAWVBQEAAAAAAAB9lCiMAmlklIwgYmNmNmEzODg4Y2ZmNDVmMDg4OTFmMTQzYjc3MGRlZTiUjARuYW1llIwcaWRhaG8tc2luZ2xlLXBhcGEtd2FzaGluZ3RvbpSMBGZ1bmOUjBlhY2NvdW50cy5jb250cm9sbGVyLnRhc2tzlIwUdXBkYXRlX2RhdGFiYXNlX3Rhc2uUk5SMBGFyZ3OUSzSFlIwGa3dhcmdzlH2UjAdzdGFydGVklIwIZGF0ZXRpbWWUjAhkYXRldGltZZSTlEMKB-gDBREyDQMi4ZRoDowIdGltZXpvbmWUk5RoDowJdGltZWRlbHRhlJOUSwBLAEsAh5RSlIWUUpSGlFKUdS4:1rhYvd:YSUh9OTuk3z2DCAfI7tT2a2oDBKbSHWPCnOYJg1bsnk	2024-03-05 19:16:53.326189+02
26	gameBoosterss	gAWVCQEAAAAAAAB9lCiMAmlklIwgYzc0MmU1NTIxZTU1NDZjZTlmYmY3ZThlMmVhNDkzNDWUjARuYW1llIwgZGVsdGEtc2V2ZW50ZWVuLXNwYWdoZXR0aS1oZWxpdW2UjARmdW5jlIwZYWNjb3VudHMuY29udHJvbGxlci50YXNrc5SMFHVwZGF0ZV9kYXRhYmFzZV90YXNrlJOUjARhcmdzlEs4hZSMBmt3YXJnc5R9lIwHc3RhcnRlZJSMCGRhdGV0aW1llIwIZGF0ZXRpbWWUk5RDCgfoAwcSHyIHYkSUaA6MCHRpbWV6b25llJOUaA6MCXRpbWVkZWx0YZSTlEsASwBLAIeUUpSFlFKUhpRSlHUu:1riIWk:hfYRsSDFY2MCpMwy-UUfI06tQzXG9NZdZi5u8C5V72o	2024-03-07 19:58:14.522813+02
27	gameBoosterss	gAWV_wAAAAAAAAB9lCiMAmlklIwgNzhiMGFlOGMwMzFmNDc2YzgwY2ZlM2Q1MGViZGU3NTiUjARuYW1llIwWdmVnYW4tZWFydGgtbGltYS1hc3BlbpSMBGZ1bmOUjBlhY2NvdW50cy5jb250cm9sbGVyLnRhc2tzlIwUdXBkYXRlX2RhdGFiYXNlX3Rhc2uUk5SMBGFyZ3OUSzuFlIwGa3dhcmdzlH2UjAdzdGFydGVklIwIZGF0ZXRpbWWUjAhkYXRldGltZZSTlEMKB-gDBxQLDwGUr5RoDowIdGltZXpvbmWUk5RoDowJdGltZWRlbHRhlJOUSwBLAEsAh5RSlIWUUpSGlFKUdS4:1riK5D:vy30AIbmm2qtBzWlEYnI_7VrontOS-b-iP-ye85olJk	2024-03-07 21:37:55.14214+02
28	gameBoosterss	gAWVCAEAAAAAAAB9lCiMAmlklIwgOTIxMGNjYjc4OTk4NDFiZWIyOTNhMDBjZmJlMDFjNGWUjARuYW1llIwfd29sZnJhbS12aWRlby1taXNzaXNzaXBwaS1mbG9vcpSMBGZ1bmOUjBlhY2NvdW50cy5jb250cm9sbGVyLnRhc2tzlIwUdXBkYXRlX2RhdGFiYXNlX3Rhc2uUk5SMBGFyZ3OUSzyFlIwGa3dhcmdzlH2UjAdzdGFydGVklIwIZGF0ZXRpbWWUjAhkYXRldGltZZSTlEMKB-gDBxQ4IQzcVJRoDowIdGltZXpvbmWUk5RoDowJdGltZWRlbHRhlJOUSwBLAEsAh5RSlIWUUpSGlFKUdS4:1riKn3:an2UUIEEya_1R9yEerq1yrTbjMXheFI7_n4hwiEGgTY	2024-03-07 22:23:13.90467+02
29	gameBoosterss	gAWVAgEAAAAAAAB9lCiMAmlklIwgMzU1OWU5YjA1YTA0NDk3MDk2OTM1MWY5NjY0ODlmMDaUjARuYW1llIwZZG91YmxlLWlzbGFuZC1wYXN0YS1xdWlldJSMBGZ1bmOUjBlhY2NvdW50cy5jb250cm9sbGVyLnRhc2tzlIwUdXBkYXRlX2RhdGFiYXNlX3Rhc2uUk5SMBGFyZ3OUS0eFlIwGa3dhcmdzlH2UjAdzdGFydGVklIwIZGF0ZXRpbWWUjAhkYXRldGltZZSTlEMKB-gDCAASOQCrA5RoDowIdGltZXpvbmWUk5RoDowJdGltZWRlbHRhlJOUSwBLAEsAh5RSlIWUUpSGlFKUdS4:1riNwv:_U3DyxNfiYS0imnMzviLhsQxp_0HOMIdAerOYpveDGE	2024-03-08 01:45:37.109604+02
30	gameBoosterss	gAWVBwEAAAAAAAB9lCiMAmlklIwgZTllM2U4YThjYWVmNGI1Mzg3MWIwMDU4OTFkZjgzNDaUjARuYW1llIweZmxvcmlkYS1lbGV2ZW4tc2hhZGUtbWlubmVzb3RhlIwEZnVuY5SMGWFjY291bnRzLmNvbnRyb2xsZXIudGFza3OUjBR1cGRhdGVfZGF0YWJhc2VfdGFza5STlIwEYXJnc5RLSoWUjAZrd2FyZ3OUfZSMB3N0YXJ0ZWSUjAhkYXRldGltZZSMCGRhdGV0aW1llJOUQwoH6AMIBCUYBSuvlGgOjAh0aW1lem9uZZSTlGgOjAl0aW1lZGVsdGGUk5RLAEsASwCHlFKUhZRSlIaUUpR1Lg:1riRz2:UewZgg_rUrfPkg54ZXPyrvQsG7xlUuo6h5Q43i-JJWw	2024-03-08 06:04:04.38873+02
31	gameBoosterss	gAWVAgEAAAAAAAB9lCiMAmlklIwgMDY2ZWQyN2E1M2VkNDM1ZDhlMDNlN2NiMTkyYzY0NDeUjARuYW1llIwZc2F0dXJuLW51dHMtb2N0b2Jlci1ibGFja5SMBGZ1bmOUjBlhY2NvdW50cy5jb250cm9sbGVyLnRhc2tzlIwUdXBkYXRlX2RhdGFiYXNlX3Rhc2uUk5SMBGFyZ3OUS0yFlIwGa3dhcmdzlH2UjAdzdGFydGVklIwIZGF0ZXRpbWWUjAhkYXRldGltZZSTlEMKB-gDCgklGwvDgJRoDowIdGltZXpvbmWUk5RoDowJdGltZWRlbHRhlJOUSwBLAEsAh5RSlIWUUpSGlFKUdS4:1rjFcV:5ZIDIOA__V64gEkQ98Paf8sYewlRbCXGkobIJ4Fztew	2024-03-10 11:04:07.816888+02
32	gameBoosterss	gAWV-wAAAAAAAAB9lCiMAmlklIwgM2M2ZjVkY2IzNDY5NGNhM2E1ZDIzODlkMzUzZWZkY2GUjARuYW1llIwdc2llcnJhLXBvdGF0by1zcHJpbmctZWlnaHRlZW6UjARmdW5jlIwOYWNjb3VudHMudGFza3OUjBR1cGRhdGVfZGF0YWJhc2VfdGFza5STlIwEYXJnc5RLUIWUjAZrd2FyZ3OUfZSMB3N0YXJ0ZWSUjAhkYXRldGltZZSMCGRhdGV0aW1llJOUQwoH6AMLEC0QBlkKlGgOjAh0aW1lem9uZZSTlGgOjAl0aW1lZGVsdGGUk5RLAEsASwCHlFKUhZRSlIaUUpR1Lg:1rjim4:F5wh7XXPdgP6ZsbP7pa81e5TXpmT0YWCIlLNTUX42VY	2024-03-11 18:11:56.50973+02
33	gameBoosterss	gAWV_wAAAAAAAAB9lCiMAmlklIwgMWJhMjAxOGFiZmNkNDNhOTkyNjNjY2VkMzQzN2I0YTKUjARuYW1llIwhZGVsdGEtbmVwdHVuZS1zcGFnaGV0dGktYmVyeWxsaXVtlIwEZnVuY5SMDmFjY291bnRzLnRhc2tzlIwUdXBkYXRlX2RhdGFiYXNlX3Rhc2uUk5SMBGFyZ3OUS1GFlIwGa3dhcmdzlH2UjAdzdGFydGVklIwIZGF0ZXRpbWWUjAhkYXRldGltZZSTlEMKB-gDCxECIA3sl5RoDowIdGltZXpvbmWUk5RoDowJdGltZWRlbHRhlJOUSwBLAEsAh5RSlIWUUpSGlFKUdS4:1rjj2m:42nHHMMC6yvo-7c1jbVQQKLQ0aMnXdJxEDobCvhLDqg	2024-03-11 18:29:13.02723+02
34	gameBoosterss	gAWV-gAAAAAAAAB9lCiMAmlklIwgYzYzMmZhZWJjMmU5NDc0OTk4MmZkMDQxYTA1NGYwYzKUjARuYW1llIwcdW5jbGUtY2hhcmxpZS1jaGlja2VuLXNpbmdsZZSMBGZ1bmOUjA5hY2NvdW50cy50YXNrc5SMFHVwZGF0ZV9kYXRhYmFzZV90YXNrlJOUjARhcmdzlEtShZSMBmt3YXJnc5R9lIwHc3RhcnRlZJSMCGRhdGV0aW1llIwIZGF0ZXRpbWWUk5RDCgfoAwsRAwsCl1OUaA6MCHRpbWV6b25llJOUaA6MCXRpbWVkZWx0YZSTlEsASwBLAIeUUpSFlFKUhpRSlHUu:1rjj3P:MnTm6HaNnnJ17xQ6O2jTbSOwRvAbPfYP1xGoivihhFE	2024-03-11 18:29:51.281511+02
35	gameBoosterss	gAWV9QAAAAAAAAB9lCiMAmlklIwgNTVhN2Y4NWEyZGUxNGM0ZWE4NzJiOTVkZTczNTBjNzaUjARuYW1llIwXZnJpZW5kLXNvbGFyLWVtbWEtb3NjYXKUjARmdW5jlIwOYWNjb3VudHMudGFza3OUjBR1cGRhdGVfZGF0YWJhc2VfdGFza5STlIwEYXJnc5RLVoWUjAZrd2FyZ3OUfZSMB3N0YXJ0ZWSUjAhkYXRldGltZZSMCGRhdGV0aW1llJOUQwoH6AMLEyYgB9CvlGgOjAh0aW1lem9uZZSTlGgOjAl0aW1lZGVsdGGUk5RLAEsASwCHlFKUhZRSlIaUUpR1Lg:1rjlTk:Sof-mJ8oio5B0eK1N2ni_poeOehWBh_TmCDdEjmaMls	2024-03-11 21:05:12.578+02
36	gameBoosterss	gAWV9QAAAAAAAAB9lCiMAmlklIwgOWQ0OTYxMGFmNWRlNGE2NGEzYWIzYTQ4NjhjN2RkZGaUjARuYW1llIwXc2FsYW1pLWFuZ2VsLWxpb24tcGFzdGGUjARmdW5jlIwOYWNjb3VudHMudGFza3OUjBR1cGRhdGVfZGF0YWJhc2VfdGFza5STlIwEYXJnc5RLWoWUjAZrd2FyZ3OUfZSMB3N0YXJ0ZWSUjAhkYXRldGltZZSMCGRhdGV0aW1llJOUQwoH6AMLEy0dCob3lGgOjAh0aW1lem9uZZSTlGgOjAl0aW1lZGVsdGGUk5RLAEsASwCHlFKUhZRSlIaUUpR1Lg:1rjlaT:T3FMj9cMrpXJQ8IBYIVTMXqfbCdcjocDhkC764HV71Y	2024-03-11 21:12:09.740774+02
37	gameBoosterss	gAWV-AAAAAAAAAB9lCiMAmlklIwgNmY0ODliNmU2OTI2NDA2OGFmYWYyYTRkOTFlNTZjYTSUjARuYW1llIwac3ByaW5nLWlzbGFuZC1pc2xhbmQtcm9tZW-UjARmdW5jlIwOYWNjb3VudHMudGFza3OUjBR1cGRhdGVfZGF0YWJhc2VfdGFza5STlIwEYXJnc5RLW4WUjAZrd2FyZ3OUfZSMB3N0YXJ0ZWSUjAhkYXRldGltZZSMCGRhdGV0aW1llJOUQwoH6AMLEy06CYcBlGgOjAh0aW1lem9uZZSTlGgOjAl0aW1lZGVsdGGUk5RLAEsASwCHlFKUhZRSlIaUUpR1Lg:1rjlaw:XAL0vCwPrMgIJtxWsFBjikoKSbcazn8U4Vigtf1RPOQ	2024-03-11 21:12:38.675249+02
38	gameBoosterss	gAWV9gAAAAAAAAB9lCiMAmlklIwgNjZkMjEwMWRiNzczNDQ5Y2EzNDc4YTI5ZDRiOWVhYTWUjARuYW1llIwYcml2ZXItYnVyZ2VyLWZpdmUtY2FycGV0lIwEZnVuY5SMDmFjY291bnRzLnRhc2tzlIwUdXBkYXRlX2RhdGFiYXNlX3Rhc2uUk5SMBGFyZ3OUS1yFlIwGa3dhcmdzlH2UjAdzdGFydGVklIwIZGF0ZXRpbWWUjAhkYXRldGltZZSTlEMKB-gDCxQDOwJYLJRoDowIdGltZXpvbmWUk5RoDowJdGltZWRlbHRhlJOUSwBLAEsAh5RSlIWUUpSGlFKUdS4:1rjlsN:fh0N_jcZHqsk2tbI3bQ-WBRpsBl1zZe8Bo7TZZmWs5w	2024-03-11 21:30:39.226457+02
39	gameBoosterss	gAWVBwEAAAAAAAB9lCiMAmlklIwgZWU5NTc2NDYxMjhlNDNjYTljYzY4ZmY5MDVhZjc4MjOUjARuYW1llIwpZm9vdGJhbGwtYmVyeWxsaXVtLWNvbm5lY3RpY3V0LXdhc2hpbmd0b26UjARmdW5jlIwOYWNjb3VudHMudGFza3OUjBR1cGRhdGVfZGF0YWJhc2VfdGFza5STlIwEYXJnc5RLXYWUjAZrd2FyZ3OUfZSMB3N0YXJ0ZWSUjAhkYXRldGltZZSMCGRhdGV0aW1llJOUQwoH6AMLFRYbDZH5lGgOjAh0aW1lem9uZZSTlGgOjAl0aW1lZGVsdGGUk5RLAEsASwCHlFKUhZRSlIaUUpR1Lg:1rjn6J:ZpaT09fHfGnD8_7BkHD73-bvr0e-p0AUT_UVgnozMZE	2024-03-11 22:49:07.945178+02
40	gameBoosterss	gAWV9QAAAAAAAAB9lCiMAmlklIwgZGVhOTQxMWRlMjdlNDcxNGFlYjhiNTA5ZmY4OTUwZDmUjARuYW1llIwXY29tZXQtc291dGgtb3h5Z2VuLXp1bHWUjARmdW5jlIwOYWNjb3VudHMudGFza3OUjBR1cGRhdGVfZGF0YWJhc2VfdGFza5STlIwEYXJnc5RLX4WUjAZrd2FyZ3OUfZSMB3N0YXJ0ZWSUjAhkYXRldGltZZSMCGRhdGV0aW1llJOUQwoH6AMLFhMiA5DLlGgOjAh0aW1lem9uZZSTlGgOjAl0aW1lZGVsdGGUk5RLAEsASwCHlFKUhZRSlIaUUpR1Lg:1rjnza:78a_DxsB5dvZim4JAjchT6p4DrIOSfiCZaQwL34KPZk	2024-03-11 23:46:14.378289+02
41	gameBoosterss	gAWV9wAAAAAAAAB9lCiMAmlklIwgMzk2NDVhOWY1ZDNiNGQ5OGE3MWMyZjZmZDZjOThmZjWUjARuYW1llIwZbmVwdHVuZS1wcmluY2Vzcy14cmF5LWlua5SMBGZ1bmOUjA5hY2NvdW50cy50YXNrc5SMFHVwZGF0ZV9kYXRhYmFzZV90YXNrlJOUjARhcmdzlEtghZSMBmt3YXJnc5R9lIwHc3RhcnRlZJSMCGRhdGV0aW1llIwIZGF0ZXRpbWWUk5RDCgfoAwsXMwAA4HyUaA6MCHRpbWV6b25llJOUaA6MCXRpbWVkZWx0YZSTlEsASwBLAIeUUpSFlFKUhpRSlHUu:1rjpQ4:1aylKqursEFCtCpp-kpKMmRsQLEMt3tIap_6Z7I325g	2024-03-12 01:17:40.192106+02
42	gameBoosterss	gAWV-AAAAAAAAAB9lCiMAmlklIwgMTVkNWU0ZWIwMzM0NDRiNDljMzk0Yzc1YmRlZjQ0YTOUjARuYW1llIwac291dGgtc2luay1uaW5ldGVlbi1xdWViZWOUjARmdW5jlIwOYWNjb3VudHMudGFza3OUjBR1cGRhdGVfZGF0YWJhc2VfdGFza5STlIwEYXJnc5RLYYWUjAZrd2FyZ3OUfZSMB3N0YXJ0ZWSUjAhkYXRldGltZZSMCGRhdGV0aW1llJOUQwoH6AMMAB4oBK6slGgOjAh0aW1lem9uZZSTlGgOjAl0aW1lZGVsdGGUk5RLAEsASwCHlFKUhZRSlIaUUpR1Lg:1rjq2S:3oalxdBFDVOBb_RnXfG4LO9YgfOb2EMsCJNejn9rsEg	2024-03-12 01:57:20.401605+02
43	gameBoosterss	gAWV_gAAAAAAAAB9lCiMAmlklIwgMzdmZDBlZGQ3MTBkNDJhMDg0ZTc3OGFhNDVjZmI2MTCUjARuYW1llIwgYmx1ZWJpcmQtbm9ydGgtcGx1dG8tY29ubmVjdGljdXSUjARmdW5jlIwOYWNjb3VudHMudGFza3OUjBR1cGRhdGVfZGF0YWJhc2VfdGFza5STlIwEYXJnc5RLYoWUjAZrd2FyZ3OUfZSMB3N0YXJ0ZWSUjAhkYXRldGltZZSMCGRhdGV0aW1llJOUQwoH6AMMACs1A-n0lGgOjAh0aW1lem9uZZSTlGgOjAl0aW1lZGVsdGGUk5RLAEsASwCHlFKUhZRSlIaUUpR1Lg:1rjqFF:seCDpFd60jkotfuNwD4IPg_MVRj_XOqhjWIx1ZDqKqk	2024-03-12 02:10:33.352248+02
44	gameBoosterss	gAWV9QAAAAAAAAB9lCiMAmlklIwgOTc1MzgzODk5ZTllNGYxN2E0YWQ5MzljODBjMDIzYzGUjARuYW1llIwXc29sYXItaGFtcGVyLWFwYXJ0LW9oaW-UjARmdW5jlIwOYWNjb3VudHMudGFza3OUjBR1cGRhdGVfZGF0YWJhc2VfdGFza5STlIwEYXJnc5RLY4WUjAZrd2FyZ3OUfZSMB3N0YXJ0ZWSUjAhkYXRldGltZZSMCGRhdGV0aW1llJOUQwoH6AMMAQ4ECzWelGgOjAh0aW1lem9uZZSTlGgOjAl0aW1lZGVsdGGUk5RLAEsASwCHlFKUhZRSlIaUUpR1Lg:1rjqiS:ti3-BZ1YaN7J3CidiCRJUBebEfMPUjL0Ch8aIX36Tb8	2024-03-12 02:40:44.813411+02
45	gameBoosterss	gAWV-gAAAAAAAAB9lCiMAmlklIwgYzAxOThlZDcwMTQxNDUwOThkYjc5NDI2YjY5ZDRkODOUjARuYW1llIwcbWFnbmVzaXVtLWFzcGVuLW1leGljby11bmNsZZSMBGZ1bmOUjA5hY2NvdW50cy50YXNrc5SMFHVwZGF0ZV9kYXRhYmFzZV90YXNrlJOUjARhcmdzlEtkhZSMBmt3YXJnc5R9lIwHc3RhcnRlZJSMCGRhdGV0aW1llIwIZGF0ZXRpbWWUk5RDCgfoAwwBEC4CrwOUaA6MCHRpbWV6b25llJOUaA6MCXRpbWVkZWx0YZSTlEsASwBLAIeUUpSFlFKUhpRSlHUu:1rjql4:vgSOAMJ5KNhN93iKLhw2y6jrE36C6UzXjZqmWjoLXmY	2024-03-12 02:43:26.239705+02
46	gameBoosterss	gAWV-AAAAAAAAAB9lCiMAmlklIwgY2ZkZjVmNzA5ZjJkNGVmMjg2NTVkZDAzNDQ1OWY4NTeUjARuYW1llIwaZW5lbXktYXV0dW1uLWF1Z3VzdC1wb3RhdG-UjARmdW5jlIwOYWNjb3VudHMudGFza3OUjBR1cGRhdGVfZGF0YWJhc2VfdGFza5STlIwEYXJnc5RLZYWUjAZrd2FyZ3OUfZSMB3N0YXJ0ZWSUjAhkYXRldGltZZSMCGRhdGV0aW1llJOUQwoH6AMMARcpCb2XlGgOjAh0aW1lem9uZZSTlGgOjAl0aW1lZGVsdGGUk5RLAEsASwCHlFKUhZRSlIaUUpR1Lg:1rjqrl:TdhQtr5Fl-xrraX95IlB6ED_Y6Q4YJz9TTvDL7IklGQ	2024-03-12 02:50:21.716151+02
47	gameBoosterss	gAWV9wAAAAAAAAB9lCiMAmlklIwgZWI1MTkwMWUxN2FiNGNiMTliYjhiYTZkNjdhMDU4YWaUjARuYW1llIwZZG9uLWZhaWxlZC13aGl0ZS1kZWNlbWJlcpSMBGZ1bmOUjA5hY2NvdW50cy50YXNrc5SMFHVwZGF0ZV9kYXRhYmFzZV90YXNrlJOUjARhcmdzlEtphZSMBmt3YXJnc5R9lIwHc3RhcnRlZJSMCGRhdGV0aW1llIwIZGF0ZXRpbWWUk5RDCgfoAwwBMwMLMFiUaA6MCHRpbWV6b25llJOUaA6MCXRpbWVkZWx0YZSTlEsASwBLAIeUUpSFlFKUhpRSlHUu:1rjrIF:eO_KWz2jhGgqPUfcLdU6W2owl6SITARZfm_EbJBs4V0	2024-03-12 03:17:43.80109+02
48	gameBoosterss	gAWV9wAAAAAAAAB9lCiMAmlklIwgYmQyM2VjMDVjZTgwNDM0MmJlMTE2MjNmZmUyZWJmNDCUjARuYW1llIwZbGVtb24tZnJlZGRpZS13ZXN0LWRha290YZSMBGZ1bmOUjA5hY2NvdW50cy50YXNrc5SMFHVwZGF0ZV9kYXRhYmFzZV90YXNrlJOUjARhcmdzlEtuhZSMBmt3YXJnc5R9lIwHc3RhcnRlZJSMCGRhdGV0aW1llIwIZGF0ZXRpbWWUk5RDCgfoAwwKLRQCMIyUaA6MCHRpbWV6b25llJOUaA6MCXRpbWVkZWx0YZSTlEsASwBLAIeUUpSFlFKUhpRSlHUu:1rjzdI:vRlhC8MExT3ehkXIw96hih319UJxgSmvXg2Xxq3e1Sw	2024-03-12 12:12:00.3011+02
49	gameBoosterss	gAWV9AAAAAAAAAB9lCiMAmlklIwgMTQ1OTNlMjE5MjY5NDM3MGFiZjAwMzhhZDY0NmViODiUjARuYW1llIwWZ2VlLXNpeC1zcHJpbmctd2hpc2tleZSMBGZ1bmOUjA5hY2NvdW50cy50YXNrc5SMFHVwZGF0ZV9kYXRhYmFzZV90YXNrlJOUjARhcmdzlEtvhZSMBmt3YXJnc5R9lIwHc3RhcnRlZJSMCGRhdGV0aW1llIwIZGF0ZXRpbWWUk5RDCgfoAwwKOAAJdzqUaA6MCHRpbWV6b25llJOUaA6MCXRpbWVkZWx0YZSTlEsASwBLAIeUUpSFlFKUhpRSlHUu:1rjznc:JSt_NnA1afrggai5U5yl_Gl21oJVn7skimgu1LMsUxY	2024-03-12 12:22:40.701127+02
50	gameBoosterss	gAWV9AAAAAAAAAB9lCiMAmlklIwgYWYwYjJjM2ExYWMxNDAzMzljMmM3OGM4YjExYmU5MjCUjARuYW1llIwWcG90YXRvLW9zY2FyLWFjay1pbmRpYZSMBGZ1bmOUjA5hY2NvdW50cy50YXNrc5SMFHVwZGF0ZV9kYXRhYmFzZV90YXNrlJOUjARhcmdzlEt1hZSMBmt3YXJnc5R9lIwHc3RhcnRlZJSMCGRhdGV0aW1llIwIZGF0ZXRpbWWUk5RDCgfoAwwMJiYEXFGUaA6MCHRpbWV6b25llJOUaA6MCXRpbWVkZWx0YZSTlEsASwBLAIeUUpSFlFKUhpRSlHUu:1rk1Ow:IzyKnKaW-W7mUZ9RI4l9dkNSFJh5mtWNAByJgLvbSeU	2024-03-12 14:05:18.366529+02
51	gameBoosterss	gAWV_AAAAAAAAAB9lCiMAmlklIwgYzJjNDJlN2YyODkyNDI3Mzg4MzE1ZmMwYjQ4ODE2MjKUjARuYW1llIweZ3JleS1taW5uZXNvdGEtY2hpY2tlbi1hcml6b25hlIwEZnVuY5SMDmFjY291bnRzLnRhc2tzlIwUdXBkYXRlX2RhdGFiYXNlX3Rhc2uUk5SMBGFyZ3OUS3eFlIwGa3dhcmdzlH2UjAdzdGFydGVklIwIZGF0ZXRpbWWUjAhkYXRldGltZZSTlEMKB-gDDA0BJATzBpRoDowIdGltZXpvbmWUk5RoDowJdGltZWRlbHRhlJOUSwBLAEsAh5RSlIWUUpSGlFKUdS4:1rk1lA:owWGSa3gbqy7ogdCo8ydXPrt3WpqAmn9yahoihAG2EI	2024-03-12 14:28:16.374864+02
52	gameBoosterss	gAWV9AAAAAAAAAB9lCiMAmlklIwgZTJjODRiMmI4OGEzNDk0Yzk1ODZiNzkzOTUxZmQ1NjeUjARuYW1llIwWZmxvcmlkYS1jdXAtZWFydGgtZWFzdJSMBGZ1bmOUjA5hY2NvdW50cy50YXNrc5SMFHVwZGF0ZV9kYXRhYmFzZV90YXNrlJOUjARhcmdzlEt5hZSMBmt3YXJnc5R9lIwHc3RhcnRlZJSMCGRhdGV0aW1llIwIZGF0ZXRpbWWUk5RDCgfoAwwNDSwKf0iUaA6MCHRpbWV6b25llJOUaA6MCXRpbWVkZWx0YZSTlEsASwBLAIeUUpSFlFKUhpRSlHUu:1rk1wu:r-1F6uDYzmBU0j4EKpjSgtXA2G75Q1Ak4MhtjD4IUzs	2024-03-12 14:40:24.737827+02
53	gameBoosterss	gAWV8wAAAAAAAAB9lCiMAmlklIwgNDcwZjk2MTY5YWY5NDI1OGJhZjE0YzVlYjExOWZlZDmUjARuYW1llIwVc2l4LWxpbWEtaGFwcHktbW9iaWxllIwEZnVuY5SMDmFjY291bnRzLnRhc2tzlIwUdXBkYXRlX2RhdGFiYXNlX3Rhc2uUk5SMBGFyZ3OUS32FlIwGa3dhcmdzlH2UjAdzdGFydGVklIwIZGF0ZXRpbWWUjAhkYXRldGltZZSTlEMKB-gDDQ4VFgpgKJRoDowIdGltZXpvbmWUk5RoDowJdGltZWRlbHRhlJOUSwBLAEsAh5RSlIWUUpSGlFKUdS4:1rkPTu:3sIeTNKg68xAPpeS-IPY05a0J6Bq2hGdFC6jeXEcrX4	2024-03-13 15:48:02.746921+02
54	gameBoosterss	gAWV9QAAAAAAAAB9lCiMAmlklIwgYTc5NjMzNGI2NmE2NDFlNzg3M2ZjMTI0NjQxNWYyYzCUjARuYW1llIwXZmxvb3ItaW93YS1oaWdoLWZpZnRlZW6UjARmdW5jlIwOYWNjb3VudHMudGFza3OUjBR1cGRhdGVfZGF0YWJhc2VfdGFza5STlIwEYXJnc5RLf4WUjAZrd2FyZ3OUfZSMB3N0YXJ0ZWSUjAhkYXRldGltZZSMCGRhdGV0aW1llJOUQwoH6AMNDyUBAmu-lGgOjAh0aW1lem9uZZSTlGgOjAl0aW1lZGVsdGGUk5RLAEsASwCHlFKUhZRSlIaUUpR1Lg:1rkQf7:DfTRhpJvwd6geMK4koEp5cPFc_eY9PAUFsmp1SyO8WI	2024-03-13 17:03:41.222494+02
55	gameBoosterss	gAWV9QAAAAAAAAB9lCiMAmlklIwgNWU1ZDlkNDY5MGRhNDE3NzhhZDg4ZTcwYmJmNDU1MDKUjARuYW1llIwXdGFibGUtbG9uZG9uLXBhcmlzLWJsdWWUjARmdW5jlIwOYWNjb3VudHMudGFza3OUjBR1cGRhdGVfZGF0YWJhc2VfdGFza5STlIwEYXJnc5RLgIWUjAZrd2FyZ3OUfZSMB3N0YXJ0ZWSUjAhkYXRldGltZZSMCGRhdGV0aW1llJOUQwoH6AMNFBorB6GflGgOjAh0aW1lem9uZZSTlGgOjAl0aW1lZGVsdGGUk5RLAEsASwCHlFKUhZRSlIaUUpR1Lg:1rkVBT:3murjr_1UmhAhVHBFBXL1dLXaV8EPku1-ItdphEd4sU	2024-03-13 21:53:23.618839+02
56	gameBoosterss	gAWV_wAAAAAAAAB9lCiMAmlklIwgY2RiMjc4YjNlOTA4NDFjMGJkY2Y0NGE5ZGVhZDgzZjmUjARuYW1llIwhcHVycGxlLWh5ZHJvZ2VuLW5vdmVtYmVyLWFya2Fuc2FzlIwEZnVuY5SMDmFjY291bnRzLnRhc2tzlIwUdXBkYXRlX2RhdGFiYXNlX3Rhc2uUk5SMBGFyZ3OUS4GFlIwGa3dhcmdzlH2UjAdzdGFydGVklIwIZGF0ZXRpbWWUjAhkYXRldGltZZSTlEMKB-gDDgwUIwaMFJRoDowIdGltZXpvbmWUk5RoDowJdGltZWRlbHRhlJOUSwBLAEsAh5RSlIWUUpSGlFKUdS4:1rkk4Z:9WIRRSNDzkihZuuKN15w1841D8nxsn95x3NBGs2d4Ho	2024-03-14 13:47:15.513849+02
57	gameBoosterss	gAWV8wAAAAAAAAB9lCiMAmlklIwgYTBjNDcwZDBmYTI4NGEwYmE0ODJlZGFlMDRlMDNhYjKUjARuYW1llIwVc2hhZGUtbW9vbi1pbmstanVsaWV0lIwEZnVuY5SMDmFjY291bnRzLnRhc2tzlIwUdXBkYXRlX2RhdGFiYXNlX3Rhc2uUk5SMBGFyZ3OUS4OFlIwGa3dhcmdzlH2UjAdzdGFydGVklIwIZGF0ZXRpbWWUjAhkYXRldGltZZSTlEMKB-gDDg4WJwQgB5RoDowIdGltZXpvbmWUk5RoDowJdGltZWRlbHRhlJOUSwBLAEsAh5RSlIWUUpSGlFKUdS4:1rklyh:wdGY1Kll1DhqQ8WYG9VU52w08FwoSqGr23H5GX2C5DM	2024-03-14 15:49:19.523751+02
58	gameBoosterss	gAWV9wAAAAAAAAB9lCiMAmlklIwgYmE1ZDQwNmVmZTdlNDAwZjg0MTdmMDM5MGY1YmE5ZTeUjARuYW1llIwZc2l4dGVlbi1zb3V0aC1oYXJyeS1icmF2b5SMBGZ1bmOUjA5hY2NvdW50cy50YXNrc5SMFHVwZGF0ZV9kYXRhYmFzZV90YXNrlJOUjARhcmdzlEuEhZSMBmt3YXJnc5R9lIwHc3RhcnRlZJSMCGRhdGV0aW1llIwIZGF0ZXRpbWWUk5RDCgfoAw4RESMMokiUaA6MCHRpbWV6b25llJOUaA6MCXRpbWVkZWx0YZSTlEsASwBLAIeUUpSFlFKUhpRSlHUu:1rkohz:acOv5GjQmEKRzA-tXpvuRD5Np-AGPt-OSvJ6ilRnkUA	2024-03-14 18:44:15.961618+02
59	gameBoosterss	gAWV-gAAAAAAAAB9lCiMAmlklIwgMTA3MzFjZWQ0YzIyNDJhNWI2MzliN2U3ZjJmZDkxZmSUjARuYW1llIwcbW9udGFuYS1taWNoaWdhbi10aHJlZS1pbmRpYZSMBGZ1bmOUjA5hY2NvdW50cy50YXNrc5SMFHVwZGF0ZV9kYXRhYmFzZV90YXNrlJOUjARhcmdzlEuFhZSMBmt3YXJnc5R9lIwHc3RhcnRlZJSMCGRhdGV0aW1llIwIZGF0ZXRpbWWUk5RDCgfoAw4SIQcNlYuUaA6MCHRpbWV6b25llJOUaA6MCXRpbWVkZWx0YZSTlEsASwBLAIeUUpSFlFKUhpRSlHUu:1rkpt5:DNOkZl_wOiaQOempOIJvkV2sSZRLW5vCy-PzfxWldv0	2024-03-14 19:59:48.027884+02
60	gameBoosterss	gAWV-QAAAAAAAAB9lCiMAmlklIwgYzA3N2M3NTdhMjE2NGNmZmIwOTAzNGYxY2EwMGMyMjiUjARuYW1llIwbY29mZmVlLWFwcmlsLXVuY2xlLWNhcmRpbmFslIwEZnVuY5SMDmFjY291bnRzLnRhc2tzlIwUdXBkYXRlX2RhdGFiYXNlX3Rhc2uUk5SMBGFyZ3OUS4iFlIwGa3dhcmdzlH2UjAdzdGFydGVklIwIZGF0ZXRpbWWUjAhkYXRldGltZZSTlEMKB-gDDhI1BggIZZRoDowIdGltZXpvbmWUk5RoDowJdGltZWRlbHRhlJOUSwBLAEsAh5RSlIWUUpSGlFKUdS4:1rkqCQ:EKIQQxh0BN9qZjAA7iScIuYfINzprY0qlw75WuobsX8	2024-03-14 20:19:46.700962+02
61	gameBoosterss	gAWV-QAAAAAAAAB9lCiMAmlklIwgZjk4Yjc0MTRlMjhmNGMyZGEzNzEzYzFkODUwZmNlOTGUjARuYW1llIwbYmF0bWFuLWFzcGVuLXdoaXNrZXktc3RyZWFtlIwEZnVuY5SMDmFjY291bnRzLnRhc2tzlIwUdXBkYXRlX2RhdGFiYXNlX3Rhc2uUk5SMBGFyZ3OUS4mFlIwGa3dhcmdzlH2UjAdzdGFydGVklIwIZGF0ZXRpbWWUjAhkYXRldGltZZSTlEMKB-gDDhI3EQDh25RoDowIdGltZXpvbmWUk5RoDowJdGltZWRlbHRhlJOUSwBLAEsAh5RSlIWUUpSGlFKUdS4:1rkqEX:bxeyrvheHy_K9989ujHXzecCAhgzoVlakJGeKHUMREA	2024-03-14 20:21:57.190466+02
62	gameBoosterss	gAWV_AAAAAAAAAB9lCiMAmlklIwgMmI0ZjQ0NzQ5NmEyNDYzOGI1YmJjMWM5MDA2NTNjMjmUjARuYW1llIweZ2x1Y29zZS1mbG9yaWRhLWFwYXJ0LWtlbnR1Y2t5lIwEZnVuY5SMDmFjY291bnRzLnRhc2tzlIwUdXBkYXRlX2RhdGFiYXNlX3Rhc2uUk5SMBGFyZ3OUS4uFlIwGa3dhcmdzlH2UjAdzdGFydGVklIwIZGF0ZXRpbWWUjAhkYXRldGltZZSTlEMKB-gDDhMHOAhT7pRoDowIdGltZXpvbmWUk5RoDowJdGltZWRlbHRhlJOUSwBLAEsAh5RSlIWUUpSGlFKUdS4:1rkqQm:D7s154uwi00e1R0pCCfxp4ObxtLHkLyzADdXlkFgAE0	2024-03-14 20:34:36.616584+02
63	gameBoosterss	gAWV-wAAAAAAAAB9lCiMAmlklIwgYTE0OTBkNzM0YmI3NDFkMWJhODhhMTFkNzk1YjhlNTWUjARuYW1llIwdbXVzaWMtanVsaWV0LW1pc3NvdXJpLXdvbGZyYW2UjARmdW5jlIwOYWNjb3VudHMudGFza3OUjBR1cGRhdGVfZGF0YWJhc2VfdGFza5STlIwEYXJnc5RLjIWUjAZrd2FyZ3OUfZSMB3N0YXJ0ZWSUjAhkYXRldGltZZSMCGRhdGV0aW1llJOUQwoH6AMOEzsCCCbclGgOjAh0aW1lem9uZZSTlGgOjAl0aW1lZGVsdGGUk5RLAEsASwCHlFKUhZRSlIaUUpR1Lg:1rkrEE:z63ibcnXOwpr95Bbh2VzsDIZ_C7Srzve5g9fpVO7UVU	2024-03-14 21:25:42.656908+02
64	gameBoosterss	gAWV9QAAAAAAAAB9lCiMAmlklIwgOGU2NGU4Mzg0NmNjNDgxNzkxMDVhODgyMjY1YmFlODmUjARuYW1llIwXZWR3YXJkLXN0cmVhbS1zYWQtaGFycnmUjARmdW5jlIwOYWNjb3VudHMudGFza3OUjBR1cGRhdGVfZGF0YWJhc2VfdGFza5STlIwEYXJnc5RLjYWUjAZrd2FyZ3OUfZSMB3N0YXJ0ZWSUjAhkYXRldGltZZSMCGRhdGV0aW1llJOUQwoH6AMOFAcFAhVwlGgOjAh0aW1lem9uZZSTlGgOjAl0aW1lZGVsdGGUk5RLAEsASwCHlFKUhZRSlIaUUpR1Lg:1rkrM1:fPmabCP3B2Z8499Ma9z9wtygXUu8SJXvopm9Sj1RcNE	2024-03-14 21:33:45.220331+02
65	gameBoosterss	gAWV9gAAAAAAAAB9lCiMAmlklIwgMmY1MDZiYTlkNjdkNGNhZjg5YzBhYWNlOGRkNDIwZmOUjARuYW1llIwYcnVnYnktZml4LWNyYXp5LW1hcnlsYW5klIwEZnVuY5SMDmFjY291bnRzLnRhc2tzlIwUdXBkYXRlX2RhdGFiYXNlX3Rhc2uUk5SMBGFyZ3OUS46FlIwGa3dhcmdzlH2UjAdzdGFydGVklIwIZGF0ZXRpbWWUjAhkYXRldGltZZSTlEMKB-gDDw0DBQezgpRoDowIdGltZXpvbmWUk5RoDowJdGltZWRlbHRhlJOUSwBLAEsAh5RSlIWUUpSGlFKUdS4:1rl7DF:LommtQ982acaqg---RfqPKXeBtuQDHM-TqLK6T4H1ZI	2024-03-15 14:29:45.721126+02
66	gameBoosterss	gAWV9QAAAAAAAAB9lCiMAmlklIwgN2Y0ZjAyYWUwYzQ3NDFhZWFkN2M3NjdmMTc0MTllYTWUjARuYW1llIwXbmluZXRlZW4tb25lLXRhYmxlLWp1bHmUjARmdW5jlIwOYWNjb3VudHMudGFza3OUjBR1cGRhdGVfZGF0YWJhc2VfdGFza5STlIwEYXJnc5RLj4WUjAZrd2FyZ3OUfZSMB3N0YXJ0ZWSUjAhkYXRldGltZZSMCGRhdGV0aW1llJOUQwoH6AMPDTgOBlgrlGgOjAh0aW1lem9uZZSTlGgOjAl0aW1lZGVsdGGUk5RLAEsASwCHlFKUhZRSlIaUUpR1Lg:1rl82g:m-RDAfP-7O0arM3iSlOaeNjx-4guc-I-N0yswFwembc	2024-03-15 15:22:54.493564+02
67	gameBoosterss	gAWV-QAAAAAAAAB9lCiMAmlklIwgYTBhMzU5ZmMzOGMzNGI5N2ExZDFjMDI4M2M5OWFiYzmUjARuYW1llIwbb3Jhbmdlcy1jb2ZmZWUtbmVwdHVuZS1zaW5rlIwEZnVuY5SMDmFjY291bnRzLnRhc2tzlIwUdXBkYXRlX2RhdGFiYXNlX3Rhc2uUk5SMBGFyZ3OUS5CFlIwGa3dhcmdzlH2UjAdzdGFydGVklIwIZGF0ZXRpbWWUjAhkYXRldGltZZSTlEMKB-gDDw8XOQKv35RoDowIdGltZXpvbmWUk5RoDowJdGltZWRlbHRhlJOUSwBLAEsAh5RSlIWUUpSGlFKUdS4:1rl9PZ:5kSJj_v0JbKwq0AwksE_hp4tfUh_SPyuID_iEW498NY	2024-03-15 16:50:37.26384+02
68	gameBoosterss	gAWV9QAAAAAAAAB9lCiMAmlklIwgZGE2YWZkM2ZiZTJmNGFiNWIzMjk3MGVkNWQ0MmQ4OTKUjARuYW1llIwXa2luZy1qdXBpdGVyLWFwcmlsLWdvbGaUjARmdW5jlIwOYWNjb3VudHMudGFza3OUjBR1cGRhdGVfZGF0YWJhc2VfdGFza5STlIwEYXJnc5RLkoWUjAZrd2FyZ3OUfZSMB3N0YXJ0ZWSUjAhkYXRldGltZZSMCGRhdGV0aW1llJOUQwoH6AMQEhcGBOiAlGgOjAh0aW1lem9uZZSTlGgOjAl0aW1lZGVsdGGUk5RLAEsASwCHlFKUhZRSlIaUUpR1Lg:1rlYgU:cvF7mmLH7l83-pwkOv4-NilzO7xgB0DbI14iGkKJgyI	2024-03-16 19:49:46.423394+02
69	gameBoosterss	gAWV_AAAAAAAAAB9lCiMAmlklIwgNWZiZGFjZDQ5MjFkNDNjNGFlZWY4OWU4ODkxY2Y1NzKUjARuYW1llIwebmV2YWRhLWFyaXpvbmEtY2FyZGluYWwtYmF0bWFulIwEZnVuY5SMDmFjY291bnRzLnRhc2tzlIwUdXBkYXRlX2RhdGFiYXNlX3Rhc2uUk5SMBGFyZ3OUS5aFlIwGa3dhcmdzlH2UjAdzdGFydGVklIwIZGF0ZXRpbWWUjAhkYXRldGltZZSTlEMKB-gDERAvNgVgLpRoDowIdGltZXpvbmWUk5RoDowJdGltZWRlbHRhlJOUSwBLAEsAh5RSlIWUUpSGlFKUdS4:1rltfu:ViCDuAhWrOZQcj8_KbSBgtIa0AYOtGxFvCBKNA3ZYFM	2024-03-17 18:14:34.420126+02
70	gameBoosterss	gAWV9gAAAAAAAAB9lCiMAmlklIwgNDA1MjAzNTE4OGZlNDk2ODllMmEzYzM4NjA3YmE5ZmSUjARuYW1llIwYZXF1YWwtZ3JleS1waXp6YS1mcmVkZGlllIwEZnVuY5SMDmFjY291bnRzLnRhc2tzlIwUdXBkYXRlX2RhdGFiYXNlX3Rhc2uUk5SMBGFyZ3OUS5eFlIwGa3dhcmdzlH2UjAdzdGFydGVklIwIZGF0ZXRpbWWUjAhkYXRldGltZZSTlEMKB-gDERA0KAzayJRoDowIdGltZXpvbmWUk5RoDowJdGltZWRlbHRhlJOUSwBLAEsAh5RSlIWUUpSGlFKUdS4:1rltkW:20AdOTrMZosRg4VIuG6BjQ4pVrUlYg-K5wwrwbt_rAE	2024-03-17 18:19:20.969127+02
71	gameBoosterss	gAWV8wAAAAAAAAB9lCiMAmlklIwgODY5NzlhMTU0NDBiNGNkYzhjZThmMzI5N2Y1YTM3YzWUjARuYW1llIwVbm9ydGgtdGhyZWUtc2FkLXN3ZWV0lIwEZnVuY5SMDmFjY291bnRzLnRhc2tzlIwUdXBkYXRlX2RhdGFiYXNlX3Rhc2uUk5SMBGFyZ3OUS5iFlIwGa3dhcmdzlH2UjAdzdGFydGVklIwIZGF0ZXRpbWWUjAhkYXRldGltZZSTlEMKB-gDERA7MgYcOJRoDowIdGltZXpvbmWUk5RoDowJdGltZWRlbHRhlJOUSwBLAEsAh5RSlIWUUpSGlFKUdS4:1rltrS:kcjnKP0wbUF45vXplvXcjkK9s63aKrHaK2ZT85lUwOk	2024-03-17 18:26:30.548045+02
72	gameBoosterss	gAWV9AAAAAAAAAB9lCiMAmlklIwgNzkzNjlhNjIxNjlkNDY5Y2I0ZTIxNGZhN2ZmNzE1YmaUjARuYW1llIwWcXVpZXQtZnJ1aXQtcmVkLWNhcnBldJSMBGZ1bmOUjA5hY2NvdW50cy50YXNrc5SMFHVwZGF0ZV9kYXRhYmFzZV90YXNrlJOUjARhcmdzlEuZhZSMBmt3YXJnc5R9lIwHc3RhcnRlZJSMCGRhdGV0aW1llIwIZGF0ZXRpbWWUk5RDCgfoAxERAzoAAaKUaA6MCHRpbWV6b25llJOUaA6MCXRpbWVkZWx0YZSTlEsASwBLAIeUUpSFlFKUhpRSlHUu:1rltvS:kZyzCgoK6nxjwJ05WCqYK_ocyqrOwSpc3YGfSr_mzuQ	2024-03-17 18:30:38.200878+02
73	gameBoosterss	gAWV-wAAAAAAAAB9lCiMAmlklIwgNDFlZGEwOTYzZjZlNDUxZGEwMDg0NjY2MDA5YWViOTGUjARuYW1llIwdbmV2YWRhLWFya2Fuc2FzLW1leGljby10aW1pbmeUjARmdW5jlIwOYWNjb3VudHMudGFza3OUjBR1cGRhdGVfZGF0YWJhc2VfdGFza5STlIwEYXJnc5RLmoWUjAZrd2FyZ3OUfZSMB3N0YXJ0ZWSUjAhkYXRldGltZZSMCGRhdGV0aW1llJOUQwoH6AMREjoVClVSlGgOjAh0aW1lem9uZZSTlGgOjAl0aW1lZGVsdGGUk5RLAEsASwCHlFKUhZRSlIaUUpR1Lg:1rlvi9:xLKBo71W_NInU7i1Jx2lAhp08cBGYtr0tYAcF-mrs-s	2024-03-17 20:25:01.777932+02
74	gameBoosterss	gAWV9wAAAAAAAAB9lCiMAmlklIwgMDhmNDIxY2IyY2UyNGIwNzkxYmM3Y2NjMjEyNjdhZGaUjARuYW1llIwZYmxhY2stbWFuZ28tbml0cm9nZW4tb2hpb5SMBGZ1bmOUjA5hY2NvdW50cy50YXNrc5SMFHVwZGF0ZV9kYXRhYmFzZV90YXNrlJOUjARhcmdzlEubhZSMBmt3YXJnc5R9lIwHc3RhcnRlZJSMCGRhdGV0aW1llIwIZGF0ZXRpbWWUk5RDCgfoAxESOykFN36UaA6MCHRpbWV6b25llJOUaA6MCXRpbWVkZWx0YZSTlEsASwBLAIeUUpSFlFKUhpRSlHUu:1rlvjR:K1AdBnpRLBVbOjzqXBM_M7PoyIM874Ypy-AeR54lg6I	2024-03-17 20:26:21.483504+02
75	gameBoosterss	gAWV9AAAAAAAAAB9lCiMAmlklIwgNzcxY2ZmN2Y1NTc4NGFlZGFhOTZiMjEwOTNjNjA4YjOUjARuYW1llIwWdmVudXMtbWlrZS1ub3J0aC12aWRlb5SMBGZ1bmOUjA5hY2NvdW50cy50YXNrc5SMFHVwZGF0ZV9kYXRhYmFzZV90YXNrlJOUjARhcmdzlEuchZSMBmt3YXJnc5R9lIwHc3RhcnRlZJSMCGRhdGV0aW1llIwIZGF0ZXRpbWWUk5RDCgfoAxETAhwCEtyUaA6MCHRpbWV6b25llJOUaA6MCXRpbWVkZWx0YZSTlEsASwBLAIeUUpSFlFKUhpRSlHUu:1rlvm8:MuzmNfMyBDBAPIX5ULxQC0RK4nrZIrF9vhMndl15a88	2024-03-17 20:29:08.267547+02
76	gameBoosterss	gAWVAAEAAAAAAAB9lCiMAmlklIwgYTFiZmNhMTU3Y2NlNDE0OWJmY2UzM2RmMTdiMTkyM2SUjARuYW1llIwic2VwdGVtYmVyLXJvYmVydC1uaXRyb2dlbi1hcmthbnNhc5SMBGZ1bmOUjA5hY2NvdW50cy50YXNrc5SMFHVwZGF0ZV9kYXRhYmFzZV90YXNrlJOUjARhcmdzlEudhZSMBmt3YXJnc5R9lIwHc3RhcnRlZJSMCGRhdGV0aW1llIwIZGF0ZXRpbWWUk5RDCgfoAxETBBMKjpKUaA6MCHRpbWV6b25llJOUaA6MCXRpbWVkZWx0YZSTlEsASwBLAIeUUpSFlFKUhpRSlHUu:1rlvnv:ITZ_vMQrZYDeMH2HY_SbeTo2JK2k5WgLk1vpi0C2C_o	2024-03-17 20:30:59.81453+02
77	gameBoosterss	gAWV-AAAAAAAAAB9lCiMAmlklIwgOWEyNDZkYjEwYTgwNDJmNzkwMThlMjJlN2VmY2M3MTCUjARuYW1llIwaaWxsaW5vaXMtZW5lbXktZmlsbGV0LWdvbGaUjARmdW5jlIwOYWNjb3VudHMudGFza3OUjBR1cGRhdGVfZGF0YWJhc2VfdGFza5STlIwEYXJnc5RLnoWUjAZrd2FyZ3OUfZSMB3N0YXJ0ZWSUjAhkYXRldGltZZSMCGRhdGV0aW1llJOUQwoH6AMSDiUcDi-2lGgOjAh0aW1lem9uZZSTlGgOjAl0aW1lZGVsdGGUk5RLAEsASwCHlFKUhZRSlIaUUpR1Lg:1rmE7E:ES9e-zfQcfGbEsJ4Uj1ExXHh_GapVq66RI5rfbOPW1U	2024-03-18 16:04:09.049282+02
78	gameBoosterss	gAWV9QAAAAAAAAB9lCiMAmlklIwgNWUxOTk3OGM1Y2ZhNGU2MjkwNGZiMjU0ZjEwZmVlNDiUjARuYW1llIwXaGVsaXVtLW1pa2UtZWNoby1oYW1wZXKUjARmdW5jlIwOYWNjb3VudHMudGFza3OUjBR1cGRhdGVfZGF0YWJhc2VfdGFza5STlIwEYXJnc5RLn4WUjAZrd2FyZ3OUfZSMB3N0YXJ0ZWSUjAhkYXRldGltZZSMCGRhdGV0aW1llJOUQwoH6AMSDic5A3MnlGgOjAh0aW1lem9uZZSTlGgOjAl0aW1lZGVsdGGUk5RLAEsASwCHlFKUhZRSlIaUUpR1Lg:1rmE9d:ETLUxLef2qmDLntxrAxP7niGzpSdGHzrCYXuZbKds_s	2024-03-18 16:06:37.392665+02
79	gameBoosterss	gAWV8gAAAAAAAAB9lCiMAmlklIwgZjMwM2I5N2E4NmQ0NGJjNmJjMGY1OGQ0ZDRkNDNlMWSUjARuYW1llIwUZGlldC10aHJlZS1lbmVteS1jYXSUjARmdW5jlIwOYWNjb3VudHMudGFza3OUjBR1cGRhdGVfZGF0YWJhc2VfdGFza5STlIwEYXJnc5RLoIWUjAZrd2FyZ3OUfZSMB3N0YXJ0ZWSUjAhkYXRldGltZZSMCGRhdGV0aW1llJOUQwoH6AMTAQYjB_CalGgOjAh0aW1lem9uZZSTlGgOjAl0aW1lZGVsdGGUk5RLAEsASwCHlFKUhZRSlIaUUpR1Lg:1rmNw3:dAfz_m8TKbfmuLE6XjuQOKFYZ-4MSI2h7mXawDP_Pdg	2024-03-19 02:33:15.722803+02
80	gameBoosterss	gAWV_AAAAAAAAAB9lCiMAmlklIwgMjllZmI1ZWZkMjc3NDdlNjk4OTBlODIwZWUxMGFlZDmUjARuYW1llIwebmluZXRlZW4tYWxwaGEtc2F0dXJuLW1pY2hpZ2FulIwEZnVuY5SMDmFjY291bnRzLnRhc2tzlIwUdXBkYXRlX2RhdGFiYXNlX3Rhc2uUk5SMBGFyZ3OUS6GFlIwGa3dhcmdzlH2UjAdzdGFydGVklIwIZGF0ZXRpbWWUjAhkYXRldGltZZSTlEMKB-gDEwQ4DgJIMZRoDowIdGltZXpvbmWUk5RoDowJdGltZWRlbHRhlJOUSwBLAEsAh5RSlIWUUpSGlFKUdS4:1rmRWI:VZJZNHtGXkhGUaywjoX30NYihEA9ELdyFryFD4g8Drs	2024-03-19 06:22:54.300316+02
81	gameBoosterss	gAWV9wAAAAAAAAB9lCiMAmlklIwgODYwNTRmOGU0ODZkNDIxMmFjNWExYTE0ODg2OGIyNjGUjARuYW1llIwZZmFudGEtbGFrZS13aXNjb25zaW4tZGlldJSMBGZ1bmOUjA5hY2NvdW50cy50YXNrc5SMFHVwZGF0ZV9kYXRhYmFzZV90YXNrlJOUjARhcmdzlEuihZSMBmt3YXJnc5R9lIwHc3RhcnRlZJSMCGRhdGV0aW1llIwIZGF0ZXRpbWWUk5RDCgfoAxMFKhsKCjKUaA6MCHRpbWV6b25llJOUaA6MCXRpbWVkZWx0YZSTlEsASwBLAIeUUpSFlFKUhpRSlHUu:1rmSF1:hZUcF2m5frIFxp26sXKeRZbK93s2H6o7zPI9T_taqxw	2024-03-19 07:09:07.870405+02
82	gameBoosterss	gAWV-QAAAAAAAAB9lCiMAmlklIwgMTllOTc5Y2ZhMTBjNDI2MDk4NGFhNjA3ZjljNWE5OWOUjARuYW1llIwbZmlzaC1tb2JpbGUta2l0dGVuLWFya2Fuc2FzlIwEZnVuY5SMDmFjY291bnRzLnRhc2tzlIwUdXBkYXRlX2RhdGFiYXNlX3Rhc2uUk5SMBGFyZ3OUS6OFlIwGa3dhcmdzlH2UjAdzdGFydGVklIwIZGF0ZXRpbWWUjAhkYXRldGltZZSTlEMKB-gDFBMBCwSA9JRoDowIdGltZXpvbmWUk5RoDowJdGltZWRlbHRhlJOUSwBLAEsAh5RSlIWUUpSGlFKUdS4:1rn1BX:HB5bZCJ3P5i0BqPeddinzQAyVbnqaJrGHwiFLQPGVtE	2024-03-20 20:27:51.426804+02
83	gameBoosterss	gAWV9wAAAAAAAAB9lCiMAmlklIwgZjNkYmY2M2VhNzBhNGQzOTk1NWVkMzdmM2Y2YmUzMGOUjARuYW1llIwZdGltaW5nLXRhbmdvLWlzbGFuZC1yb2JpbpSMBGZ1bmOUjA5hY2NvdW50cy50YXNrc5SMFHVwZGF0ZV9kYXRhYmFzZV90YXNrlJOUjARhcmdzlEukhZSMBmt3YXJnc5R9lIwHc3RhcnRlZJSMCGRhdGV0aW1llIwIZGF0ZXRpbWWUk5RDCgfoAxYDGSoM7_KUaA6MCHRpbWV6b25llJOUaA6MCXRpbWVkZWx0YZSTlEsASwBLAIeUUpSFlFKUhpRSlHUu:1rnVXK:6q2e7a_nd7NvcOE59ZVP7kj1LHpYAJ5ytiyU3hdpWXk	2024-03-22 04:52:22.915664+02
84	gameBoosterss	gAWV-gAAAAAAAAB9lCiMAmlklIwgNzhkNWVhODNmMWVlNDBhMmFiMDMyZTRmMTBhMTZhNDOUjARuYW1llIwcc2hhZGUteWVsbG93LXNpeHRlZW4tbmVwdHVuZZSMBGZ1bmOUjA5hY2NvdW50cy50YXNrc5SMFHVwZGF0ZV9kYXRhYmFzZV90YXNrlJOUjARhcmdzlEulhZSMBmt3YXJnc5R9lIwHc3RhcnRlZJSMCGRhdGV0aW1llIwIZGF0ZXRpbWWUk5RDCgfoAxYFNiUKgBSUaA6MCHRpbWV6b25llJOUaA6MCXRpbWVkZWx0YZSTlEsASwBLAIeUUpSFlFKUhpRSlHUu:1rnXrR:xKtWJYLp3cH1y2D536OhQTTCEi5hTJjmis9PRVjNGpI	2024-03-22 07:21:17.772923+02
85	gameBoosterss	gAWV-QAAAAAAAAB9lCiMAmlklIwgOGQ0YjhlMDhmZWU3NGU4ODg3MmM0MTI2ZjUwZmZhNGSUjARuYW1llIwbZXF1YWwtdGhyZWUtc29jaWFsLWZvdXJ0ZWVulIwEZnVuY5SMDmFjY291bnRzLnRhc2tzlIwUdXBkYXRlX2RhdGFiYXNlX3Rhc2uUk5SMBGFyZ3OUS6aFlIwGa3dhcmdzlH2UjAdzdGFydGVklIwIZGF0ZXRpbWWUjAhkYXRldGltZZSTlEMKB-gDFgYzFgusjJRoDowIdGltZXpvbmWUk5RoDowJdGltZWRlbHRhlJOUSwBLAEsAh5RSlIWUUpSGlFKUdS4:1rnYkM:MjUanOwK92gIlucEN0hyoMHDLEVYEbLP20n7FoL8oQM	2024-03-22 08:18:02.925627+02
86	gameBoosterss	gAWV-wAAAAAAAAB9lCiMAmlklIwgMzA4YTNjOTU1YjBiNDdmODlhYTc4NWQ4NmJiYmEzODOUjARuYW1llIwdYmVlci12aW9sZXQtaHlkcm9nZW4tdmlyZ2luaWGUjARmdW5jlIwOYWNjb3VudHMudGFza3OUjBR1cGRhdGVfZGF0YWJhc2VfdGFza5STlIwEYXJnc5RLp4WUjAZrd2FyZ3OUfZSMB3N0YXJ0ZWSUjAhkYXRldGltZZSMCGRhdGV0aW1llJOUQwoH6AMWBjQyDkh1lGgOjAh0aW1lem9uZZSTlGgOjAl0aW1lZGVsdGGUk5RLAEsASwCHlFKUhZRSlIaUUpR1Lg:1rnYlm:FOyrOEpwIifyuSiEbCftzWp08OxrDd10U9NKj_6IHO4	2024-03-22 08:19:31.067723+02
87	gameBoosterss	gAWV9AAAAAAAAAB9lCiMAmlklIwgMTIyZDJmNDU2OWFmNGJjODk2NmZkMWRiZWYxMjgwYjWUjARuYW1llIwWZ29sZi1maW5jaC13aGlza2V5LXNpeJSMBGZ1bmOUjA5hY2NvdW50cy50YXNrc5SMFHVwZGF0ZV9kYXRhYmFzZV90YXNrlJOUjARhcmdzlEuohZSMBmt3YXJnc5R9lIwHc3RhcnRlZJSMCGRhdGV0aW1llIwIZGF0ZXRpbWWUk5RDCgfoAxYHAyYD8UyUaA6MCHRpbWV6b25llJOUaA6MCXRpbWVkZWx0YZSTlEsASwBLAIeUUpSFlFKUhpRSlHUu:1rnYwE:RSv2WCxSmUNaNf6GptQ2WaAZulSdn0Y4anRKcyAFUY4	2024-03-22 08:30:18.445863+02
88	gameBoosterss	gAWV_AAAAAAAAAB9lCiMAmlklIwgOWIyYjI4OTM0MGZjNDEyMWExMWQyNjE2ZDcxMzFiMjmUjARuYW1llIweYXNwYXJhZ3VzLXRlbm5pcy1taXJyb3Itd2lubmVylIwEZnVuY5SMDmFjY291bnRzLnRhc2tzlIwUdXBkYXRlX2RhdGFiYXNlX3Rhc2uUk5SMBGFyZ3OUS6mFlIwGa3dhcmdzlH2UjAdzdGFydGVklIwIZGF0ZXRpbWWUjAhkYXRldGltZZSTlEMKB-gDFwYHJgZrjZRoDowIdGltZXpvbmWUk5RoDowJdGltZWRlbHRhlJOUSwBLAEsAh5RSlIWUUpSGlFKUdS4:1rnuXa:7LYWEFKxYnn0gvEchfKZgWxCFsbh0wivRTHKMlTt_xo	2024-03-23 07:34:18.479596+02
89	gameBoosterss	gAWV-wAAAAAAAAB9lCiMAmlklIwgZDgyZjQ5ZWRkODk5NGMzMDhmNDlhYmFiYmNhNjZlYmSUjARuYW1llIwdZ2VvcmdpYS1lbGV2ZW4tc2luZ2xlLXNpeHRlZW6UjARmdW5jlIwOYWNjb3VudHMudGFza3OUjBR1cGRhdGVfZGF0YWJhc2VfdGFza5STlIwEYXJnc5RLqoWUjAZrd2FyZ3OUfZSMB3N0YXJ0ZWSUjAhkYXRldGltZZSMCGRhdGV0aW1llJOUQwoH6AMdDiMsAKSclGgOjAh0aW1lem9uZZSTlGgOjAl0aW1lZGVsdGGUk5RLAEsASwCHlFKUhZRSlIaUUpR1Lg:1rqDKa:QKrQ6Lk5od87zLBVuKyIo8IzDYhwqTe8NA1vEkySTjQ	2024-03-29 16:02:24.199702+02
90	gameBoosterss	gAWV-gAAAAAAAAB9lCiMAmlklIwgMTRlNWQ1YzFlNTFmNGFmNDk5ODFkZTc0Y2ZjODVjMzmUjARuYW1llIwcdW5jbGUtZmlsbGV0LXBvdGF0by1pbGxpbm9pc5SMBGZ1bmOUjA5hY2NvdW50cy50YXNrc5SMFHVwZGF0ZV9kYXRhYmFzZV90YXNrlJOUjARhcmdzlEurhZSMBmt3YXJnc5R9lIwHc3RhcnRlZJSMCGRhdGV0aW1llIwIZGF0ZXRpbWWUk5RDCgfoAx0OJQsLfNiUaA6MCHRpbWV6b25llJOUaA6MCXRpbWVkZWx0YZSTlEsASwBLAIeUUpSFlFKUhpRSlHUu:1rqDLz:SkiErKdg6QGVaPEhqks8GGWjs3Z7dH_vlvEbkJ4j5Bg	2024-03-29 16:03:51.914421+02
91	gameBoosterss	gAWV-QAAAAAAAAB9lCiMAmlklIwgZGNkMjRlMGY3ODAyNDU0NThiZTUxNmI3MzczMjA0NzGUjARuYW1llIwbZnJlZGRpZS1saW9uLXNvdXRoLWtlbnR1Y2t5lIwEZnVuY5SMDmFjY291bnRzLnRhc2tzlIwUdXBkYXRlX2RhdGFiYXNlX3Rhc2uUk5SMBGFyZ3OUS62FlIwGa3dhcmdzlH2UjAdzdGFydGVklIwIZGF0ZXRpbWWUjAhkYXRldGltZZSTlEMKB-gDHQ4sMAHPHpRoDowIdGltZXpvbmWUk5RoDowJdGltZWRlbHRhlJOUSwBLAEsAh5RSlIWUUpSGlFKUdS4:1rqDTM:2btpSavJgzTATQHQynRvWC-tinbePJP5373vP8nBVTM	2024-03-29 16:11:28.259181+02
92	gameBoosterss	gAWV-gAAAAAAAAB9lCiMAmlklIwgMTFlOWQwYzA2ZWFmNGViYzlkYzQyODgxNzgzMWUwOGSUjARuYW1llIwcdXJhbnVzLWRpZXQtdmlyZ2luaWEtY2VpbGluZ5SMBGZ1bmOUjA5hY2NvdW50cy50YXNrc5SMFHVwZGF0ZV9kYXRhYmFzZV90YXNrlJOUjARhcmdzlEuuhZSMBmt3YXJnc5R9lIwHc3RhcnRlZJSMCGRhdGV0aW1llIwIZGF0ZXRpbWWUk5RDCgfoAx0PJAEBjeWUaA6MCHRpbWV6b25llJOUaA6MCXRpbWVkZWx0YZSTlEsASwBLAIeUUpSFlFKUhpRSlHUu:1rqEGv:kklqAwXvh_qfGDJZtcyP0YGnnlXjgS81hO1wRHpMbLg	2024-03-29 17:02:41.309307+02
93	gameBoosterss	gAWV8QAAAAAAAAB9lCiMAmlklIwgNjhjYjUxYzZjYjdhNDA5NGE2NGRjMTEwYTlkOWUwMzmUjARuYW1llIwTZG9uLWluay1lZHdhcmQtb3ZlbpSMBGZ1bmOUjA5hY2NvdW50cy50YXNrc5SMFHVwZGF0ZV9kYXRhYmFzZV90YXNrlJOUjARhcmdzlEuvhZSMBmt3YXJnc5R9lIwHc3RhcnRlZJSMCGRhdGV0aW1llIwIZGF0ZXRpbWWUk5RDCgfoAx0QBgAMUiiUaA6MCHRpbWV6b25llJOUaA6MCXRpbWVkZWx0YZSTlEsASwBLAIeUUpSFlFKUhpRSlHUu:1rqEjw:kmt-6sFgX-SqjwiPXsB53t7rNksY2SiGcQKSejs5klo	2024-03-29 17:32:40.932125+02
94	gameBoosterss	gAWV9QAAAAAAAAB9lCiMAmlklIwgMmYwNDcwZDkyZTFmNDNiMGJiMWM0ZDVjOTg1MDg1ZmKUjARuYW1llIwXbWFuZ28tc2V2ZW4tcXVlZW4tcXVlZW6UjARmdW5jlIwOYWNjb3VudHMudGFza3OUjBR1cGRhdGVfZGF0YWJhc2VfdGFza5STlIwEYXJnc5RLsIWUjAZrd2FyZ3OUfZSMB3N0YXJ0ZWSUjAhkYXRldGltZZSMCGRhdGV0aW1llJOUQwoH6AMdEDgSB1gZlGgOjAh0aW1lem9uZZSTlGgOjAl0aW1lZGVsdGGUk5RLAEsASwCHlFKUhZRSlIaUUpR1Lg:1rqFWc:jIADMxdJjwInneBvHxXeGsnNfdCPW-YuBbgvCuJU6Ls	2024-03-29 18:22:58.623924+02
95	gameBoosterss	gAWV9AAAAAAAAAB9lCiMAmlklIwgMjMyNzQyMjFlMjk3NDk5ZWI1ZWQyZTJjNWZjNDlhMjiUjARuYW1llIwWaXNsYW5kLW9oaW8taGFycnktY29sZJSMBGZ1bmOUjA5hY2NvdW50cy50YXNrc5SMFHVwZGF0ZV9kYXRhYmFzZV90YXNrlJOUjARhcmdzlEuxhZSMBmt3YXJnc5R9lIwHc3RhcnRlZJSMCGRhdGV0aW1llIwIZGF0ZXRpbWWUk5RDCgfoAx0QOTUDx2qUaA6MCHRpbWV6b25llJOUaA6MCXRpbWVkZWx0YZSTlEsASwBLAIeUUpSFlFKUhpRSlHUu:1rqFY9:hWLJzr2JV4cZ-EMqokLfyEnHC8Ffo_P2BIEBJyPRJi8	2024-03-29 18:24:33.349387+02
96	gameBoosterss	gAWV9gAAAAAAAAB9lCiMAmlklIwgODFiOWQzMzliYWM0NDczOWFmOTJiYTk1N2QwNDg3NGGUjARuYW1llIwYc3ByaW5nLWFjay1iYXRtYW4tcHVycGxllIwEZnVuY5SMDmFjY291bnRzLnRhc2tzlIwUdXBkYXRlX2RhdGFiYXNlX3Rhc2uUk5SMBGFyZ3OUS7KFlIwGa3dhcmdzlH2UjAdzdGFydGVklIwIZGF0ZXRpbWWUjAhkYXRldGltZZSTlEMKB-gDHwsJGA0tG5RoDowIdGltZXpvbmWUk5RoDowJdGltZWRlbHRhlJOUSwBLAEsAh5RSlIWUUpSGlFKUdS4:1rqt40:dTSFav5QCWLTplHMsp_o4xVOsJ3vsfvbPfoHopwskO8	2024-03-31 12:36:04.945297+02
97	gameBoosterss	gAWV9QAAAAAAAAB9lCiMAmlklIwgZmE0OTM4MzM5MmRiNDc2OGE5ZDI5N2RjN2MzZTZmOTSUjARuYW1llIwXcmVkLWlvd2EtZGVjZW1iZXItcml2ZXKUjARmdW5jlIwOYWNjb3VudHMudGFza3OUjBR1cGRhdGVfZGF0YWJhc2VfdGFza5STlIwEYXJnc5RLs4WUjAZrd2FyZ3OUfZSMB3N0YXJ0ZWSUjAhkYXRldGltZZSMCGRhdGV0aW1llJOUQwoH6AMfCywiAgiIlGgOjAh0aW1lem9uZZSTlGgOjAl0aW1lZGVsdGGUk5RLAEsASwCHlFKUhZRSlIaUUpR1Lg:1rqtc2:Oub6UufhSf_hQ2g-ApUsYGxM3sa63FqUJbnsiNvjWVs	2024-03-31 13:11:14.237972+02
98	gameBoosterss	gAWV_gAAAAAAAAB9lCiMAmlklIwgODU4NDUyM2MxN2UwNDhlMWJiYWZjNTIwZjRiZDczY2KUjARuYW1llIwga2Fuc2FzLWhvdC13YXNoaW5ndG9uLXdhc2hpbmd0b26UjARmdW5jlIwOYWNjb3VudHMudGFza3OUjBR1cGRhdGVfZGF0YWJhc2VfdGFza5STlIwEYXJnc5RLtIWUjAZrd2FyZ3OUfZSMB3N0YXJ0ZWSUjAhkYXRldGltZZSMCGRhdGV0aW1llJOUQwoH6AMfDAcXBzzolGgOjAh0aW1lem9uZZSTlGgOjAl0aW1lZGVsdGGUk5RLAEsASwCHlFKUhZRSlIaUUpR1Lg:1rqty7:48SDr0dEkIkG6ITcPfy_NCm_hTa-NxtCaLouuQTLMWg	2024-03-31 13:34:03.587042+02
99	gameBoosterss	gAWV9AAAAAAAAAB9lCiMAmlklIwgZmUxNTIxZTE1NzQxNDkwYWE5ZDIwOWRlMWU5MzIxNDeUjARuYW1llIwWY29tZXQtZ29sZi1wYXJpcy12ZW51c5SMBGZ1bmOUjA5hY2NvdW50cy50YXNrc5SMFHVwZGF0ZV9kYXRhYmFzZV90YXNrlJOUjARhcmdzlEu1hZSMBmt3YXJnc5R9lIwHc3RhcnRlZJSMCGRhdGV0aW1llIwIZGF0ZXRpbWWUk5RDCgfoAx8MNAwCZYKUaA6MCHRpbWV6b25llJOUaA6MCXRpbWVkZWx0YZSTlEsASwBLAIeUUpSFlFKUhpRSlHUu:1rqufU:hbXLXRQuCJmDtjCWeQ1QlhXoOQitKDq1QwWV6W1KWwI	2024-03-31 14:18:52.221885+02
100	gameBoosterss	gAWV_QAAAAAAAAB9lCiMAmlklIwgZGI3ZjZmY2ExYmZkNGFiMmJlMzFhODc3ZmYwZDA3YmOUjARuYW1llIwfYWxhYmFtYS1jYWxpZm9ybmlhLWZyaWVuZC1mbG9vcpSMBGZ1bmOUjA5hY2NvdW50cy50YXNrc5SMFHVwZGF0ZV9kYXRhYmFzZV90YXNrlJOUjARhcmdzlEu2hZSMBmt3YXJnc5R9lIwHc3RhcnRlZJSMCGRhdGV0aW1llIwIZGF0ZXRpbWWUk5RDCgfoAx8PJwkJ_7-UaA6MCHRpbWV6b25llJOUaA6MCXRpbWVkZWx0YZSTlEsASwBLAIeUUpSFlFKUhpRSlHUu:1rqxH3:x8TM5-5audbKpd7NZr5_INM3OMNnA4_GGCE9PxG6wUo	2024-03-31 17:05:49.758022+02
101	gameBoosterss	gAWV-AAAAAAAAAB9lCiMAmlklIwgY2IxYjQ4NzhmOTM5NDdlMDhlMTY5NDhkMmQxZWMxMGaUjARuYW1llIwadGltaW5nLWlzbGFuZC1tYWluZS15ZWxsb3eUjARmdW5jlIwOYWNjb3VudHMudGFza3OUjBR1cGRhdGVfZGF0YWJhc2VfdGFza5STlIwEYXJnc5RLt4WUjAZrd2FyZ3OUfZSMB3N0YXJ0ZWSUjAhkYXRldGltZZSMCGRhdGV0aW1llJOUQwoH6AMfDy01BgmHlGgOjAh0aW1lem9uZZSTlGgOjAl0aW1lZGVsdGGUk5RLAEsASwCHlFKUhZRSlIaUUpR1Lg:1rqxNZ:4pSDSK5qyHQOoBEjD3E93-3ObfzLLzD5Zz5m3N-7f0c	2024-03-31 17:12:33.518325+02
102	gameBoosterss	gAWV-gAAAAAAAAB9lCiMAmlklIwgNjY2NjhjY2Q3OTE3NDNmY2IyMTZjNTc3NjQ1NzcxMDGUjARuYW1llIwcZmFpbGVkLXNwZWFrZXItYmxhY2stZmlmdGVlbpSMBGZ1bmOUjA5hY2NvdW50cy50YXNrc5SMFHVwZGF0ZV9kYXRhYmFzZV90YXNrlJOUjARhcmdzlEu4hZSMBmt3YXJnc5R9lIwHc3RhcnRlZJSMCGRhdGV0aW1llIwIZGF0ZXRpbWWUk5RDCgfoAx8PMAkIx1SUaA6MCHRpbWV6b25llJOUaA6MCXRpbWVkZWx0YZSTlEsASwBLAIeUUpSFlFKUhpRSlHUu:1rqxPl:0jqpED4r6XtwNWpKv4ze0AJ63rj9Y5deuN2AHnGjLH4	2024-03-31 17:14:49.682031+02
103	gameBoosterss	gAWV-wAAAAAAAAB9lCiMAmlklIwgYzRkMzhmY2RmNzViNDY3MjhlM2MyNDFkZmIyNTk0MmSUjARuYW1llIwdZ29sZi1uZXB0dW5lLW1pbm5lc290YS1pc2xhbmSUjARmdW5jlIwOYWNjb3VudHMudGFza3OUjBR1cGRhdGVfZGF0YWJhc2VfdGFza5STlIwEYXJnc5RLuYWUjAZrd2FyZ3OUfZSMB3N0YXJ0ZWSUjAhkYXRldGltZZSMCGRhdGV0aW1llJOUQwoH6AMfDzUeCWE_lGgOjAh0aW1lem9uZZSTlGgOjAl0aW1lZGVsdGGUk5RLAEsASwCHlFKUhZRSlIaUUpR1Lg:1rqxUw:8Mdq3WKvjnaIjJXv_3Zr6IB9zEcXaCWlRclFktcE1eQ	2024-03-31 17:20:10.683762+02
104	gameBoosterss	gAWV_wAAAAAAAAB9lCiMAmlklIwgMDA5ZTllMmM2MjI2NGQyZGE1NzYyOTc1NzUwNmU2MWGUjARuYW1llIwhY29ubmVjdGljdXQtY2VpbGluZy1tb2JpbGUtbW9iaWxllIwEZnVuY5SMDmFjY291bnRzLnRhc2tzlIwUdXBkYXRlX2RhdGFiYXNlX3Rhc2uUk5SMBGFyZ3OUS7qFlIwGa3dhcmdzlH2UjAdzdGFydGVklIwIZGF0ZXRpbWWUjAhkYXRldGltZZSTlEMKB-gEAgMbNAqwTZRoDowIdGltZXpvbmWUk5RoDowJdGltZWRlbHRhlJOUSwBLAEsAh5RSlIWUUpSGlFKUdS4:1rrUoS:TJCoIpwhuwqcymmo6pKsJs7Ag1hRYIfAkArxdgKviPI	2024-04-02 04:54:33.000943+02
105	gameBoosterss	gAWV-AAAAAAAAAB9lCiMAmlklIwgM2IzMjQzNjFhY2EzNDQ4NGEwMjJhOGYxNTg4NTU3YjOUjARuYW1llIwaY29tZXQtc291dGgtdGVubmVzc2VlLWVjaG-UjARmdW5jlIwOYWNjb3VudHMudGFza3OUjBR1cGRhdGVfZGF0YWJhc2VfdGFza5STlIwEYXJnc5RLvIWUjAZrd2FyZ3OUfZSMB3N0YXJ0ZWSUjAhkYXRldGltZZSMCGRhdGV0aW1llJOUQwoH6AQDAyovDJUelGgOjAh0aW1lem9uZZSTlGgOjAl0aW1lZGVsdGGUk5RLAEsASwCHlFKUhZRSlIaUUpR1Lg:1rrrWR:uHUOJtoLg8jSQc4lOkWu_CiYWanQA8o-JSZglXBZaGI	2024-04-03 05:09:27.999258+02
106	gameBoosterss	gAWV8QAAAAAAAAB9lCiMAmlklIwgZGUxMmMyOTU4YzYyNDdmNmI4M2E5Y2E2YjM3NjI4OTSUjARuYW1llIwTbmluZS1ob3RlbC1yZWQtbGltYZSMBGZ1bmOUjA5hY2NvdW50cy50YXNrc5SMFHVwZGF0ZV9kYXRhYmFzZV90YXNrlJOUjARhcmdzlEu9hZSMBmt3YXJnc5R9lIwHc3RhcnRlZJSMCGRhdGV0aW1llIwIZGF0ZXRpbWWUk5RDCgfoBAMDMQAI09qUaA6MCHRpbWV6b25llJOUaA6MCXRpbWVkZWx0YZSTlEsASwBLAIeUUpSFlFKUhpRSlHUu:1rrrcS:CLAx76aQy29ndAeJRl9nuXwPax6fs805v895351A49U	2024-04-03 05:15:40.712163+02
107	gameBoosterss	gAWV9QAAAAAAAAB9lCiMAmlklIwgZjY0NGI0ZDE3ZTUxNDY4NmJkYjkxMjBlY2FmZTllNDCUjARuYW1llIwXc3dlZXQtdmlvbGV0LWJsdWUtdmVnYW6UjARmdW5jlIwOYWNjb3VudHMudGFza3OUjBR1cGRhdGVfZGF0YWJhc2VfdGFza5STlIwEYXJnc5RLvoWUjAZrd2FyZ3OUfZSMB3N0YXJ0ZWSUjAhkYXRldGltZZSMCGRhdGV0aW1llJOUQwoH6AQDBA8CC5c6lGgOjAh0aW1lem9uZZSTlGgOjAl0aW1lZGVsdGGUk5RLAEsASwCHlFKUhZRSlIaUUpR1Lg:1rrs1e:0GnGTIe1dosQVvk4KF-b3LPVQbjR0Npz2KaoTr81mdw	2024-04-03 05:41:42.882281+02
108	gameBoosterss	gAWV-QAAAAAAAAB9lCiMAmlklIwgZWY4MzhiMTJlNmQzNDIxY2JhMzVkNTk2ZDYyMzkxNTKUjARuYW1llIwbd2lsbGlhbS1qb2hubnktc29jaWFsLWVhcmx5lIwEZnVuY5SMDmFjY291bnRzLnRhc2tzlIwUdXBkYXRlX2RhdGFiYXNlX3Rhc2uUk5SMBGFyZ3OUS7-FlIwGa3dhcmdzlH2UjAdzdGFydGVklIwIZGF0ZXRpbWWUjAhkYXRldGltZZSTlEMKB-gEAwQTMwgp9ZRoDowIdGltZXpvbmWUk5RoDowJdGltZWRlbHRhlJOUSwBLAEsAh5RSlIWUUpSGlFKUdS4:1rrs6J:QnjEZ21NFKx0iqg_G1B6nhM6NG1870HHhI2bOWN8l5s	2024-04-03 05:46:31.683629+02
109	gameBoosterss	gAWV9gAAAAAAAAB9lCiMAmlklIwgZGM5ZTU2OTdiN2FmNDk0OWFjODgyNTY2MjQxZjI1MTCUjARuYW1llIwYbWFyY2gtYmx1ZS1pc2xhbmQtYXV0dW1ulIwEZnVuY5SMDmFjY291bnRzLnRhc2tzlIwUdXBkYXRlX2RhdGFiYXNlX3Rhc2uUk5SMBGFyZ3OUS8CFlIwGa3dhcmdzlH2UjAdzdGFydGVklIwIZGF0ZXRpbWWUjAhkYXRldGltZZSTlEMKB-gEAwQjNwot6pRoDowIdGltZXpvbmWUk5RoDowJdGltZWRlbHRhlJOUSwBLAEsAh5RSlIWUUpSGlFKUdS4:1rrsLr:rTC0TH1ASNAKDTfLpRrlikrT9isOreC7_7Ofiq2buxs	2024-04-03 06:02:35.98726+02
110	gameBoosterss	gAWV9gAAAAAAAAB9lCiMAmlklIwgYWI5M2E1ZGYwMjg5NGM2N2JhOTlmMjUwZDE5NGUwMzeUjARuYW1llIwYZmFudGEtbnV0cy1tYWluZS1tb250YW5hlIwEZnVuY5SMDmFjY291bnRzLnRhc2tzlIwUdXBkYXRlX2RhdGFiYXNlX3Rhc2uUk5SMBGFyZ3OUS8GFlIwGa3dhcmdzlH2UjAdzdGFydGVklIwIZGF0ZXRpbWWUjAhkYXRldGltZZSTlEMKB-gEAwQsHgGLMpRoDowIdGltZXpvbmWUk5RoDowJdGltZWRlbHRhlJOUSwBLAEsAh5RSlIWUUpSGlFKUdS4:1rrsUA:KL9hO60cIPNKVVCFAPSwpHSeDqDL2s95A-CakIobJBg	2024-04-03 06:11:10.298642+02
111	gameBoosterss	gAWV-AAAAAAAAAB9lCiMAmlklIwgMWFkNWUxNWI4M2FhNDRmMjk1NjcwM2M5YTgwYzNlOTKUjARuYW1llIwabGFrZS1ub3ZlbWJlci1lYXN0LWFyaXpvbmGUjARmdW5jlIwOYWNjb3VudHMudGFza3OUjBR1cGRhdGVfZGF0YWJhc2VfdGFza5STlIwEYXJnc5RLwoWUjAZrd2FyZ3OUfZSMB3N0YXJ0ZWSUjAhkYXRldGltZZSMCGRhdGV0aW1llJOUQwoH6AQDBRElCw0glGgOjAh0aW1lem9uZZSTlGgOjAl0aW1lZGVsdGGUk5RLAEsASwCHlFKUhZRSlIaUUpR1Lg:1rrt0D:TJBaa-mCtxyP1gnOMbX7EiHZHT_qnokDw-sNlnpQGxc	2024-04-03 06:44:18.511155+02
112	gameBoosterss	gAWV9AAAAAAAAAB9lCiMAmlklIwgNDU5MmZkMzI3ZWQ4NDVhNDkyYjE3NzQ2ZmFjMzUzODGUjARuYW1llIwWYmx1ZS1maXZlLWJhdG1hbi12ZW51c5SMBGZ1bmOUjA5hY2NvdW50cy50YXNrc5SMFHVwZGF0ZV9kYXRhYmFzZV90YXNrlJOUjARhcmdzlEvDhZSMBmt3YXJnc5R9lIwHc3RhcnRlZJSMCGRhdGV0aW1llIwIZGF0ZXRpbWWUk5RDCgfoBAMFFCoHxayUaA6MCHRpbWV6b25llJOUaA6MCXRpbWVkZWx0YZSTlEsASwBLAIeUUpSFlFKUhpRSlHUu:1rrt3C:dygBvLzswIbfxB-gtWE6qsqulpFCd03TxyKLMb8Emxk	2024-04-03 06:47:22.629032+02
113	gameBoosterss	gAWV9wAAAAAAAAB9lCiMAmlklIwgZDNhNGNkOTk4OGFlNGQxMGI2NzBhODBkNDZkNGViZGaUjARuYW1llIwZY2F0LWxpdGhpdW0taW5kaWEtb3Jhbmdlc5SMBGZ1bmOUjA5hY2NvdW50cy50YXNrc5SMFHVwZGF0ZV9kYXRhYmFzZV90YXNrlJOUjARhcmdzlEvEhZSMBmt3YXJnc5R9lIwHc3RhcnRlZJSMCGRhdGV0aW1llIwIZGF0ZXRpbWWUk5RDCgfoBAgSIBYOJC-UaA6MCHRpbWV6b25llJOUaA6MCXRpbWVkZWx0YZSTlEsASwBLAIeUUpSFlFKUhpRSlHUu:1rttn4:KSsLKndMxggfSeRVZivshjyNu0Q_Qb_xg9LTZFRajWQ	2024-04-08 19:59:02.974657+02
114	gameBoosterss	gAWV-QAAAAAAAAB9lCiMAmlklIwgMTk0YjgzMWZhNDM1NGI4YmE1MDBmMjI3MzE0NTk2YmWUjARuYW1llIwbc29sYXItZnJ1aXQta2VudHVja3ktaGVsaXVtlIwEZnVuY5SMDmFjY291bnRzLnRhc2tzlIwUdXBkYXRlX2RhdGFiYXNlX3Rhc2uUk5SMBGFyZ3OUS8WFlIwGa3dhcmdzlH2UjAdzdGFydGVklIwIZGF0ZXRpbWWUjAhkYXRldGltZZSTlEMKB-gECBIwIQzqZJRoDowIdGltZXpvbmWUk5RoDowJdGltZWRlbHRhlJOUSwBLAEsAh5RSlIWUUpSGlFKUdS4:1rtu2j:pDYCI2xq73iuju5Tr6MM88cY72jJ1vElLN7OTnqV30A	2024-04-08 20:15:13.915252+02
115	gameBoosterss	gAWV-QAAAAAAAAB9lCiMAmlklIwgOTkxNmNhNDFmNDcxNDQ0ZTg5MGExNDU2YzJjODE3NDiUjARuYW1llIwbYWxwaGEtbW9iaWxlLXNlcHRlbWJlci1nb2xmlIwEZnVuY5SMDmFjY291bnRzLnRhc2tzlIwUdXBkYXRlX2RhdGFiYXNlX3Rhc2uUk5SMBGFyZ3OUS8aFlIwGa3dhcmdzlH2UjAdzdGFydGVklIwIZGF0ZXRpbWWUjAhkYXRldGltZZSTlEMKB-gECw0BHAHhPJRoDowIdGltZXpvbmWUk5RoDowJdGltZWRlbHRhlJOUSwBLAEsAh5RSlIWUUpSGlFKUdS4:1ruu3U:nkY9rjqC2SBJCg0BoWMRnwKLa_gtUw7IbiNSlinhwgQ	2024-04-11 14:28:08.199002+02
116	gameBoosterss	gAWV-QAAAAAAAAB9lCiMAmlklIwgMjY0Yzk2NWRiOWUzNGY4Zjk5YzMxY2UwMDRhNTJhZDaUjARuYW1llIwbb2N0b2Jlci1uZXZhZGEtb3Jhbmdlcy1oaWdolIwEZnVuY5SMDmFjY291bnRzLnRhc2tzlIwUdXBkYXRlX2RhdGFiYXNlX3Rhc2uUk5SMBGFyZ3OUS8eFlIwGa3dhcmdzlH2UjAdzdGFydGVklIwIZGF0ZXRpbWWUjAhkYXRldGltZZSTlEMKB-gECw0CDg0T1ZRoDowIdGltZXpvbmWUk5RoDowJdGltZWRlbHRhlJOUSwBLAEsAh5RSlIWUUpSGlFKUdS4:1ruu4E:sWO6W7vMhgjtvCfphz7jpuCGzBiDMpwcg_eHWNcZNHY	2024-04-11 14:28:54.953778+02
117	gameBoosterss	gAWV-AAAAAAAAAB9lCiMAmlklIwgNzg5MWZmMmQ3MWQwNGIyNWE0OGUwNmEyNjliMDdkYTGUjARuYW1llIwaZWlnaHQtc291dGgtbWlzc291cmktYW5nZWyUjARmdW5jlIwOYWNjb3VudHMudGFza3OUjBR1cGRhdGVfZGF0YWJhc2VfdGFza5STlIwEYXJnc5RLyIWUjAZrd2FyZ3OUfZSMB3N0YXJ0ZWSUjAhkYXRldGltZZSMCGRhdGV0aW1llJOUQwoH6AQLDTMbAa_tlGgOjAh0aW1lem9uZZSTlGgOjAl0aW1lZGVsdGGUk5RLAEsASwCHlFKUhZRSlIaUUpR1Lg:1ruupr:mbq0CukmEYdHw-6pDhKvjY442jRwM8d2cnFkh6TSkxI	2024-04-11 15:18:07.17141+02
118	gameBoosterss	gAWV9gAAAAAAAAB9lCiMAmlklIwgMTJmODVmNDgxZjc2NDRkYTg2Zjc5ZjE1YThmNjNjM2KUjARuYW1llIwYeWVsbG93LXdpbnRlci14cmF5LWhhcHB5lIwEZnVuY5SMDmFjY291bnRzLnRhc2tzlIwUdXBkYXRlX2RhdGFiYXNlX3Rhc2uUk5SMBGFyZ3OUS8mFlIwGa3dhcmdzlH2UjAdzdGFydGVklIwIZGF0ZXRpbWWUjAhkYXRldGltZZSTlEMKB-gECxEMMQePhJRoDowIdGltZXpvbmWUk5RoDowJdGltZWRlbHRhlJOUSwBLAEsAh5RSlIWUUpSGlFKUdS4:1ruxyj:kBsUgX5QjvLHsOE5aUsxYUrU0C289qzdxzCpxZb7SGM	2024-04-11 18:39:29.588225+02
119	gameBoosterss	gAWV9QAAAAAAAAB9lCiMAmlklIwgOWZjMjRlNGJhYjFmNGQzYjgzNDExZWFhNWRhYmU5NDWUjARuYW1llIwXaGFtcGVyLXNldmVuLWxhbXAtaGFycnmUjARmdW5jlIwOYWNjb3VudHMudGFza3OUjBR1cGRhdGVfZGF0YWJhc2VfdGFza5STlIwEYXJnc5RLzIWUjAZrd2FyZ3OUfZSMB3N0YXJ0ZWSUjAhkYXRldGltZZSMCGRhdGV0aW1llJOUQwoH6AQMDjQ1DdAylGgOjAh0aW1lem9uZZSTlGgOjAl0aW1lZGVsdGGUk5RLAEsASwCHlFKUhZRSlIaUUpR1Lg:1rvIGr:6AdxRXJrb-_RrGCuklo-tb6zV2wPItKPNQWTbV3xKJ0	2024-04-12 16:19:33.953671+02
120	gameBoosterss	gAWV8wAAAAAAAAB9lCiMAmlklIwgZjYwZWZhMzYwMTU1NGZiMDg0Y2MwMjJlMDNmZDcwNTaUjARuYW1llIwVZG9uLXBhcGEtaW5kaWdvLXRhYmxllIwEZnVuY5SMDmFjY291bnRzLnRhc2tzlIwUdXBkYXRlX2RhdGFiYXNlX3Rhc2uUk5SMBGFyZ3OUS82FlIwGa3dhcmdzlH2UjAdzdGFydGVklIwIZGF0ZXRpbWWUjAhkYXRldGltZZSTlEMKB-gEDQ0HEASRBZRoDowIdGltZXpvbmWUk5RoDowJdGltZWRlbHRhlJOUSwBLAEsAh5RSlIWUUpSGlFKUdS4:1rvd6C:G1ReDyX6ChbPXbS52C6Z74QCW3QFbg8jxTfpZJ9GjYI	2024-04-13 14:33:56.416945+02
121	gameBoosterss	gAWV-wAAAAAAAAB9lCiMAmlklIwgNjEzYjRjOTllNzU4NDA0YWFiN2RmNTYyNDk5MDQ2YTOUjARuYW1llIwdbW9iaWxlLXF1ZWJlYy1mYWlsZWQtZWlnaHRlZW6UjARmdW5jlIwOYWNjb3VudHMudGFza3OUjBR1cGRhdGVfZGF0YWJhc2VfdGFza5STlIwEYXJnc5RLzoWUjAZrd2FyZ3OUfZSMB3N0YXJ0ZWSUjAhkYXRldGltZZSMCGRhdGV0aW1llJOUQwoH6AQNDQsmBA2ElGgOjAh0aW1lem9uZZSTlGgOjAl0aW1lZGVsdGGUk5RLAEsASwCHlFKUhZRSlIaUUpR1Lg:1rvdAQ:r6JX0tM8Urg4UXuO1YCAUI-1sR06hMW4C6pQuAzeSTg	2024-04-13 14:38:18.404224+02
122	gameBoosterss	gAWV9QAAAAAAAAB9lCiMAmlklIwgOTFjZGI5ZWY4YjU0NDU5Y2FhYTU3ZmZhOWFhNjdhZjCUjARuYW1llIwXYXJ0aXN0LWFwYXJ0LW1pa2UtcXVlZW6UjARmdW5jlIwOYWNjb3VudHMudGFza3OUjBR1cGRhdGVfZGF0YWJhc2VfdGFza5STlIwEYXJnc5RLz4WUjAZrd2FyZ3OUfZSMB3N0YXJ0ZWSUjAhkYXRldGltZZSMCGRhdGV0aW1llJOUQwoH6AQNDQ0aBN9FlGgOjAh0aW1lem9uZZSTlGgOjAl0aW1lZGVsdGGUk5RLAEsASwCHlFKUhZRSlIaUUpR1Lg:1rvdCA:0FL1Jcqfh8-pGnW23x9p3tY8ygmMP0bB4EO6HeQvqZ0	2024-04-13 14:40:06.43882+02
123	gameBoosterss	gAWV9wAAAAAAAAB9lCiMAmlklIwgNzM2YTFlOWJlY2ZhNGIwM2FkZjhmMTFlNWViMTczMmGUjARuYW1llIwZbmluZXRlZW4taG90LXJvYmVydC1xdWVlbpSMBGZ1bmOUjA5hY2NvdW50cy50YXNrc5SMFHVwZGF0ZV9kYXRhYmFzZV90YXNrlJOUjARhcmdzlEvRhZSMBmt3YXJnc5R9lIwHc3RhcnRlZJSMCGRhdGV0aW1llIwIZGF0ZXRpbWWUk5RDCgfoBA0NHxwK3BmUaA6MCHRpbWV6b25llJOUaA6MCXRpbWVkZWx0YZSTlEsASwBLAIeUUpSFlFKUhpRSlHUu:1rvdTc:A-QYKofxyihw1wWw_oMxRY5UxGt8-oP1BkwpqFm2alA	2024-04-13 14:58:08.82225+02
124	gameBoosterss	gAWV9gAAAAAAAAB9lCiMAmlklIwgMWQyN2M5MWMwMDUxNDVlMmIzZTI2OWYwYWE4ZjU0NzKUjARuYW1llIwYdmlvbGV0LXdpbm5lci1zaXgtYWxhc2thlIwEZnVuY5SMDmFjY291bnRzLnRhc2tzlIwUdXBkYXRlX2RhdGFiYXNlX3Rhc2uUk5SMBGFyZ3OUS9KFlIwGa3dhcmdzlH2UjAdzdGFydGVklIwIZGF0ZXRpbWWUjAhkYXRldGltZZSTlEMKB-gEDQ0vAgspRZRoDowIdGltZXpvbmWUk5RoDowJdGltZWRlbHRhlJOUSwBLAEsAh5RSlIWUUpSGlFKUdS4:1rvdig:SSzqDBxRdtPVGjYEPcAMHMX9wfZ46plyzBohPEDVXws	2024-04-13 15:13:42.849149+02
125	gameBoosterss	gAWV_AAAAAAAAAB9lCiMAmlklIwgNmU4ZWZiZjZjYzZkNGY4MGJjNjgyMjNjNTI0Y2UwNTiUjARuYW1llIwedmljdG9yLWp1cGl0ZXItc2t5bGFyay1vcmFuZ2VzlIwEZnVuY5SMDmFjY291bnRzLnRhc2tzlIwUdXBkYXRlX2RhdGFiYXNlX3Rhc2uUk5SMBGFyZ3OUS9OFlIwGa3dhcmdzlH2UjAdzdGFydGVklIwIZGF0ZXRpbWWUjAhkYXRldGltZZSTlEMKB-gEDQ01Jg0a2ZRoDowIdGltZXpvbmWUk5RoDowJdGltZWRlbHRhlJOUSwBLAEsAh5RSlIWUUpSGlFKUdS4:1rvdp4:AI1NOiF7EsSUSeaF2Bq3EoEuzlBH1iDLxmQkdOGwmps	2024-04-13 15:20:19.014423+02
126	gameBoosterss	gAWV9AAAAAAAAAB9lCiMAmlklIwgMjFkNGQ4NzVjNDZmNGE2ZWE3NGVlNzdmYWEwNTQwOGGUjARuYW1llIwWaGFtcGVyLW1vYmlsZS1raWxvLWlua5SMBGZ1bmOUjA5hY2NvdW50cy50YXNrc5SMFHVwZGF0ZV9kYXRhYmFzZV90YXNrlJOUjARhcmdzlEvUhZSMBmt3YXJnc5R9lIwHc3RhcnRlZJSMCGRhdGV0aW1llIwIZGF0ZXRpbWWUk5RDCgfoBA0NNzMGSAGUaA6MCHRpbWV6b25llJOUaA6MCXRpbWVkZWx0YZSTlEsASwBLAIeUUpSFlFKUhpRSlHUu:1rvdrD:Suox3hhTANyRFDRSXOmnwFCfxNO0zjh4EJHZwKGh7CA	2024-04-13 15:22:31.5403+02
127	gameBoosterss	gAWVAgEAAAAAAAB9lCiMAmlklIwgNDg4YWFkN2UzMTU3NDI4NTk5ODkyY2NkZjYyNDY2ZDSUjARuYW1llIwkYmFrZXJsb28tb2N0b2Jlci13YXNoaW5ndG9uLWh5ZHJvZ2VulIwEZnVuY5SMDmFjY291bnRzLnRhc2tzlIwUdXBkYXRlX2RhdGFiYXNlX3Rhc2uUk5SMBGFyZ3OUS9WFlIwGa3dhcmdzlH2UjAdzdGFydGVklIwIZGF0ZXRpbWWUjAhkYXRldGltZZSTlEMKB-gEDQ06OwlwlpRoDowIdGltZXpvbmWUk5RoDowJdGltZWRlbHRhlJOUSwBLAEsAh5RSlIWUUpSGlFKUdS4:1rvduF:Od3AfNf6H0UYSjs6UCffXzOcw6XMjXWH4M2XCgThYTU	2024-04-13 15:25:39.751291+02
128	gameBoosterss	gAWV-gAAAAAAAAB9lCiMAmlklIwgNjczNjY1MzU3OTM2NDBkNDgyNzA2Yzk0YzJiNDI2ZWWUjARuYW1llIwcYWxhYmFtYS10ZW5uZXNzZWUtYXJ0aXN0LXNhZJSMBGZ1bmOUjA5hY2NvdW50cy50YXNrc5SMFHVwZGF0ZV9kYXRhYmFzZV90YXNrlJOUjARhcmdzlEvWhZSMBmt3YXJnc5R9lIwHc3RhcnRlZJSMCGRhdGV0aW1llIwIZGF0ZXRpbWWUk5RDCgfoBA4JLR8FBKeUaA6MCHRpbWV6b25llJOUaA6MCXRpbWVkZWx0YZSTlEsASwBLAIeUUpSFlFKUhpRSlHUu:1rvwQV:aNWjLfKBNwORyR0LkeB5Z6AiYv4mTpGDLtJYpOxc7_M	2024-04-14 11:12:11.424619+02
129	gameBoosterss	gAWV9QAAAAAAAAB9lCiMAmlklIwgZDc3ZmY4ZTFmYTM5NDBmYTkxMDA1ZTQ1MGQyYWJiZjKUjARuYW1llIwXcGx1dG8tbGltYS1taWtlLWp1cGl0ZXKUjARmdW5jlIwOYWNjb3VudHMudGFza3OUjBR1cGRhdGVfZGF0YWJhc2VfdGFza5STlIwEYXJnc5RL2IWUjAZrd2FyZ3OUfZSMB3N0YXJ0ZWSUjAhkYXRldGltZZSMCGRhdGV0aW1llJOUQwoH6AQOChEYDguwlGgOjAh0aW1lem9uZZSTlGgOjAl0aW1lZGVsdGGUk5RLAEsASwCHlFKUhZRSlIaUUpR1Lg:1rvwvM:t22V0THykTsfgAPQuCj0bocCDd6wzIfnahYqWM6ne3s	2024-04-14 11:44:05.116972+02
130	gameBoosterss	gAWV9QAAAAAAAAB9lCiMAmlklIwgNGI5Yjc3N2Y4YTUxNDBkOThmZjA3ZTkwODVmZDM1NWWUjARuYW1llIwXdGFibGUtZmFudGEtbW9ua2V5LWJlZXKUjARmdW5jlIwOYWNjb3VudHMudGFza3OUjBR1cGRhdGVfZGF0YWJhc2VfdGFza5STlIwEYXJnc5RL2oWUjAZrd2FyZ3OUfZSMB3N0YXJ0ZWSUjAhkYXRldGltZZSMCGRhdGV0aW1llJOUQwoH6AQOCiAGChpylGgOjAh0aW1lem9uZZSTlGgOjAl0aW1lZGVsdGGUk5RLAEsASwCHlFKUhZRSlIaUUpR1Lg:1rvx9a:FsiNv9IDrracmMYaNExiTRfPfYCppBnopHlB4yTnGcs	2024-04-14 11:58:46.751904+02
131	gameBoosterss	gAWV_gAAAAAAAAB9lCiMAmlklIwgNmZkMGE5MjEzNjA3NDg0Mzg3NmY1NTNiZDcyMjBjY2WUjARuYW1llIwgZWFydGgtZWR3YXJkLW1hc3NhY2h1c2V0dHMtZWFydGiUjARmdW5jlIwOYWNjb3VudHMudGFza3OUjBR1cGRhdGVfZGF0YWJhc2VfdGFza5STlIwEYXJnc5RL_YWUjAZrd2FyZ3OUfZSMB3N0YXJ0ZWSUjAhkYXRldGltZZSMCGRhdGV0aW1llJOUQwoH6AQOCwkkBQLPlGgOjAh0aW1lem9uZZSTlGgOjAl0aW1lZGVsdGGUk5RLAEsASwCHlFKUhZRSlIaUUpR1Lg:1rvxjs:C86eRSldi4M37zOul9P6n69bgdG4tjb-A9pbfvJYzkw	2024-04-14 12:36:16.434116+02
132	gameBoosterss	gAWV-AAAAAAAAAB9lCiMAmlklIwgZTFjZWQ0NGVhMWE5NGZlZTkxNzlkMmQ4OGNkZGVkYmaUjARuYW1llIwZcXVlYmVjLW92ZW4tdHdlbHZlLWFsYXNrYZSMBGZ1bmOUjA5hY2NvdW50cy50YXNrc5SMFHVwZGF0ZV9kYXRhYmFzZV90YXNrlJOUjARhcmdzlE0CAYWUjAZrd2FyZ3OUfZSMB3N0YXJ0ZWSUjAhkYXRldGltZZSMCGRhdGV0aW1llJOUQwoH6AQOCw4KCtDglGgOjAh0aW1lem9uZZSTlGgOjAl0aW1lZGVsdGGUk5RLAEsASwCHlFKUhZRSlIaUUpR1Lg:1rvxoI:qprb2uMJtQ0FIBe-wb_bBEVejP-jkNGZVWZFX4j2nkM	2024-04-14 12:40:50.786625+02
133	gameBoosterss	gAWV-wAAAAAAAAB9lCiMAmlklIwgNDgwNTg5ZjEzZDhiNGFkOWI4YWZmMmY5NWIwZDZmZDaUjARuYW1llIwcZG91YmxlLWNoYXJsaWUtYnVyZ2VyLXZpb2xldJSMBGZ1bmOUjA5hY2NvdW50cy50YXNrc5SMFHVwZGF0ZV9kYXRhYmFzZV90YXNrlJOUjARhcmdzlE0EAYWUjAZrd2FyZ3OUfZSMB3N0YXJ0ZWSUjAhkYXRldGltZZSMCGRhdGV0aW1llJOUQwoH6AQOCxApDVNolGgOjAh0aW1lem9uZZSTlGgOjAl0aW1lZGVsdGGUk5RLAEsASwCHlFKUhZRSlIaUUpR1Lg:1rvxqj:EZYPr5PnvvXY4hU_zXW5bVngnhEj2AlePf8wx5iAa0k	2024-04-14 12:43:22.005964+02
134	gameBoosterss	gAWV_wAAAAAAAAB9lCiMAmlklIwgMzNkYmY4YzYzODI4NGU2ZWI4NjYxOGQzYTE2NDBkYmKUjARuYW1llIwgc3VtbWVyLWRlY2VtYmVyLWJlcnlsbGl1bS1raXR0ZW6UjARmdW5jlIwOYWNjb3VudHMudGFza3OUjBR1cGRhdGVfZGF0YWJhc2VfdGFza5STlIwEYXJnc5RNBgGFlIwGa3dhcmdzlH2UjAdzdGFydGVklIwIZGF0ZXRpbWWUjAhkYXRldGltZZSTlEMKB-gEDgsSGw3qgJRoDowIdGltZXpvbmWUk5RoDowJdGltZWRlbHRhlJOUSwBLAEsAh5RSlIWUUpSGlFKUdS4:1rvxsR:5KtnL4NxTRiutKdBgMM7zhbIjsZ1qJKWS27SHIdRkFw	2024-04-14 12:45:08.013728+02
135	gameBoosterss	gAWV-wAAAAAAAAB9lCiMAmlklIwgOGM5MWQ4OGE4NjQwNDE4MjkzYzk2NzMwZTFlYzZmOWKUjARuYW1llIwcZnJlZGRpZS1hbmdlbC1hdWd1c3Qtd29sZnJhbZSMBGZ1bmOUjA5hY2NvdW50cy50YXNrc5SMFHVwZGF0ZV9kYXRhYmFzZV90YXNrlJOUjARhcmdzlE0IAYWUjAZrd2FyZ3OUfZSMB3N0YXJ0ZWSUjAhkYXRldGltZZSMCGRhdGV0aW1llJOUQwoH6AQOCxMaAsEflGgOjAh0aW1lem9uZZSTlGgOjAl0aW1lZGVsdGGUk5RLAEsASwCHlFKUhZRSlIaUUpR1Lg:1rvxtO:xsQj_aVX-xdUTT1f9_4FgEtO_3OrfipJVVla6V9SYUM	2024-04-14 12:46:06.278246+02
136	gameBoosterss	gAWV-AAAAAAAAAB9lCiMAmlklIwgNjlmNzgzOGYyZjIyNGQ0NmI2M2M4ZDRmOThkZGU3NDWUjARuYW1llIwZbW9udGFuYS1hcGFydC1maXgtdW5pZm9ybZSMBGZ1bmOUjA5hY2NvdW50cy50YXNrc5SMFHVwZGF0ZV9kYXRhYmFzZV90YXNrlJOUjARhcmdzlE0KAYWUjAZrd2FyZ3OUfZSMB3N0YXJ0ZWSUjAhkYXRldGltZZSMCGRhdGV0aW1llJOUQwoH6AQOCxwiBpC5lGgOjAh0aW1lem9uZZSTlGgOjAl0aW1lZGVsdGGUk5RLAEsASwCHlFKUhZRSlIaUUpR1Lg:1rvy2E:aCKOV093e13_nvjb0ATtZPyUeluh4mh2vB4M1ogYop8	2024-04-14 12:55:14.51703+02
137	gameBoosterss	gAWV-AAAAAAAAAB9lCiMAmlklIwgMzJiMGFlN2RlZGU5NDVkYmIwOTEwOGM1OTY2NGQxYTeUjARuYW1llIwZZnJ1aXQtbmV2YWRhLXZlcm1vbnQtbWFyc5SMBGZ1bmOUjA5hY2NvdW50cy50YXNrc5SMFHVwZGF0ZV9kYXRhYmFzZV90YXNrlJOUjARhcmdzlE0LAYWUjAZrd2FyZ3OUfZSMB3N0YXJ0ZWSUjAhkYXRldGltZZSMCGRhdGV0aW1llJOUQwoH6AQOCx8tBiUSlGgOjAh0aW1lem9uZZSTlGgOjAl0aW1lZGVsdGGUk5RLAEsASwCHlFKUhZRSlIaUUpR1Lg:1rvy5J:3_FSouZD8omD48Dy6xKLp5n2ohVnbtaAqb2cBnn1Krk	2024-04-14 12:58:25.551333+02
138	gameBoosterss	gAWV-gAAAAAAAAB9lCiMAmlklIwgNmM0NDU5NjAyNGE3NDIzZjhkZjFiNjlhMDAzZWIyMGaUjARuYW1llIwbYmFrZXJsb28temVicmEtZnJpZW5kLW1hcmNolIwEZnVuY5SMDmFjY291bnRzLnRhc2tzlIwUdXBkYXRlX2RhdGFiYXNlX3Rhc2uUk5SMBGFyZ3OUTQ0BhZSMBmt3YXJnc5R9lIwHc3RhcnRlZJSMCGRhdGV0aW1llIwIZGF0ZXRpbWWUk5RDCgfoBA4LNw4MIPyUaA6MCHRpbWV6b25llJOUaA6MCXRpbWVkZWx0YZSTlEsASwBLAIeUUpSFlFKUhpRSlHUu:1rvyS2:MqNG7-ZYHEczZbV5R4xu6rH3Z_mM74NFtV7gYp7mP2c	2024-04-14 13:21:54.940485+02
139	gameBoosterss	gAWV9gAAAAAAAAB9lCiMAmlklIwgOWExNmZkYjE3NGRhNGJjZTkyYzI2MGYwYTUwYmNiMDCUjARuYW1llIwXc2F0dXJuLWNvbWV0LXNhdHVybi1pbmuUjARmdW5jlIwOYWNjb3VudHMudGFza3OUjBR1cGRhdGVfZGF0YWJhc2VfdGFza5STlIwEYXJnc5RNDgGFlIwGa3dhcmdzlH2UjAdzdGFydGVklIwIZGF0ZXRpbWWUjAhkYXRldGltZZSTlEMKB-gEDgwACwVpgJRoDowIdGltZXpvbmWUk5RoDowJdGltZWRlbHRhlJOUSwBLAEsAh5RSlIWUUpSGlFKUdS4:1rvyWp:SklePQTORXRK7uZo-QUJW6rIIe5T_IHQUnQMTxZRgTA	2024-04-14 13:26:51.481345+02
140	gameBoosterss	gAWV_AAAAAAAAAB9lCiMAmlklIwgYjIwYTdkZTdhMTgxNGIyNGEyMDQ2YzBmNzI3NjI3YzSUjARuYW1llIwdY2FycGV0LWZyZWRkaWUtc2llcnJhLXVuaWZvcm2UjARmdW5jlIwOYWNjb3VudHMudGFza3OUjBR1cGRhdGVfZGF0YWJhc2VfdGFza5STlIwEYXJnc5RNDwGFlIwGa3dhcmdzlH2UjAdzdGFydGVklIwIZGF0ZXRpbWWUjAhkYXRldGltZZSTlEMKB-gEDgwEJw7U4ZRoDowIdGltZXpvbmWUk5RoDowJdGltZWRlbHRhlJOUSwBLAEsAh5RSlIWUUpSGlFKUdS4:1rvyb9:YTVZA_ltp802uWKk1aN0R-XdIUaiDwENg0cTsRV1cls	2024-04-14 13:31:20.062754+02
141	gameBoosterss	gAWV9wAAAAAAAAB9lCiMAmlklIwgM2JkZmYyZjlkNTg4NGEwYWJmY2IxYTU2MDQxNzdlZWOUjARuYW1llIwYdmlvbGV0LWJ1dHRlci1lYXN0LW1haW5llIwEZnVuY5SMDmFjY291bnRzLnRhc2tzlIwUdXBkYXRlX2RhdGFiYXNlX3Rhc2uUk5SMBGFyZ3OUTRABhZSMBmt3YXJnc5R9lIwHc3RhcnRlZJSMCGRhdGV0aW1llIwIZGF0ZXRpbWWUk5RDCgfoBA4MCTMGIcyUaA6MCHRpbWV6b25llJOUaA6MCXRpbWVkZWx0YZSTlEsASwBLAIeUUpSFlFKUhpRSlHUu:1rvygB:Orf7zBmhx417GhE-8x5wbmGQRqqwedH3q1AyH82c9EY	2024-04-14 13:36:31.553462+02
142	gameBoosterss	gAWV-AAAAAAAAAB9lCiMAmlklIwgMjQ4YTllMjNhMjUyNDAwMmJjYTlhNDk3NWY1YmQ0OTWUjARuYW1llIwZYmVlci1wb3RhdG8tY2hpY2tlbi1maW5jaJSMBGZ1bmOUjA5hY2NvdW50cy50YXNrc5SMFHVwZGF0ZV9kYXRhYmFzZV90YXNrlJOUjARhcmdzlE0RAYWUjAZrd2FyZ3OUfZSMB3N0YXJ0ZWSUjAhkYXRldGltZZSMCGRhdGV0aW1llJOUQwoH6AQODAsLAftylGgOjAh0aW1lem9uZZSTlGgOjAl0aW1lZGVsdGGUk5RLAEsASwCHlFKUhZRSlIaUUpR1Lg:1rvyhT:jHMTUlx_F64fwRywTaZOGJz92I0x16399i-K4yoK4Ag	2024-04-14 13:37:51.291474+02
143	gameBoosterss	gAWV-wAAAAAAAAB9lCiMAmlklIwgOTY2OTRkYTcyOTE4NGM0MDg3Y2QwY2Y2ZGVhZTljMTKUjARuYW1llIwcYmVyeWxsaXVtLWVsZXZlbi1waXp6YS16ZWJyYZSMBGZ1bmOUjA5hY2NvdW50cy50YXNrc5SMFHVwZGF0ZV9kYXRhYmFzZV90YXNrlJOUjARhcmdzlE0XAYWUjAZrd2FyZ3OUfZSMB3N0YXJ0ZWSUjAhkYXRldGltZZSMCGRhdGV0aW1llJOUQwoH6AQODRQyAyt-lGgOjAh0aW1lem9uZZSTlGgOjAl0aW1lZGVsdGGUk5RLAEsASwCHlFKUhZRSlIaUUpR1Lg:1rvzms:fG2lCybJQM78ieINdd-qCni2L01ihDZOREQlbV_KbvM	2024-04-14 14:47:30.306478+02
144	gameBoosterss	gAWV-QAAAAAAAAB9lCiMAmlklIwgMTNlM2E4NjgyMDFlNGZjZTg5ZmJiOGRlMzQ1NWUzZTeUjARuYW1llIwaZGVjZW1iZXItc2FsYW1pLWJlcmxpbi1pbmuUjARmdW5jlIwOYWNjb3VudHMudGFza3OUjBR1cGRhdGVfZGF0YWJhc2VfdGFza5STlIwEYXJnc5RNGQGFlIwGa3dhcmdzlH2UjAdzdGFydGVklIwIZGF0ZXRpbWWUjAhkYXRldGltZZSTlEMKB-gEDg0iAQ3uXZRoDowIdGltZXpvbmWUk5RoDowJdGltZWRlbHRhlJOUSwBLAEsAh5RSlIWUUpSGlFKUdS4:1rvzzd:QrsjQltwUVVFK0kh7Ucm1AugS6y6dT25Zbgdo1JyTFU	2024-04-14 15:00:42.058618+02
145	gameBoosterss	gAWV9gAAAAAAAAB9lCiMAmlklIwgNWI3MTQ4MTA1YWI3NDU3NzgzY2U3Y2FiMjBjZWMxZDGUjARuYW1llIwXa2luZy10aHJlZS1uZXZhZGEtemVicmGUjARmdW5jlIwOYWNjb3VudHMudGFza3OUjBR1cGRhdGVfZGF0YWJhc2VfdGFza5STlIwEYXJnc5RNHAGFlIwGa3dhcmdzlH2UjAdzdGFydGVklIwIZGF0ZXRpbWWUjAhkYXRldGltZZSTlEMKB-gEDg0tBQj_fZRoDowIdGltZXpvbmWUk5RoDowJdGltZWRlbHRhlJOUSwBLAEsAh5RSlIWUUpSGlFKUdS4:1rw0AL:nFIe4YdbIPLEm1WXMostcbU6v4-_QGlQxQzPL5OlzuI	2024-04-14 15:11:45.692418+02
146	gameBoosterss	gAWV_AAAAAAAAAB9lCiMAmlklIwgZDlkYmQzMzcxMjI4NGRmODg3YWVmYjVjYTI1ODMwNGKUjARuYW1llIwddW5kcmVzcy1tb2JpbGUtbWlzc291cmktbWFpbmWUjARmdW5jlIwOYWNjb3VudHMudGFza3OUjBR1cGRhdGVfZGF0YWJhc2VfdGFza5STlIwEYXJnc5RNHQGFlIwGa3dhcmdzlH2UjAdzdGFydGVklIwIZGF0ZXRpbWWUjAhkYXRldGltZZSTlEMKB-gEDg0xIQv-WpRoDowIdGltZXpvbmWUk5RoDowJdGltZWRlbHRhlJOUSwBLAEsAh5RSlIWUUpSGlFKUdS4:1rw0Ef:WX-l08L1UouXedC8nb7Ugjgo9B1tquLzqT0K7Cckxi8	2024-04-14 15:16:13.866792+02
147	gameBoosterss	gAWV9gAAAAAAAAB9lCiMAmlklIwgYzdiMzhlNzIwNzAwNDUxZGFiM2Y2ZmE5MzYwMTRjYjeUjARuYW1llIwXbWV4aWNvLWhvdGVsLWdlZS1zb2NpYWyUjARmdW5jlIwOYWNjb3VudHMudGFza3OUjBR1cGRhdGVfZGF0YWJhc2VfdGFza5STlIwEYXJnc5RNHwGFlIwGa3dhcmdzlH2UjAdzdGFydGVklIwIZGF0ZXRpbWWUjAhkYXRldGltZZSTlEMKB-gEDg02NgJgtJRoDowIdGltZXpvbmWUk5RoDowJdGltZWRlbHRhlJOUSwBLAEsAh5RSlIWUUpSGlFKUdS4:1rw0Jq:hiNrZkQAK6oR-S9gnVrNHha75tPCUwxjV2A3YojVX78	2024-04-14 15:21:34.20669+02
148	gameBoosterss	gAWV9wAAAAAAAAB9lCiMAmlklIwgMzI1NGM5MjczYjljNGNiMGI5MDc1YjBhMWU0OWY0NmKUjARuYW1llIwYbWV4aWNvLWhhd2FpaS12aW9sZXQtc2l4lIwEZnVuY5SMDmFjY291bnRzLnRhc2tzlIwUdXBkYXRlX2RhdGFiYXNlX3Rhc2uUk5SMBGFyZ3OUTSABhZSMBmt3YXJnc5R9lIwHc3RhcnRlZJSMCGRhdGV0aW1llIwIZGF0ZXRpbWWUk5RDCgfoBA4OAQ0AoTuUaA6MCHRpbWV6b25llJOUaA6MCXRpbWVkZWx0YZSTlEsASwBLAIeUUpSFlFKUhpRSlHUu:1rw0Px:SX8LTMkkKrBCdqNeE88NzlcJpVAUueMKu8xa_dB8tWA	2024-04-14 15:27:53.152706+02
149	gameBoosterss	gAWV-gAAAAAAAAB9lCiMAmlklIwgZDNmMjllNTc4Y2E4NGRhM2FkOWU5YzczMjQxYTI3MmWUjARuYW1llIwbdXJhbnVzLXNreWxhcmstdGVubmlzLWVhcnRolIwEZnVuY5SMDmFjY291bnRzLnRhc2tzlIwUdXBkYXRlX2RhdGFiYXNlX3Rhc2uUk5SMBGFyZ3OUTSEBhZSMBmt3YXJnc5R9lIwHc3RhcnRlZJSMCGRhdGV0aW1llIwIZGF0ZXRpbWWUk5RDCgfoBA4ODCsGHYGUaA6MCHRpbWV6b25llJOUaA6MCXRpbWVkZWx0YZSTlEsASwBLAIeUUpSFlFKUhpRSlHUu:1rw0b5:4hpT1BVuWFoXvogJd72EGQvatQsjx75BL22EQ8wOCB8	2024-04-14 15:39:23.484543+02
150	gameBoosterss	gAWV-QAAAAAAAAB9lCiMAmlklIwgYTRhNzI0NDdjMDcxNDY0MmEzYTQ3YjJkOTAyNTg2OTOUjARuYW1llIwaaHlkcm9nZW4tcXVlYmVjLWZydWl0LW51dHOUjARmdW5jlIwOYWNjb3VudHMudGFza3OUjBR1cGRhdGVfZGF0YWJhc2VfdGFza5STlIwEYXJnc5RNIgGFlIwGa3dhcmdzlH2UjAdzdGFydGVklIwIZGF0ZXRpbWWUjAhkYXRldGltZZSTlEMKB-gEDg4dMw1VdpRoDowIdGltZXpvbmWUk5RoDowJdGltZWRlbHRhlJOUSwBLAEsAh5RSlIWUUpSGlFKUdS4:1rw0rf:UEE5nfwvzLUDXxK5YmcRB0FDIVeSqfhK9PT0c4olsvc	2024-04-14 15:56:31.982855+02
151	gameBoosterss	gAWV9gAAAAAAAAB9lCiMAmlklIwgYTQ1ZDcyM2RlN2RkNDI5MWEyNjU5YTBjNDVjMjQ4NDeUjARuYW1llIwXcXVlZW4tdXRhaC1mcnVpdC1tZXhpY2-UjARmdW5jlIwOYWNjb3VudHMudGFza3OUjBR1cGRhdGVfZGF0YWJhc2VfdGFza5STlIwEYXJnc5RNIwGFlIwGa3dhcmdzlH2UjAdzdGFydGVklIwIZGF0ZXRpbWWUjAhkYXRldGltZZSTlEMKB-gEDg4pOgIbP5RoDowIdGltZXpvbmWUk5RoDowJdGltZWRlbHRhlJOUSwBLAEsAh5RSlIWUUpSGlFKUdS4:1rw13O:tPjYxzCC-UeU51Y0EMe3ToyQxlwb4tOUMn5TjgJnEGM	2024-04-14 16:08:38.206866+02
152	gameBoosterss	gAWVBgEAAAAAAAB9lCiMAmlklIwgZTFhZGY3M2Q5MGJjNGFjZTg3MmZjYTcwZGFmM2FkMmGUjARuYW1llIwnbWFzc2FjaHVzZXR0cy1vc2Nhci1iYXRtYW4tcGVubnN5bHZhbmlhlIwEZnVuY5SMDmFjY291bnRzLnRhc2tzlIwUdXBkYXRlX2RhdGFiYXNlX3Rhc2uUk5SMBGFyZ3OUTSQBhZSMBmt3YXJnc5R9lIwHc3RhcnRlZJSMCGRhdGV0aW1llIwIZGF0ZXRpbWWUk5RDCgfoBA4OMjoCxLqUaA6MCHRpbWV6b25llJOUaA6MCXRpbWVkZWx0YZSTlEsASwBLAIeUUpSFlFKUhpRSlHUu:1rw1C6:31tFJkK_NnJe9fCnER1RmdzgFjFspjNXOtCfWsJ4Z-Q	2024-04-14 16:17:38.278686+02
153	gameBoosterss	gAWV9AAAAAAAAAB9lCiMAmlklIwgNWFjZTEwMGI1NzRkNDcxNTlhNzA2MGRmYTg3N2Q3NTKUjARuYW1llIwVbW9iaWxlLWZpeC1nb2xmLWhhcnJ5lIwEZnVuY5SMDmFjY291bnRzLnRhc2tzlIwUdXBkYXRlX2RhdGFiYXNlX3Rhc2uUk5SMBGFyZ3OUTSgBhZSMBmt3YXJnc5R9lIwHc3RhcnRlZJSMCGRhdGV0aW1llIwIZGF0ZXRpbWWUk5RDCgfoBA4ONx0EnfuUaA6MCHRpbWV6b25llJOUaA6MCXRpbWVkZWx0YZSTlEsASwBLAIeUUpSFlFKUhpRSlHUu:1rw1GT:9osbQe6MnuHtnz4t9orC22ApB2JVYdGINbIxmZwAMwk	2024-04-14 16:22:09.383369+02
154	gameBoosterss	gAWV-QAAAAAAAAB9lCiMAmlklIwgNjg4NzcxMDA2MDU0NGQ5OGE1NGE2ZTc1NzE5MjgzNmaUjARuYW1llIwabm9ydGgtdHJpcGxlLXdoaXRlLWF2b2NhZG-UjARmdW5jlIwOYWNjb3VudHMudGFza3OUjBR1cGRhdGVfZGF0YWJhc2VfdGFza5STlIwEYXJnc5RNKgGFlIwGa3dhcmdzlH2UjAdzdGFydGVklIwIZGF0ZXRpbWWUjAhkYXRldGltZZSTlEMKB-gEDg8EFA0JXZRoDowIdGltZXpvbmWUk5RoDowJdGltZWRlbHRhlJOUSwBLAEsAh5RSlIWUUpSGlFKUdS4:1rw1P2:Mfs5kC0IQXO17H3xfO34BF0RbPc2-dD_PKhZqs7duiA	2024-04-14 16:31:00.996983+02
155	gameBoosterss	gAWV-wAAAAAAAAB9lCiMAmlklIwgNjA3ZDVmZGYzZGZiNGU2NTk2ODBmMjI0ZjQxZTFkZjCUjARuYW1llIwcbml0cm9nZW4tdmljdG9yLXNhdHVybi1hcHJpbJSMBGZ1bmOUjA5hY2NvdW50cy50YXNrc5SMFHVwZGF0ZV9kYXRhYmFzZV90YXNrlJOUjARhcmdzlE0rAYWUjAZrd2FyZ3OUfZSMB3N0YXJ0ZWSUjAhkYXRldGltZZSMCGRhdGV0aW1llJOUQwoH6AQODw4hBLGElGgOjAh0aW1lem9uZZSTlGgOjAl0aW1lZGVsdGGUk5RLAEsASwCHlFKUhZRSlIaUUpR1Lg:1rw1Yv:eKxtEwgcn7XWYQ5dSnVn8Id7gg6v_X7xnEQsLIZhTx8	2024-04-14 16:41:13.550939+02
156	gameBoosterss	gAWV-QAAAAAAAAB9lCiMAmlklIwgOTE5OGY5MGY2Njg2NGZhZTg0ZWE4NWYwZmQ5MGQwZGWUjARuYW1llIwaenVsdS1hbGFiYW1hLWJ1bGxkb2ctaW5kaWGUjARmdW5jlIwOYWNjb3VudHMudGFza3OUjBR1cGRhdGVfZGF0YWJhc2VfdGFza5STlIwEYXJnc5RNLAGFlIwGa3dhcmdzlH2UjAdzdGFydGVklIwIZGF0ZXRpbWWUjAhkYXRldGltZZSTlEMKB-gEDg8VBgaXr5RoDowIdGltZXpvbmWUk5RoDowJdGltZWRlbHRhlJOUSwBLAEsAh5RSlIWUUpSGlFKUdS4:1rw1fG:qw-WEGWaW0-HCwdnL5JdIthrAdixRyuqHzJwBltsYBQ	2024-04-14 16:47:46.554717+02
157	gameBoosterss	gAWV-gAAAAAAAAB9lCiMAmlklIwgNzBlZWQwZDkzNjNmNGFlZjgwMjQ5MWQ4YTA0NjFmY2WUjARuYW1llIwbbmVicmFza2EtcGFyaXMtdmljdG9yLWVhcnRolIwEZnVuY5SMDmFjY291bnRzLnRhc2tzlIwUdXBkYXRlX2RhdGFiYXNlX3Rhc2uUk5SMBGFyZ3OUTS4BhZSMBmt3YXJnc5R9lIwHc3RhcnRlZJSMCGRhdGV0aW1llIwIZGF0ZXRpbWWUk5RDCgfoBA4PHRYNO2GUaA6MCHRpbWV6b25llJOUaA6MCXRpbWVkZWx0YZSTlEsASwBLAIeUUpSFlFKUhpRSlHUu:1rw1nG:kU1HJWp1dm70qWwsoZIM2k4z4JuRWpb7EUb5EyDmkMM	2024-04-14 16:56:02.949946+02
158	gameBoosterss	gAWV8QAAAAAAAAB9lCiMAmlklIwgNzE3OTFhYWI3NDEwNGNmMmE5MzViOWI2OTI1MTQzZTWUjARuYW1llIwScml2ZXItdGVuLW1vb24taW5rlIwEZnVuY5SMDmFjY291bnRzLnRhc2tzlIwUdXBkYXRlX2RhdGFiYXNlX3Rhc2uUk5SMBGFyZ3OUTS8BhZSMBmt3YXJnc5R9lIwHc3RhcnRlZJSMCGRhdGV0aW1llIwIZGF0ZXRpbWWUk5RDCgfoBA4PKjYDESSUaA6MCHRpbWV6b25llJOUaA6MCXRpbWVkZWx0YZSTlEsASwBLAIeUUpSFlFKUhpRSlHUu:1rw20M:taPkjsLnDRMBrPcepULGLgcgnaVLO9uAkDFIZc7eTjs	2024-04-14 17:09:34.269812+02
159	gameBoosterss	gAWV9gAAAAAAAAB9lCiMAmlklIwgYmEyNDFkZTk0ZTY5NGQ0NWJiNmUwY2Q1MDA3NDg2ZjiUjARuYW1llIwXamlnLWRha290YS1hc3Blbi1hcnRpc3SUjARmdW5jlIwOYWNjb3VudHMudGFza3OUjBR1cGRhdGVfZGF0YWJhc2VfdGFza5STlIwEYXJnc5RNMAGFlIwGa3dhcmdzlH2UjAdzdGFydGVklIwIZGF0ZXRpbWWUjAhkYXRldGltZZSTlEMKB-gEDg83FwAqgZRoDowIdGltZXpvbmWUk5RoDowJdGltZWRlbHRhlJOUSwBLAEsAh5RSlIWUUpSGlFKUdS4:1rw2CR:nlqzik5sTnzsOvKz9mrXdscQycoN1p1YIAkP7FtNp8k	2024-04-14 17:22:03.08568+02
160	gameBoosterss	gAWV-gAAAAAAAAB9lCiMAmlklIwgNmYyY2I2NDQzYWE5NGY1MGJjNWViYzhhYzkyNmY0YzWUjARuYW1llIwbcGx1dG8tbWlycm9yLXN0ZWFrLXRoaXJ0ZWVulIwEZnVuY5SMDmFjY291bnRzLnRhc2tzlIwUdXBkYXRlX2RhdGFiYXNlX3Rhc2uUk5SMBGFyZ3OUTTQBhZSMBmt3YXJnc5R9lIwHc3RhcnRlZJSMCGRhdGV0aW1llIwIZGF0ZXRpbWWUk5RDCgfoBA4QFDQEtkuUaA6MCHRpbWV6b25llJOUaA6MCXRpbWVkZWx0YZSTlEsASwBLAIeUUpSFlFKUhpRSlHUu:1rw2b6:YXfVrQj33Z7HM6uUb6g5bUDvd_ZB4N2d9J6bqe2NQWY	2024-04-14 17:47:32.373636+02
161	gameBoosterss	gAWV9gAAAAAAAAB9lCiMAmlklIwgN2ZiMTU4ZTgwMjdjNGVlNGI4YzhjMGVhYmQyOTRhMziUjARuYW1llIwXbG93LXN0ZWFrLWhhcnJ5LXVuZHJlc3OUjARmdW5jlIwOYWNjb3VudHMudGFza3OUjBR1cGRhdGVfZGF0YWJhc2VfdGFza5STlIwEYXJnc5RNNQGFlIwGa3dhcmdzlH2UjAdzdGFydGVklIwIZGF0ZXRpbWWUjAhkYXRldGltZZSTlEMKB-gEDhQHNAByxJRoDowIdGltZXpvbmWUk5RoDowJdGltZWRlbHRhlJOUSwBLAEsAh5RSlIWUUpSGlFKUdS4:1rw68m:xgVC_qCMC7xpwTqF9_rfXsqSl0np8gzbIYZBepkxOTA	2024-04-14 21:34:32.083202+02
162	gameBoosterss	gAWV_AAAAAAAAAB9lCiMAmlklIwgMmYyYTllNGFlNjk3NGJhZWE3NWVkNmNlZTA4NWM1YzGUjARuYW1llIwdc3BlYWtlci1tb3VudGFpbi10cmlwbGUtaWRhaG-UjARmdW5jlIwOYWNjb3VudHMudGFza3OUjBR1cGRhdGVfZGF0YWJhc2VfdGFza5STlIwEYXJnc5RNNgGFlIwGa3dhcmdzlH2UjAdzdGFydGVklIwIZGF0ZXRpbWWUjAhkYXRldGltZZSTlEMKB-gEDwUzLwaPM5RoDowIdGltZXpvbmWUk5RoDowJdGltZWRlbHRhlJOUSwBLAEsAh5RSlIWUUpSGlFKUdS4:1rwFFr:WAyXk1Q94hftvBeLW_wkqDur985ZdlfiVvCCMoTVQX8	2024-04-15 07:18:27.663231+02
\.


--
-- Data for Name: django_q_schedule; Type: TABLE DATA; Schema: public; Owner: postgres
--

COPY public.django_q_schedule (id, func, hook, args, kwargs, schedule_type, repeats, next_run, task, name, minutes, cron, cluster) FROM stdin;
\.


--
-- Data for Name: django_q_task; Type: TABLE DATA; Schema: public; Owner: postgres
--

COPY public.django_q_task (name, func, hook, args, kwargs, result, started, stopped, success, id, "group", attempt_count) FROM stdin;
\.


--
-- Data for Name: django_session; Type: TABLE DATA; Schema: public; Owner: postgres
--

COPY public.django_session (session_key, session_data, expire_date) FROM stdin;
bqr287v9xguhdhet1uruho6s223s1xqq	.eJxVjMsOwiAQAP-FsyF0KY_16L3f0LAL2KqBpLQn478bkh70OjOZt5jDsS_z0dI2r1FcBYjLL6PAz1S6iI9Q7lVyLfu2kuyJPG2TU43pdTvbv8ES2tK3OhNGYrJO4ejQgR1N0hbJGMgjAVvIARzb6BlZD8lqZWjwCOhhUOLzBdQDNvQ:1rlvs2:ioOFhFIwmNnrGLWjN_DxOPNtG2V4bNyaXzAv1riW2VM	2024-03-31 21:08:34.254821+02
ui7tm4nbfeu5019uk21ybxmu6ptzntoi	.eJxVjMEOwiAQRP-FsyFAioBH734DWXYXqRpISntq_Hcl6UFvk3lvZhcRtrXErfMSZxIXYcTpt0uAT64D0APqvUlsdV3mJIciD9rlrRG_rof7d1Cgl7G22Z-N1pymzJ7hm7xlCoTaOw1K5WwtKWcgaJwIHTORy8oHo8gYFO8P_mA4kg:1rfC8j:FCBBxOkM23xp503VrCAu2isJqybmtRTjT52xX0__BvI	2024-03-13 07:05:57.774158+02
xp5rpl6e8r9xx6fdhlxox3ys05qp7d75	.eJxVjMsOwiAQAP-FsyF0KY_16L3f0LAL2KqBpLQn478bkh70OjOZt5jDsS_z0dI2r1FcBYjLL6PAz1S6iI9Q7lVyLfu2kuyJPG2TU43pdTvbv8ES2tK3OhNGYrJO4ejQgR1N0hbJGMgjAVvIARzb6BlZD8lqZWjwCOhhUOLzBdQDNvQ:1rkVCu:-4MvaSd7NHLHadNKhAFGfDrhBlwR5jiR43AEbJpaWLc	2024-03-27 22:28:12.552509+02
jdxzgyzoqquh28bcfhzrvpr7hb1ja4za	.eJxVjM1qxDAMhF9l8bW1UWQ7dnLbpdf2FYItK437E4OTbQ-l714HttAyICHNzPclpnDdl-m6cZ1yEqPoxP3fXwz0yuthpJewPhdFZd1rjuqIqJu7qceS-O1yy_4DLGFbjrZGZDZzcM5Z6oeobQ_GJWJidjHFTrMlZ1MCHGbvkGeDybI20VoC36B5_SiZuME-q-zkg9RNIHuJbf7KeHWsp1L35XR-55optBsBjQSU6E_QjxpHMyj0zg1wBzACiO8fS3JO6Q:1rfDUn:Pl3w-HKdY7cboAjoBolLXCRBY5CPGhH5SZ70SjYDFF0	2024-03-13 08:32:49.304744+02
kbh58sglwp6c6arwykf537t5zgqxo21t	.eJxVjDsOwjAQBe_iGlnx4tiEkp4zWPszDiBHipMKcXeIlALaNzPvZRKuS0lr0zmNYs4GzOF3I-SH1g3IHettsjzVZR7JbordabPXSfR52d2_g4KtfOuQEdxRtHfBsydUwpjRscsBou9RI4DE0HnJRJxDiKfBM3LHKEoDmPcHBQg5Ew:1riL6n:hdjtFI0lbNKiwy67piHepHLtQ9Y7T9NbpFHdmYoROug	2024-03-21 23:16:57.205403+02
bw8rp6bnjzjh4m1ueqlkuoem2ozqla5z	.eJxVjDsOwjAQBe_iGlnx4tiEkp4zWPszDiBHipMKcXeIlALaNzPvZRKuS0lr0zmNYs4GzOF3I-SH1g3IHettsjzVZR7JbordabPXSfR52d2_g4KtfOuQEdxRtHfBsydUwpjRscsBou9RI4DE0HnJRJxDiKfBM3LHKEoDmPcHBQg5Ew:1riNac:iKYtmLlIG_koSE6heRuL5u6u7qzpBCZTa4mJ_Xn0cN4	2024-03-22 01:55:54.745998+02
5h50arluvno4yg1zx5jd21zjx1godh5v	.eJxVjMEOwiAQRP-FsyFAioBH734DWXYXqRpISntq_Hcl6UFvk3lvZhcRtrXErfMSZxIXYcTpt0uAT64D0APqvUlsdV3mJIciD9rlrRG_rof7d1Cgl7G22Z-N1pymzJ7hm7xlCoTaOw1K5WwtKWcgaJwIHTORy8oHo8gYFO8P_mA4kg:1rfY8n:ZaeoeOL9FwEvzz9ChQWew3SMX1b8AidNetQUxMofI4E	2024-03-14 06:35:29.950338+02
matcpuekv5s21b44kgy4mcs9uy96ydli	.eJxVjMEOwiAQRP-FsyFAioBH734DWXYXqRpISntq_Hcl6UFvk3lvZhcRtrXErfMSZxIXYcTpt0uAT64D0APqvUlsdV3mJIciD9rlrRG_rof7d1Cgl7G22Z-N1pymzJ7hm7xlCoTaOw1K5WwtKWcgaJwIHTORy8oHo8gYFO8P_mA4kg:1rfYXa:0FAopAmrqqjs6neWGfz-5vvSReoYaKZLhec0Ey3TtFo	2024-03-14 07:01:06.144297+02
8nbfqyk3jx8m4u82v59nmdh7xs9jpvhw	.eJxVjMsOwiAQAP-FsyF0KY_16L3f0LAL2KqBpLQn478bkh70OjOZt5jDsS_z0dI2r1FcBYjLL6PAz1S6iI9Q7lVyLfu2kuyJPG2TU43pdTvbv8ES2tK3OhNGYrJO4ejQgR1N0hbJGMgjAVvIARzb6BlZD8lqZWjwCOhhUOLzBdQDNvQ:1rkk6G:pv2iZfWW9ZiF2HRvpLjGYPZwdpJJgRzBi9v06q40xwo	2024-03-28 14:22:20.966384+02
kahmi0adhoerzr65iknv8d34flttdnv8	.eJxVjMsOwiAQAP-FsyF0KY_16L3f0LAL2KqBpLQn478bkh70OjOZt5jDsS_z0dI2r1FcBYjLL6PAz1S6iI9Q7lVyLfu2kuyJPG2TU43pdTvbv8ES2tK3OhNGYrJO4ejQgR1N0hbJGMgjAVvIARzb6BlZD8lqZWjwCOhhUOLzBdQDNvQ:1rkoAH:HxibTDj4vtxkThYdcCFDqJJ1cDUdmKd9q4ZCDjMoShg	2024-03-28 18:42:45.831527+02
12jigcralubr4sqvjlyovc7tv58ssr9o	.eJxVjDsOwjAQBe_iGlnrxJ8sJT1nsHb9wQFkS3FSIe4OkVJA-2bmvYSnbS1-62nxcxRnMYjT78YUHqnuIN6p3poMra7LzHJX5EG7vLaYnpfD_Tso1Mu3BgjAlig5lwgxM-VoXNI8TjgSRaN5yloF1NlYHpBJASCqzAY0ohXvDwiyODk:1rg4z7:DY80I0oTMEEWe81d9MmAnE_I9G9QyIrdMztTxojwueM	2024-03-15 17:39:41.681261+02
xc6hj4zls5imnuoi82t1g6or7zva2tzb	.eJxVjMsOwiAQAP-FsyF0KY_16L3f0LAL2KqBpLQn478bkh70OjOZt5jDsS_z0dI2r1FcBYjLL6PAz1S6iI9Q7lVyLfu2kuyJPG2TU43pdTvbv8ES2tK3OhNGYrJO4ejQgR1N0hbJGMgjAVvIARzb6BlZD8lqZWjwCOhhUOLzBdQDNvQ:1rjlss:_HlTomOXf6qgZHa-dBSPYWkV1nyH1f89S2Dbr1MWi-A	2024-03-25 22:04:30.453391+02
72u9c49zgxriw3k4ldkokj6i63vttwoi	eyJzb2NpYWxhY2NvdW50X3N0YXRlIjpbeyJwcm9jZXNzIjoibG9naW4iLCJzY29wZSI6IiIsImF1dGhfcGFyYW1zIjoiIn0sIk03eHJiZnJ1SExtaWNWSFIiXX0:1ric7F:eKqSjvcG4u8PvztamVPL4-6Hhm8Gg9MsRHnM1xtINPE	2024-03-22 17:26:33.363905+02
j0zr56w4jhajqpx5c10o24imrzouyda2	.eJxVjMsOwiAQAP-FsyF0KY_16L3f0LAL2KqBpLQn478bkh70OjOZt5jDsS_z0dI2r1FcBYjLL6PAz1S6iI9Q7lVyLfu2kuyJPG2TU43pdTvbv8ES2tK3OhNGYrJO4ejQgR1N0hbJGMgjAVvIARzb6BlZD8lqZWjwCOhhUOLzBdQDNvQ:1rjnnG:chIicAQnbbxI4L-dP3wLHeyIy9qv7GFriqeXAEVtcs8	2024-03-26 00:06:50.699876+02
d3w5lmrypdabeyypfuiwkggpqdritj1j	.eJxVjMsOwiAQAP-FsyF0KY_16L3f0LAL2KqBpLQn478bkh70OjOZt5jDsS_z0dI2r1FcBYjLL6PAz1S6iI9Q7lVyLfu2kuyJPG2TU43pdTvbv8ES2tK3OhNGYrJO4ejQgR1N0hbJGMgjAVvIARzb6BlZD8lqZWjwCOhhUOLzBdQDNvQ:1rl8Hv:haB1CfRM-3dgCL6uDJaC8g0yoUymlYX-2uvVPAQxx_Q	2024-03-29 16:11:59.466805+02
kp7idhs4uv7g8qat6jq30nze9n6h79fq	.eJxVjDEOwjAMRe-SGUWNQkjMyM4ZIju2SQGlUtNOiLtDpQ6w_vfef5mM61Lz2mXOI5uzcebwuxGWh7QN8B3bbbJlass8kt0Uu9NurxPL87K7fwcVe_3WXtUXPmHwjkggBucAOKA6kAKBtAQe5JhiTMH5FIFEWUkxAQxe0Lw__Ug4tw:1rixx1:3XZnEZLAxJMu3xG1j4GiZiGf-1SZnNHJUxa9anOBM08	2024-03-23 16:45:27.389389+02
4rjpqmvc2x2e6e7udqjxwsu377805qhx	.eJxVjDEOwjAMRe-SGUWNQkjMyM4ZIju2SQGlUtNOiLtDpQ6w_vfef5mM61Lz2mXOI5uzcebwuxGWh7QN8B3bbbJlass8kt0Uu9NurxPL87K7fwcVe_3WXtUXPmHwjkggBucAOKA6kAKBtAQe5JhiTMH5FIFEWUkxAQxe0Lw__Ug4tw:1rjFFx:VWPh4rfh7vREwqWRuWGP9vWd-UITW8i-p_PQbZZBsrA	2024-03-24 11:14:09.909456+02
h9ivlfv7bcacfoqakp7drxmxx5ed48ed	eyJlbWFpbCI6InNoZWhhYnNoZWhhYmVsZGluOTgwQGdtYWlsLmNvbSJ9:1rizvN:gBfDnbYHU_kN0XGXbr3bNQG-af1LaGZ8rnZ9TpbUpOo	2024-03-23 18:51:53.07647+02
3gs5oist6v20htiry1a2lepg16pb4oew	e30:1rizvt:Fs2ae0279bMz4RbdVHBUDrHV3Jec8uqM4XXPGV9kr9g	2024-03-23 18:52:25.068744+02
cv5j43ucujn6rs2vy4aw75gn9mf22fc3	eyJlbWFpbCI6InNoZWhhYnNoZWhhYmVsZGluOTgwQGdtYWlsLmNvbSJ9:1rj00U:r8BvuzMn3tG7G3_SELoxsohktjyZuqqbtgyQe5IuzEA	2024-03-23 18:57:10.620641+02
gm7eq6xc20jb47ooo1pqde3zoazvb9f1	.eJxVjE0OwiAUhK9iWAspIgLuNBo3Vo_QPOBh0QpJf9wY726bdKGZzGa-mXmTmF45OiRbUl735-OJanqggq7omsrRxY8uue3rxe6JbXRAuVRsStPQNBMmS1LB0NfV0GFbRT8-8v_MgntgmoC_Q7pl5nLq22jZVGEz7ViZPTb7uft3UENXj2sRgnB-A1Jwa9EoybkxXkLgBp2RNjjpC1xrpbTkQitjMfhgA2hjCoFAPl8vVkxg:1rjFZs:AWb0b9Sy96-YPMMQtC7Q0yMqXsaeVrp8Oe2ELxBMyKU	2024-03-24 11:34:44.919323+02
114gfw6vknnys8ii784q4k7a7q6241oa	.eJxVjMsOwiAQAP-FsyF0KY_16L3f0LAL2KqBpLQn478bkh70OjOZt5jDsS_z0dI2r1FcBYjLL6PAz1S6iI9Q7lVyLfu2kuyJPG2TU43pdTvbv8ES2tK3OhNGYrJO4ejQgR1N0hbJGMgjAVvIARzb6BlZD8lqZWjwCOhhUOLzBdQDNvQ:1rlYgs:RzY5gqpil271JoTm43rwROvH_Ujc02E491UFKfeN2Gc	2024-03-30 20:23:30.317857+02
69ivko54eh46i4kimn7zet4z0gxklu07	.eJxVjMsOwiAQAP-FsyF0KY_16L3f0LAL2KqBpLQn478bkh70OjOZt5jDsS_z0dI2r1FcBYjLL6PAz1S6iI9Q7lVyLfu2kuyJPG2TU43pdTvbv8ES2tK3OhNGYrJO4ejQgR1N0hbJGMgjAVvIARzb6BlZD8lqZWjwCOhhUOLzBdQDNvQ:1rjr43:fZPm4vBSUH3X8m0cs7v5BteMPSDxMIToVD6QxMg6R2Y	2024-03-26 03:36:23.977727+02
znnxkntuivpz2wpexhktelpigxifodgw	.eJxlUE1PhDAU_CumV4G811f6wU3j3ZsejCHd0i6NSM0Ce9nsf7cgB1czSdPMm5m-zoVZ59Iyzq1d5t6Pc3R2jmlsP_3cp25izduF_dxZw6bkoh12ByuYnVmDCkEikMYKtOZQ64J9ndI5dv6ULceUjoPP2iWuCQiKSyOMVkYpWWuNqAS7vhdsW6BdJn9qf5Sc3ZAH6z78uE7sMKx0te9RbZp9PFUPN_943F03Ub2d-pzDtQ2GAARZETqHMnCnOoUkDA9ChxrIaDpgJ8hboWpT1wYOMiitrONIawH_y_Nd-6cW5MCJqGBxPKfofH76-eWVl8jLp5IysBQZ8AvBDpMvUZiK-EbgduagrMsGeYemQWyIKpQcZX0P0ACw6zecKImU:1rlZRP:ysmg2KBQGpcMaYCRJHf7qQQTed4hQQ6_hvhNRr40P3E	2024-03-30 21:11:35.301071+02
aiq9ox8r4wozeem34gy5d83rfsb7y4kc	.eJxVjLtuwzAMRX-l0NpQIEUrMj0WWYtu7WjoQdVOAxuIky5F_712kCEFLzjcx_kxfbxehv666Lkfi-kMmd2jl2L-0mkLyjFOn7PN83Q5j8luFXtPF_s6Fz293Lv_AENchnXNtXIu--iZUlIJnkik-FhJNItPNfuC2rQhtJ64DZK0lppqbEWQNa7Qcfqex6wr7O39wwE5OICDBggYPODD1XhaFMiTbfY3g27foWsAeV0-EXebxDphF_wzYodofv8Arh1Onw:1rk1wV:JG1uOu0zSk3CRVpsT5bjObBOK9pjDNKCecDqsHyBcoE	2024-03-26 15:13:19.310699+02
f03zykabiyo5mobznjnbrc2if2y21ab9	.eJxVjEEOgjAQRe_StWnaMjIdl-45Axk6g6CmTSisjHdXEha6_e-9_zI9b-vUb1WXfhZzMcGcfreB00PzDuTO-VZsKnld5sHuij1otV0RfV4P9-9g4jp9awVM5PHsw5CYGBWiQBKhwAyNI6eRUJS884KsriX2zYjSIMQIY2veH-gQN7c:1s69Jz:iaTSoQb8k6VQ-JfVw_Ev6BUnA78fJL7DYMPhWE_iCcc	2024-05-26 16:32:59.572549+03
4g399qtmxkn81ip25pz5hhg7n2ldhrch	.eJxVjMtOwzAQRX-l8pbaGo8dP7KjYgu_EI0fIS4QS04KC8S_40pdtJrFlebce37ZRJd9mS5bblNJbGSSHe9_geJHXq8gnWl9ryLWdW8liGtF3OgmXmvKn6db90Gw0Lb0tZXaI-hokWZDySuLRpPxco4O3YwelQu2--JMipx3xoRAUitnZ5-i7dKyftcSc5f9NC75C0euOPChJ9zdW237cnj-yq1E4l4Kqx44AmoOAwc8gB9BjTAIZT2ifAIYAdjfP0LQUCU:1s2SLJ:W9u5e0l8u2tMU66yncFR51_UfM9spwD00mYqv9bnNew	2024-05-16 12:03:05.393085+03
pik1wetadcqv37w694moxhmg9w6532pi	.eJxVjEEOwiAQRe_C2hAZCAwu3XsGMgwgVQNJaVfGu9smXej2v_ffWwRalxrWkecwJXERSpx-t0j8zG0H6UHt3iX3tsxTlLsiDzrkraf8uh7uX6DSqNvbKePhbNgBFUvJawfWkPWqMAIW8KAxuq3HhTShR2tjJGU0uuITO_H5AstQN7o:1s2Y5Z:DeM5kqzc-RA4grAdyEnyPvASQox3UXiZJAtBV4gcaMk	2024-05-16 18:11:13.995391+03
k0ni0iduoh35a6o141v7xjxzy17e7p9f	.eJxVjEluwzAMRa9SaNtIoKiBkpdFtj2DQU2xm8Au4ribonevAgRoA4Jc_P_4vsXI-20a961ex7mIQWhx-J8lzue63IvywctpVXldbtc5qTuiHu2m3tdSL28P9kkw8Tb1b9I2IthMyM1ziYbQW_ZRtxwwNIxoQqLuy40Nhxi8T4m1NYFaLJm6dF6-1jnXLvvc00kaeexrJEiStt-_aXzZqjQQlXvKEbCDTmp80XYwNGhSzjkI_hVgABA_v0a_Tig:1s6AKD:mm8LaG7LSDK8LUauO-hTPTXkJlFnhJBKS26JpAgag2M	2024-05-26 17:37:17.571174+03
97awaw7wbaz12rqqct3g3hcd0h3lmpr8	eyJnb29nbGUtb2F1dGgyX3N0YXRlIjoidVBxVzM5dHQ4c1hlTzFZcDVtQWhCUUwzaEt1cUF2WFoifQ:1sAHfE:Pa1ce4bFG66Fy3gGlcOFEoLfPGyfZQUCZ1i6S7WBQbk	2024-06-07 02:16:00.924539+03
nfjv6brh2mvx93l4imyrodv255l9jy99	.eJxVjMtKBTEQRH_lkq0mpPO4Sc9Ocau_MOTRceJjApm5uhD_3VwYUCko6DrV9cXmcNmX-bJRn2tmEwN2-zeLIb3SegX5JazPTaS27r1Gca2Ig27isWV6uz-6_waWsC3jW5eiUz4HqyFGQmcBELMNBZAS2liSzZKMd85b0N5hpJJLLMEjSk1hjNb1o9VEY-yzc-APXA9JfuZq-K-eWt-X09079ZoCB-WENSOGAyupxqk5-BOYSeNklNAK0JgbKScp2fcPjqFRAQ:1rmE9O:h2iaz1X02-xqhGHWtzN6mlLWmYdS2_WvCGnZT0hytlI	2024-04-01 16:39:42.338898+02
mcopsqmwgn4y3arsfijhlw5dw6zhf95z	.eJxVjEEOwiAQRe_C2hAZCAwu3XsGMgwgVQNJaVfGu9smXej2v_ffWwRalxrWkecwJXERSpx-t0j8zG0H6UHt3iX3tsxTlLsiDzrkraf8uh7uX6DSqNvbKePhbNgBFUvJawfWkPWqMAIW8KAxuq3HhTShR2tjJGU0uuITO_H5AstQN7o:1sB9j1:X8BjFj1yZ4jWxb7NZZNRNOMtPJaGzepHA_kqG9Er7z4	2024-06-09 11:59:31.460257+03
18alfkge6cydr16y59cmldqzp9diz8dy	.eJxVjMsKwyAQAP_FcxFfrNpj7_0G2dVNTVsMxOQU-u9FyKG9zgxziIT7VtPeeU1zEVcBXlx-IWF-cRumPLE9FpmXtq0zyZHI03Z5Xwq_b2f7N6jY6_iqwN5mZ0ArDaQyWmBWURerPJDRk6bgEciRseCcNRP77ICysxFjEJ8v5s43Pg:1sB9nG:_NvLNyS-sZJr5R_ij2bZntqn26SG6_ZW6KwuSj5lObU	2024-06-09 12:03:54.480158+03
kzqglrnncvlr3279cb6t2o0pk54nqkg5	.eJxVjMsOwiAQAP-FsyF0KY_16L3f0LAL2KqBpLQn478bkh70OjOZt5jDsS_z0dI2r1FcBYjLL6PAz1S6iI9Q7lVyLfu2kuyJPG2TU43pdTvbv8ES2tK3OhNGYrJO4ejQgR1N0hbJGMgjAVvIARzb6BlZD8lqZWjwCOhhUOLzBdQDNvQ:1rrAV8:7YEjhNoG3XgO0kDxSpR7gDidZ7QZ6Cct5ejc1vc9jP4	2024-04-15 07:46:34.659464+02
or3lump9npcux2da3dhhu434wexnjgqy	.eJxVjDsOwjAUBO_iGln4I38o6TmDtX7PJgGUoMSpEHcnEWnSzszuR4CovFvhxGhIPYuLMOIkEpbWpWUu05-pI8ugZxk2wQ8M91HSOLSpz3JL5G5neRu5vK57ezjoMHfr2isb9dmS16gOHI3XzsJFVSnoUHXUJmS__lGFQYjBuZyhrAm-RiYvvj80FD85:1s3QyQ:xa1QkI-Xl98QxIDSb7hA4M8PjeT_ghTpfsHoh3q5tKU	2024-05-19 04:47:30.25624+03
jrwr2sszbvsz80dochuyhu52qizy2uwq	.eJxVjEEOwiAQRe_C2hAZCAwu3XsGMgwgVQNJaVfGu9smXej2v_ffWwRalxrWkecwJXERSpx-t0j8zG0H6UHt3iX3tsxTlLsiDzrkraf8uh7uX6DSqNvbKePhbNgBFUvJawfWkPWqMAIW8KAxuq3HhTShR2tjJGU0uuITO_H5AstQN7o:1sCD7w:wo_dHHhmEmTqWJDapC23tFIsWV7epgm_PyDqTRtAnUM	2024-06-12 09:49:36.048286+03
rgn0swoz6z5acog2kidb98jkqdw7n1ks	.eJxVjMsOwiAQAP-FsyF0KY_16L3f0LAL2KqBpLQn478bkh70OjOZt5jDsS_z0dI2r1FcBYjLL6PAz1S6iI9Q7lVyLfu2kuyJPG2TU43pdTvbv8ES2tK3OhNGYrJO4ejQgR1N0hbJGMgjAVvIARzb6BlZD8lqZWjwCOhhUOLzBdQDNvQ:1rn1C4:6HdbNYnX2WoN85NviZVfdelMdnDWk26YT_lED025O3w	2024-04-03 21:01:44.360066+02
v2z1ui6xtti0pn0o2vrezdsrd80s7w7r	.eJxVjEEOwiAQRe_C2hAZCAwu3XsGMgwgVQNJaVfGu9smXej2v_ffWwRalxrWkecwJXERSpx-t0j8zG0H6UHt3iX3tsxTlLsiDzrkraf8uh7uX6DSqNvbKePhbNgBFUvJawfWkPWqMAIW8KAxuq3HhTShR2tjJGU0uuITO_H5AstQN7o:1s10Ke:uX7ZOawKM3xKoAcVuVmXzK8lmGM-bsJ_BztZYTAhcVQ	2024-05-12 11:56:24.165418+03
4x4tsri0sdgrpx7uvtl2modlho4xtts5	.eJxVjMsOwiAQAP-FsyF0KY_16L3f0LAL2KqBpLQn478bkh70OjOZt5jDsS_z0dI2r1FcBYjLL6PAz1S6iI9Q7lVyLfu2kuyJPG2TU43pdTvbv8ES2tK3OhNGYrJO4ejQgR1N0hbJGMgjAVvIARzb6BlZD8lqZWjwCOhhUOLzBdQDNvQ:1rrrQB:37vxvkiBbZJy1OvjuxXuDieEbVzvD0oTqY9Co64y9ss	2024-04-17 05:36:19.089742+02
awh8wscofmhzjvics55v5qf6yfh51jfa	.eJxVjMsOwiAQRf-FtSEMlIcu3fcbyAwMUjU0Ke3K-O_apAvd3nPOfYmI21rj1nmJUxYXocXpdyNMD247yHdst1mmua3LRHJX5EG7HOfMz-vh_h1U7PVbF-uL1a7YTIOiAmgQwHpPGsAZbRS6YgAgmTOzQxdCckCsBs-IGYN4fwDT-Te4:1rvd71:3zd_Avugwp2LSzjLFVbVwOsmlMQdrBkwcORSSMtbu0g	2024-04-27 16:08:07.352836+03
itfdyyoup0mevvoq6m39yiq4xdeh5hs5	.eJxljDtPwzAURv9K5RVs2deOH9nKTssEY3T9agwllpK0S8V_xxUZQOhu3zn33MiAl3UcLkuahxJJTwR5_L15DB9puoP4jtOpslCndS6e3RW20YU915jOT5v7JzDiMrZvI5QDroIBzBqjkwa0Qu1EDhZsBgfSetN6IaNE66zW3qNQ0prsYjAtWqZrLSG12PH1DagA-kI17Sj_d4c6r-Nu_5nmEpBqx-DHEhsHDorytumd6HqwPVdMSmU788B5zzn5-gYnb1C3:1s40G4:sZaHAKwtzbyGmj1nalkUvBVIGy2T_uxg3CHZErmxH8k	2024-05-20 18:28:04.358793+03
pvme9fmulykmxpo1xdwsw0n6awm6ma5b	.eJxVjEEOwiAQRe_C2hAZCAwu3XsGMgwgVQNJaVfGu9smXej2v_ffWwRalxrWkecwJXERSpx-t0j8zG0H6UHt3iX3tsxTlLsiDzrkraf8uh7uX6DSqNvbKePhbNgBFUvJawfWkPWqMAIW8KAxuq3HhTShR2tjJGU0uuITO_H5AstQN7o:1rzjXl:vkzOs1NF1IbdXRM0fDnkCKRfJP9EmwKBrerJgGKEagw	2024-05-08 23:48:41.586007+03
fzd1e3oveboigw168x99o9i8hcjnr2dv	.eJxVjEFuwyAQRa8SsU1AMxBsxsvscwZrgKHQVnZlO9lEuXsdKYt2-9_776FGvm11vK2yjC2rQaE6_d0ipy-ZXiB_8vQxmzRP29KieSnmTVdznbN8X97uv0Dlte5vV4pLuWPvMEah3iMSZc8FSRL5WJLPIOfQ98GjCz1FKbnEwoEInPAebdN9bkn22NZ-dNuaRtDYkV6rVI7agj1rcNq6A3QDhMFaA-g6oCPAAKCev0x5Sag:1rnuYI:tFwp3Tl9BgyXE9v50EbagM7BbvF6oSlO5COl70tTgys	2024-04-06 08:08:22.028829+02
ddwyouivj3m0bt1ss362lfckj26ex5nv	.eJxVjDEOwjAMRe-SGUWNQkjMyM4ZIju2SQGlUtNOiLtDpQ6w_vfef5mM61Lz2mXOI5uzcebwuxGWh7QN8B3bbbJlass8kt0Uu9NurxPL87K7fwcVe_3WXtUXPmHwjkggBucAOKA6kAKBtAQe5JhiTMH5FIFEWUkxAQxe0Lw__Ug4tw:1rsFer:yux0IlbyFB0yteso42UoeJUXtIrnGu5GUwpKfX0QiOw	2024-04-18 07:29:05.44144+02
4ngzt4g0ngc9h0d4ydmgnw8itqfr93vb	.eJxVjDsOwjAQBe_iGll418ZeSvqcwVr_cAA5UpxUiLuTSCmgnZn33sLzulS_9jz7MYmrMEqcfmHg-MxtN-nB7T7JOLVlHoPcE3nYLocp5dftaP8OKve6rbUCa9AVKKA4REJnKHEg5FIyUN4AcqSodbqAJSbtEM7MmqwmVCg-X_zON14:1rzjb6:0weZ8vnddXSxPP9E_T-QDSBUDr8BQR3CULxr0EIEcEU	2024-05-08 23:52:08.345726+03
yj3t0jnh1a0489zpyk1apxk4oebfzk4k	.eJxVjMtqwzAQRX-laNuMmLE8luRlSOmmoZ9g9BjFboMNcdJN6b9XBi9aLndzH-dbDeFxH4fHKrdhyqpXpA5_sxjSp8xbkT_CfFl0Wub7bYp6m-i9XfV5yXI97tt_gDGsY32bUkzKXWBDMYq3TOR95lDIS_IcS-KM0jprHZNx1kcpucQSnPdoJFToNH8tU5IKO78f315ewcEJDDTQVjEgUPUmsh2UcF0FyOiO9xQbbFrAevBP1PVse8OanOkcPSP2iOrnF3EWTsE:1rqFXr:A3iyc_JSvrzDa1xl_p6YmadeoBt6fyN8i28OVs80qsk	2024-04-12 18:57:35.199651+02
e9tw735e09qvu3lmyjkf1i3omm6458y6	.eJxVjMsOwiAQRf-FtSEMlIcu3fcbyAwMUjU0Ke3K-O_apAvd3nPOfYmI21rj1nmJUxYXocXpdyNMD247yHdst1mmua3LRHJX5EG7HOfMz-vh_h1U7PVbF-uL1a7YTIOiAmgQwHpPGsAZbRS6YgAgmTOzQxdCckCsBs-IGYN4fwDT-Te4:1ruy1W:iH1C7Jm73tRqFIJqRJrp3koeQFQwGrykIoBpexdcUQ4	2024-04-25 19:15:42.961974+02
6u4c6923xgkhavu05lyamr0rfbz2ooqs	.eJxVjEEOgjAQRe_StWnaMjIdl-45Axk6g6CmTSisjHdXEha6_e-9_zI9b-vUb1WXfhZzMcGcfreB00PzDuTO-VZsKnld5sHuij1otV0RfV4P9-9g4jp9awVM5PHsw5CYGBWiQBKhwAyNI6eRUJS884KsriX2zYjSIMQIY2veH-gQN7c:1s264H:OzmZPHiuibf-LgjVSYfO7ZIvM61N1h651JsKSuagdQ8	2024-05-15 12:16:01.941637+03
8zppslkjuyjqy5jkhoe8cnk053w9my3c	.eJxVjEEOgjAQRe_StWnaMjIdl-45Axk6g6CmTSisjHdXEha6_e-9_zI9b-vUb1WXfhZzMcGcfreB00PzDuTO-VZsKnld5sHuij1otV0RfV4P9-9g4jp9awVM5PHsw5CYGBWiQBKhwAyNI6eRUJS884KsriX2zYjSIMQIY2veH-gQN7c:1sCjso:5UkNmi0FRZqChO1iLSg0pPgy3lFWvhfD0PM5G1O_Ktw	2024-06-13 20:48:10.191475+03
l342hychswvg1zlvkqrtsh60n15mql6y	.eJxVjEEOgjAQRe_StWnaMjIdl-45Axk6g6CmTSisjHdXEha6_e-9_zI9b-vUb1WXfhZzMcGcfreB00PzDuTO-VZsKnld5sHuij1otV0RfV4P9-9g4jp9awVM5PHsw5CYGBWiQBKhwAyNI6eRUJS884KsriX2zYjSIMQIY2veH-gQN7c:1sCjua:fIFeKkrmXyNhvF1iH0DNwpUbVDE7-tsV7mim2N7mTF4	2024-06-13 20:50:00.398502+03
\.


--
-- Data for Name: dota2_dota2mmrprice; Type: TABLE DATA; Schema: public; Owner: postgres
--

COPY public.dota2_dota2mmrprice (id, price_0_2000, price_2000_3000, price_3000_4000, price_4000_5000, price_5000_5500, price_5500_6000, price_6000_extra) FROM stdin;
1	3.98	4.63	5.82	10.65	19.86	24.46	38.01
\.


--
-- Data for Name: dota2_dota2placement; Type: TABLE DATA; Schema: public; Owner: postgres
--

COPY public.dota2_dota2placement (id, rank_name, rank_image, "start_RP", "end_RP", price) FROM stdin;
1	herald	dota2/images/herald.png	0	700	1.91
2	guardian	dota2/images/guardian.png	701	1540	1.92
3	crusader	dota2/images/crusader.png	1541	2380	1.93
4	archon	dota2/images/archon.png	2381	3220	1.94
5	legend	dota2/images/legend.png	3221	4060	1.95
6	ancient	dota2/images/ancient.png	4061	4900	1.96
7	divine	dota2/images/divine.png	4901	5500	1.97
8	immortal	dota2/images/immortal.webp	5501	8000	1.98
\.


--
-- Data for Name: dota2_dota2placementorder; Type: TABLE DATA; Schema: public; Owner: postgres
--

COPY public.dota2_dota2placementorder (order_id, last_division, number_of_match, role, select_champion, last_rank_id) FROM stdin;
360	3001	10	1	f	4
361	2910	9	1	f	4
\.


--
-- Data for Name: dota2_dota2rank; Type: TABLE DATA; Schema: public; Owner: postgres
--

COPY public.dota2_dota2rank (id, rank_name, rank_image, "start_RP", "end_RP") FROM stdin;
1	herald	dota2/images/herald.png	0	700
2	guardian	dota2/images/guardian.png	701	1540
3	crusader	dota2/images/crusader.png	1541	2380
4	archon	dota2/images/archon.png	2381	3220
5	legend	dota2/images/legend.png	3221	4060
6	ancient	dota2/images/ancient.png	4061	4900
7	divine	dota2/images/divine.png	4901	5500
8	immortal	dota2/images/immortal.webp	5501	8000
\.


--
-- Data for Name: dota2_dota2rankboostorder; Type: TABLE DATA; Schema: public; Owner: postgres
--

COPY public.dota2_dota2rankboostorder (order_id, current_division, reached_division, desired_division, created_at, select_champion, role, current_rank_id, desired_rank_id, reached_rank_id, current_marks, reached_marks, mmr_price) FROM stdin;
\.


--
-- Data for Name: games_game; Type: TABLE DATA; Schema: public; Owner: postgres
--

COPY public.games_game (id, name, link, logo_image, banner_image, name_image) FROM stdin;
1	Lol: Wild Rift	wildRift	games/logos/WildRift.png	games/banners/WildRift.png	games/names/WildRift.png
2	VALORANT	valorant	games/logos/Valorant.png	games/banners/Valorant.png	games/names/Valorant.png
3	Pubg Mobile	pubg	games/logos/Pubg.png	games/banners/Pubg.png	games/names/Pubg.png
4	League of Legends	lol	games/logos/LOL.png	games/banners/LOL.png	games/names/LOL.png
5	Team Fight Tactics	tft	games/logos/TFT.png	games/banners/TFT.png	games/names/TFT.png
6	World of Warcraft	wow	games/logos/WOW.png	games/banners/WOW.png	games/names/WOW.png
7	Hearthstone	hearthstone	games/logos/Hearthstone.png	games/banners/Hearthstone.png	games/names/Hearthstone.png
8	Mobile Legends	mobileLegends	games/logos/MobileLegends.png	games/banners/MobileLegends.png	games/names/MobileLegends.png
9	Rocket League	rocketLeague	games/logos/RocketLeague.png	games/banners/RocketLeague.png	games/names/RocketLeague.png
10	Dota 2	dota2	games/logos/Dota2.png	games/banners/Dota2.png	games/names/Dota2.png
11	Honer Of King	hok	games/logos/HonorOfKings.png	games/banners/HonorOfKings.png	games/names/HonorOfKings.png
13	CS GO 2	csgo2	games/logos/CS2.png	games/banners/CS2.png	games/names/CS2.png
12	Overwatch 2	overwatch2	games/logos/Overwatch2.png	games/banners/Overwatch2.png	games/names/Overwatch2.png
\.


--
-- Data for Name: hearthstone_hearthstonedivisionorder; Type: TABLE DATA; Schema: public; Owner: postgres
--

COPY public.hearthstone_hearthstonedivisionorder (order_id, current_division, reached_division, desired_division, current_marks, reached_marks, created_at, current_rank_id, desired_rank_id, reached_rank_id, updated_at) FROM stdin;
\.


--
-- Data for Name: hearthstone_hearthstonemark; Type: TABLE DATA; Schema: public; Owner: postgres
--

COPY public.hearthstone_hearthstonemark (id, marks_3, marks_2, marks_1, rank_id) FROM stdin;
1	0	0.5	0.52	1
2	0	0.53	0.54	2
3	0	0.55	0.56	3
4	0	0.57	0.58	4
5	0	0.59	0.6	5
\.


--
-- Data for Name: hearthstone_hearthstonerank; Type: TABLE DATA; Schema: public; Owner: postgres
--

COPY public.hearthstone_hearthstonerank (id, rank_name, rank_image) FROM stdin;
1	bronze	hearthstone/images/bronze.webp
2	silver	hearthstone/images/silver.webp
3	gold	hearthstone/images/gold.webp
4	platinum	hearthstone/images/platinum.webp
5	diamond	hearthstone/images/diamond.webp
6	legend	hearthstone/images/legend.webp
\.


--
-- Data for Name: hearthstone_hearthstonetier; Type: TABLE DATA; Schema: public; Owner: postgres
--

COPY public.hearthstone_hearthstonetier (id, "from_X_to_IX", "from_IX_to_VIII", "from_VIII_to_VII", "from_VII_to_VI", "from_VI_to_V", "from_V_to_IV", "from_IV_to_III", "from_III_to_II", "from_II_to_I", "from_I_to_IV_next", rank_id) FROM stdin;
1	1.43	1.43	1.43	1.43	1.43	1.43	1.43	1.43	1.43	1.43	1
2	1.43	1.43	1.43	1.43	1.43	1.43	1.43	1.43	1.43	1.43	2
3	1.43	1.43	1.43	1.43	1.43	1.43	1.43	1.43	2.15	2.15	3
4	2.87	2.87	2.87	2.87	2.87	2.87	2.873	2.87	2.87	2.87	4
5	3.56	3.56	3.56	3.56	3.56	3.56	4.28	4.28	4.28	4.28	5
\.


--
-- Data for Name: honorOfKings_honorofkingsdivisionorder; Type: TABLE DATA; Schema: public; Owner: postgres
--

COPY public."honorOfKings_honorofkingsdivisionorder" (order_id, current_division, reached_division, desired_division, current_marks, reached_marks, created_at, current_rank_id, desired_rank_id, reached_rank_id, updated_at) FROM stdin;
\.


--
-- Data for Name: honorOfKings_honorofkingsmark; Type: TABLE DATA; Schema: public; Owner: postgres
--

COPY public."honorOfKings_honorofkingsmark" (id, star_1, star_2, star_3, rank_id) FROM stdin;
1	0.2	0.2	0.2	1
2	0.3	0.3	0.3	2
3	0.4	0.4	0.4	3
4	0.5	0.5	0.5	4
5	0.6	0.6	0.6	5
6	0.7	0.7	0.7	6
\.


--
-- Data for Name: honorOfKings_honorofkingsrank; Type: TABLE DATA; Schema: public; Owner: postgres
--

COPY public."honorOfKings_honorofkingsrank" (id, rank_name, rank_image) FROM stdin;
1	bronze	hok/images/bronze.png
2	silver	hok/images/silver.png
3	gold	hok/images/gold.png
4	platinum	hok/images/platinum.png
5	diamond	hok/images/diamond.png
6	king	hok/images/king.png
\.


--
-- Data for Name: honorOfKings_honorofkingstier; Type: TABLE DATA; Schema: public; Owner: postgres
--

COPY public."honorOfKings_honorofkingstier" (id, "from_V_to_IV", "from_IV_to_III", "from_III_to_II", "from_II_to_I", "from_I_to_IV_next", rank_id) FROM stdin;
1	2.54	2.54	2.54	2.54	2.54	1
2	4.15	4.15	4.15	4.15	4.15	2
3	5.8	5.8	5.8	5.8	9.06	3
4	9.06	9.06	9.06	12.95	12.95	4
5	12.95	12.95	12.95	12.95	19.42	5
6	0	0	27.78	27.78	206.15	6
\.


--
-- Data for Name: leagueOfLegends_leagueoflegendsdivisionorder; Type: TABLE DATA; Schema: public; Owner: postgres
--

COPY public."leagueOfLegends_leagueoflegendsdivisionorder" (order_id, current_division, reached_division, desired_division, current_marks, reached_marks, created_at, select_champion, current_rank_id, desired_rank_id, reached_rank_id, updated_at) FROM stdin;
338	3	3	1	0	0	2024-04-21 19:10:45.364389+02	f	3	5	3	2024-04-21 19:32:13.943763+02
339	3	3	1	0	0	2024-04-21 19:32:12.982757+02	f	3	5	3	2024-04-21 19:41:40.789212+02
349	3	2	2	0	4	2024-04-21 22:10:15.499978+02	f	2	5	4	2024-04-21 22:17:40.813092+02
351	3	3	1	0	0	2024-04-21 22:19:12.738113+02	f	3	5	3	2024-04-21 22:19:12.751772+02
344	3	3	1	0	0	2024-04-21 19:41:39.854671+02	f	3	5	3	2024-04-21 22:19:13.616727+02
350	2	2	2	4	0	2024-04-21 22:17:39.978279+02	f	4	5	5	2024-04-26 07:47:08.307572+03
352	2	2	2	4	0	2024-04-22 05:49:59.093833+02	f	4	5	5	2024-04-26 07:51:08.609728+03
\.


--
-- Data for Name: leagueOfLegends_leagueoflegendsdivisionorder_champions; Type: TABLE DATA; Schema: public; Owner: postgres
--

COPY public."leagueOfLegends_leagueoflegendsdivisionorder_champions" (id, leagueoflegendsdivisionorder_id, champion_id) FROM stdin;
\.


--
-- Data for Name: leagueOfLegends_leagueoflegendsmark; Type: TABLE DATA; Schema: public; Owner: postgres
--

COPY public."leagueOfLegends_leagueoflegendsmark" (id, marks_0_20, marks_21_40, marks_41_60, marks_61_80, marks_81_99, marks_series, rank_id) FROM stdin;
1	0	-0.11	0.11	0.11	0.11	0.11	1
2	0	-0.11	0.11	0.11	0.11	0.11	2
3	0	-0.11	0.11	0.11	0.11	0.11	3
4	0	-0.11	0.11	0.11	0.11	0.11	4
5	0	-0.11	0.11	0.11	0.11	0.11	5
6	0	-0.11	0.11	0.11	0.11	0.11	6
7	0	-0.11	0.11	0.11	0.11	0.11	7
\.


--
-- Data for Name: leagueOfLegends_leagueoflegendsplacement; Type: TABLE DATA; Schema: public; Owner: postgres
--

COPY public."leagueOfLegends_leagueoflegendsplacement" (id, rank_name, rank_image, price) FROM stdin;
1	unrank		4.62
2	iron	lol/images/iron.webp	2.8
3	bronze	lol/images/bronze.webp	3.91
4	silver	lol/images/silver.webp	5.05
5	gold	lol/images/gold.webp	6.17
6	platinum	lol/images/platinum.webp	7.26
7	emerald	lol/images/emerald.webp	10
8	diamond	lol/images/diamond.webp	12.31
9	master	lol/images/master.webp	13.85
\.


--
-- Data for Name: leagueOfLegends_leagueoflegendsplacementorder; Type: TABLE DATA; Schema: public; Owner: postgres
--

COPY public."leagueOfLegends_leagueoflegendsplacementorder" (order_id, number_of_match, select_champion, last_rank_id, created_at, updated_at) FROM stdin;
356	3	f	3	2024-05-06 16:34:03.503722+03	2024-05-06 16:34:03.530649+03
\.


--
-- Data for Name: leagueOfLegends_leagueoflegendsplacementorder_champions; Type: TABLE DATA; Schema: public; Owner: postgres
--

COPY public."leagueOfLegends_leagueoflegendsplacementorder_champions" (id, leagueoflegendsplacementorder_id, champion_id) FROM stdin;
\.


--
-- Data for Name: leagueOfLegends_leagueoflegendsrank; Type: TABLE DATA; Schema: public; Owner: postgres
--

COPY public."leagueOfLegends_leagueoflegendsrank" (id, rank_name, rank_image) FROM stdin;
1	iron	lol/images/iron.webp
2	bronze	lol/images/bronze.webp
3	silver	lol/images/silver.webp
4	gold	lol/images/gold.webp
5	platinum	lol/images/platinum.webp
6	emerald	lol/images/emerald.webp
7	diamond	lol/images/diamond.webp
8	master	lol/images/master.webp
\.


--
-- Data for Name: leagueOfLegends_leagueoflegendstier; Type: TABLE DATA; Schema: public; Owner: postgres
--

COPY public."leagueOfLegends_leagueoflegendstier" (id, "from_IV_to_III", "from_III_to_II", "from_II_to_I", "from_I_to_IV_next", rank_id) FROM stdin;
1	9.29	9.29	9.29	11.62	1
2	13.69	13.69	13.69	72.77	2
3	16.75	16.75	16.75	26.43	3
4	29.57	30.25	36.42	36.42	4
5	42	45.26	45.8	53.65	5
6	54.62	56.15	56.15	64.62	6
7	104.75	142.46	198.68	256.88	7
\.


--
-- Data for Name: mobileLegends_mobilelegendsdivisionorder; Type: TABLE DATA; Schema: public; Owner: postgres
--

COPY public."mobileLegends_mobilelegendsdivisionorder" (order_id, current_division, reached_division, desired_division, current_marks, reached_marks, created_at, select_champion, current_rank_id, desired_rank_id, reached_rank_id, updated_at) FROM stdin;
\.


--
-- Data for Name: mobileLegends_mobilelegendsmark; Type: TABLE DATA; Schema: public; Owner: postgres
--

COPY public."mobileLegends_mobilelegendsmark" (id, star_1, star_2, star_3, star_4, star_5, rank_id) FROM stdin;
1	2	4	6	0	0	1
2	2	4	6	0	0	2
3	2	4	6	8	0	3
4	2	4	6	8	10	4
5	2	4	6	8	10	5
6	2	4	6	8	10	6
7	0	0	0	0	0	7
8	0	0	0	0	0	8
9	0	0	0	0	0	9
10	0	0	0	0	0	10
\.


--
-- Data for Name: mobileLegends_mobilelegendsplacement; Type: TABLE DATA; Schema: public; Owner: postgres
--

COPY public."mobileLegends_mobilelegendsplacement" (id, rank_name, rank_image, price) FROM stdin;
1	unranked	Mobile_Legends/images/gold_sOEewwZ.webp	10
2	warrior	Mobile_Legends/images/gold_sOEewwZ_kBeN3ts.webp	20
3	elite	Mobile_Legends/images/gold_sOEewwZ_tJV1Ihz.webp	30
4	master	Mobile_Legends/images/gold_sOEewwZ_lfPGp8k.webp	40
5	grandmaster	Mobile_Legends/images/gold_sOEewwZ_f8hkuta.webp	50
6	epic	Mobile_Legends/images/gold_sOEewwZ_7MZq0uV.webp	60
7	legend	Mobile_Legends/images/gold_sOEewwZ_aBBjMGu.webp	70
8	mythic	Mobile_Legends/images/gold_sOEewwZ_cj8UNtF.webp	80
9	mythical honor	Mobile_Legends/images/gold_sOEewwZ_OJPiWyY.webp	90
10	mythical glory	Mobile_Legends/images/gold_sOEewwZ_YB3F4FA.webp	90
11	mythical immortal	Mobile_Legends/images/gold_sOEewwZ_qcNv71L.webp	100
\.


--
-- Data for Name: mobileLegends_mobilelegendsplacementorder; Type: TABLE DATA; Schema: public; Owner: postgres
--

COPY public."mobileLegends_mobilelegendsplacementorder" (order_id, number_of_match, select_champion, last_rank_id, created_at, updated_at) FROM stdin;
358	5	f	3	2024-05-06 16:55:30.242448+03	2024-05-06 16:55:30.260401+03
\.


--
-- Data for Name: mobileLegends_mobilelegendsrank; Type: TABLE DATA; Schema: public; Owner: postgres
--

COPY public."mobileLegends_mobilelegendsrank" (id, rank_name, rank_image) FROM stdin;
1	warrior	lol/images/platinum.webp
2	elite	lol/images/platinum.webp
3	master	lol/images/platinum.webp
4	grandmaster	lol/images/platinum.webp
5	epic	lol/images/platinum.webp
6	legend	lol/images/platinum.webp
7	mythic	lol/images/platinum.webp
8	mythical honor	lol/images/platinum.webp
9	mythical glory	lol/images/platinum.webp
10	mythical immortal	lol/images/platinum.webp
\.


--
-- Data for Name: mobileLegends_mobilelegendstier; Type: TABLE DATA; Schema: public; Owner: postgres
--

COPY public."mobileLegends_mobilelegendstier" (id, "from_IV_to_III", "from_III_to_II", "from_II_to_I", "from_I_to_V_next", rank_id, "from_V_to_IV") FROM stdin;
1	0	4	5	6	1	0
2	5	6	7	8	2	0
3	7	8	9	10	3	0
4	11	12	13	14	4	10
5	21	22	23	25	5	20
6	27	28	29	30	6	26
7	34	35	36	37	7	33
8	42	44	46	48	8	40
9	52	54	56	58	9	50
\.


--
-- Data for Name: news_blog; Type: TABLE DATA; Schema: public; Owner: postgres
--

COPY public.news_blog (id, main_image, header, youtube_link, order_image, order_name, order_link, created_at, updated_at, order_image2, main_image2) FROM stdin;
7	blog/a0a06f2f-4448-4ecf-a015-d8cf0dac2a5a.jpg	VALORANT's Newest Agent Clove shook the general opinion during her reveal and sat the curtains on fire!	https://www.youtube.com/watch?v=mdVGu6Cxtj0	blog/7cced820-5060-4c71-8033-66f1204c45e5.jpg	Get to your desired rank using ISO	/valorant/	2024-05-30 19:45:34.273862+03	2024-05-30 19:45:34.282841+03	blog/2e8c9771-2f10-46f0-9552-733af0f2d9f0.jpg	blog/073eb28b-d2d7-45e0-a5a2-2823944a4469.jpg
8	blog/c5294b4c-96f5-4080-be42-d23f4c57d24b.jpg	VALORANT's Newest Agent Clove shook the general opinion during her reveal and sat the curtains on fire!	https://www.youtube.com/watch?v=mdVGu6Cxtj0	blog/32f46e0a-a733-42bf-a703-aee542b9d1de.jpg	Get to your desired rank using ISO	/valorant/	2024-05-30 19:57:17.161982+03	2024-05-30 19:57:17.171454+03	blog/0e30f1d9-596b-46b5-b6a4-36da10d08519.jpg	blog/c13c3e01-39b9-4e09-8052-7f2a43a6cbfa.jpg
9	blog/5f3fcf39-6190-4e3b-a1b1-277a8d8e6954.jpg	VALORANT's Newest Agent Clove shook the general opinion during her reveal and sat the curtains on fire!	https://www.youtube.com/watch?v=mdVGu6Cxtj0	blog/f2697be0-28c2-41ae-aaf3-9b53930e6f07.jpg	Get to your desired rank using ISO	/valorant/	2024-05-30 20:00:37.732651+03	2024-05-30 20:00:37.741628+03	blog/84f1dde8-ae17-4c1b-84f0-18258ab6a065.jpg	blog/73c3499c-d313-40c4-a4e8-10844b80d87c.jpg
10	blog/a0a06f2f-4448-4ecf-a015-d8cf0dac2a5a.jpg	VALORANT's Newest Agent Clove shook the general opinion during her reveal and sat the curtains on fire!	https://www.youtube.com/watch?v=mdVGu6Cxtj0	blog/7cced820-5060-4c71-8033-66f1204c45e5.jpg	Get to your desired rank using ISO	/valorant/	2024-05-30 20:05:11.437173+03	2024-05-30 20:05:11.437173+03	blog/2e8c9771-2f10-46f0-9552-733af0f2d9f0.jpg	blog/073eb28b-d2d7-45e0-a5a2-2823944a4469.jpg
11	blog/c5294b4c-96f5-4080-be42-d23f4c57d24b.jpg	VALORANT's Newest Agent Clove shook the general opinion during her reveal and sat the curtains on fire!	https://www.youtube.com/watch?v=mdVGu6Cxtj0	blog/32f46e0a-a733-42bf-a703-aee542b9d1de.jpg	Get to your desired rank using ISO	/valorant/	2024-05-30 20:05:11.447005+03	2024-05-30 20:05:11.447005+03	blog/0e30f1d9-596b-46b5-b6a4-36da10d08519.jpg	blog/c13c3e01-39b9-4e09-8052-7f2a43a6cbfa.jpg
12	blog/5f3fcf39-6190-4e3b-a1b1-277a8d8e6954.jpg	VALORANT's Newest Agent Clove shook the general opinion during her reveal and sat the curtains on fire!	https://www.youtube.com/watch?v=mdVGu6Cxtj0	blog/f2697be0-28c2-41ae-aaf3-9b53930e6f07.jpg	Get to your desired rank using ISO	/valorant/	2024-05-30 20:05:11.448007+03	2024-05-30 20:05:11.448007+03	blog/84f1dde8-ae17-4c1b-84f0-18258ab6a065.jpg	blog/73c3499c-d313-40c4-a4e8-10844b80d87c.jpg
13	blog/a0a06f2f-4448-4ecf-a015-d8cf0dac2a5a.jpg	VALORANT's Newest Agent Clove shook the general opinion during her reveal and sat the curtains on fire!	https://www.youtube.com/watch?v=mdVGu6Cxtj0	blog/7cced820-5060-4c71-8033-66f1204c45e5.jpg	Get to your desired rank using ISO	/valorant/	2024-05-30 20:05:16.517768+03	2024-05-30 20:05:16.517768+03	blog/2e8c9771-2f10-46f0-9552-733af0f2d9f0.jpg	blog/073eb28b-d2d7-45e0-a5a2-2823944a4469.jpg
14	blog/c5294b4c-96f5-4080-be42-d23f4c57d24b.jpg	VALORANT's Newest Agent Clove shook the general opinion during her reveal and sat the curtains on fire!	https://www.youtube.com/watch?v=mdVGu6Cxtj0	blog/32f46e0a-a733-42bf-a703-aee542b9d1de.jpg	Get to your desired rank using ISO	/valorant/	2024-05-30 20:05:16.528176+03	2024-05-30 20:05:16.528176+03	blog/0e30f1d9-596b-46b5-b6a4-36da10d08519.jpg	blog/c13c3e01-39b9-4e09-8052-7f2a43a6cbfa.jpg
15	blog/5f3fcf39-6190-4e3b-a1b1-277a8d8e6954.jpg	VALORANT's Newest Agent Clove shook the general opinion during her reveal and sat the curtains on fire!	https://www.youtube.com/watch?v=mdVGu6Cxtj0	blog/f2697be0-28c2-41ae-aaf3-9b53930e6f07.jpg	Get to your desired rank using ISO	/valorant/	2024-05-30 20:05:16.529177+03	2024-05-30 20:05:16.529177+03	blog/84f1dde8-ae17-4c1b-84f0-18258ab6a065.jpg	blog/73c3499c-d313-40c4-a4e8-10844b80d87c.jpg
16	blog/a0a06f2f-4448-4ecf-a015-d8cf0dac2a5a.jpg	VALORANT's Newest Agent Clove shook the general opinion during her reveal and sat the curtains on fire!	https://www.youtube.com/watch?v=mdVGu6Cxtj0	blog/7cced820-5060-4c71-8033-66f1204c45e5.jpg	Get to your desired rank using ISO	/valorant/	2024-05-30 20:05:16.531171+03	2024-05-30 20:05:16.531171+03	blog/2e8c9771-2f10-46f0-9552-733af0f2d9f0.jpg	blog/073eb28b-d2d7-45e0-a5a2-2823944a4469.jpg
17	blog/c5294b4c-96f5-4080-be42-d23f4c57d24b.jpg	VALORANT's Newest Agent Clove shook the general opinion during her reveal and sat the curtains on fire!	https://www.youtube.com/watch?v=mdVGu6Cxtj0	blog/32f46e0a-a733-42bf-a703-aee542b9d1de.jpg	Get to your desired rank using ISO	/valorant/	2024-05-30 20:05:16.532172+03	2024-05-30 20:05:16.532172+03	blog/0e30f1d9-596b-46b5-b6a4-36da10d08519.jpg	blog/c13c3e01-39b9-4e09-8052-7f2a43a6cbfa.jpg
18	blog/5f3fcf39-6190-4e3b-a1b1-277a8d8e6954.jpg	VALORANT's Newest Agent Clove shook the general opinion during her reveal and sat the curtains on fire!	https://www.youtube.com/watch?v=mdVGu6Cxtj0	blog/f2697be0-28c2-41ae-aaf3-9b53930e6f07.jpg	Get to your desired rank using ISO	/valorant/	2024-05-30 20:05:16.533171+03	2024-05-30 20:05:16.533171+03	blog/84f1dde8-ae17-4c1b-84f0-18258ab6a065.jpg	blog/73c3499c-d313-40c4-a4e8-10844b80d87c.jpg
\.


--
-- Data for Name: news_subheader; Type: TABLE DATA; Schema: public; Owner: postgres
--

COPY public.news_subheader (id, sub_header, is_top, created_at, blog_id) FROM stdin;
\.


--
-- Data for Name: oauth2_provider_accesstoken; Type: TABLE DATA; Schema: public; Owner: postgres
--

COPY public.oauth2_provider_accesstoken (id, token, expires, scope, application_id, user_id, created, updated, source_refresh_token_id, id_token_id) FROM stdin;
\.


--
-- Data for Name: oauth2_provider_application; Type: TABLE DATA; Schema: public; Owner: postgres
--

COPY public.oauth2_provider_application (id, client_id, redirect_uris, client_type, authorization_grant_type, client_secret, name, user_id, skip_authorization, created, updated, algorithm, post_logout_redirect_uris) FROM stdin;
\.


--
-- Data for Name: oauth2_provider_grant; Type: TABLE DATA; Schema: public; Owner: postgres
--

COPY public.oauth2_provider_grant (id, code, expires, redirect_uri, scope, application_id, user_id, created, updated, code_challenge, code_challenge_method, nonce, claims) FROM stdin;
\.


--
-- Data for Name: oauth2_provider_idtoken; Type: TABLE DATA; Schema: public; Owner: postgres
--

COPY public.oauth2_provider_idtoken (id, jti, expires, scope, created, updated, application_id, user_id) FROM stdin;
\.


--
-- Data for Name: oauth2_provider_refreshtoken; Type: TABLE DATA; Schema: public; Owner: postgres
--

COPY public.oauth2_provider_refreshtoken (id, token, access_token_id, application_id, user_id, created, updated, revoked) FROM stdin;
\.


--
-- Data for Name: overwatch2_overwatch2divisionorder; Type: TABLE DATA; Schema: public; Owner: postgres
--

COPY public.overwatch2_overwatch2divisionorder (order_id, current_division, reached_division, desired_division, current_marks, reached_marks, created_at, current_rank_id, desired_rank_id, reached_rank_id, role, updated_at) FROM stdin;
\.


--
-- Data for Name: overwatch2_overwatch2mark; Type: TABLE DATA; Schema: public; Owner: postgres
--

COPY public.overwatch2_overwatch2mark (id, mark_number, mark_1, mark_2, mark_3, mark_4, mark_5, rank_id) FROM stdin;
2	5	2	4	6	8	10	2
8	5	0	10	15	20	25	8
1	5	0	2	3	4	5	1
5	5	0	13	17	19	20	5
3	5	0	6	9	15	18	3
4	5	0	8	12	16	18	4
6	5	0	6	9	12	15	6
7	5	0	8	12	16	20	7
\.


--
-- Data for Name: overwatch2_overwatch2placement; Type: TABLE DATA; Schema: public; Owner: postgres
--

COPY public.overwatch2_overwatch2placement (id, rank_name, rank_image, price) FROM stdin;
1	unrank	overwatch2/images/unranked.webp	4.62
2	bronze	overwatch2/images/bronze.png	3.91
3	silver	overwatch2/images/silver.png	5.05
4	gold	overwatch2/images/gold.png	6.17
5	platinum	overwatch2/images/paltinum.png	7.26
6	diamond	overwatch2/images/diamond.png	12.31
7	master	overwatch2/images/master.png	13.85
8	grand master	overwatch2/images/grandmaster.png	20.85
9	champion	overwatch2/images/unranked.webp	30
\.


--
-- Data for Name: overwatch2_overwatch2placementorder; Type: TABLE DATA; Schema: public; Owner: postgres
--

COPY public.overwatch2_overwatch2placementorder (order_id, number_of_match, select_champions, last_rank_id, created_at, updated_at, role) FROM stdin;
364	5	f	6	2024-05-06 18:28:19.666262+03	2024-05-06 18:28:19.696184+03	1
\.


--
-- Data for Name: overwatch2_overwatch2rank; Type: TABLE DATA; Schema: public; Owner: postgres
--

COPY public.overwatch2_overwatch2rank (id, rank_name, rank_image) FROM stdin;
1	bronze	overwatch2/images/bronze.png
2	silver	overwatch2/images/silver.png
3	gold	overwatch2/images/gold.png
4	platinum	overwatch2/images/paltinum.png
5	diamond	overwatch2/images/diamond.png
6	master	overwatch2/images/master.png
7	grand master	overwatch2/images/grandmaster.png
8	champion	overwatch2/images/unranked.webp
\.


--
-- Data for Name: overwatch2_overwatch2tier; Type: TABLE DATA; Schema: public; Owner: postgres
--

COPY public.overwatch2_overwatch2tier (id, "from_IV_to_III", "from_III_to_II", "from_II_to_I", "from_I_to_V_next", rank_id, "from_V_to_IV") FROM stdin;
1	9.29	9.29	9.29	11.62	1	13.69
2	13.69	13.69	13.69	72.77	2	13.69
3	16.75	16.75	16.75	26.43	3	16.75
4	29.57	30.25	36.42	36.42	4	29.57
5	42	45.26	45.8	53.65	5	42
6	54.62	56.15	56.15	64.62	6	54.62
7	104.75	142.46	198.68	256.88	7	60
8	130	140	150	160	8	120
\.


--
-- Data for Name: paypal_ipn; Type: TABLE DATA; Schema: public; Owner: postgres
--

COPY public.paypal_ipn (id, business, charset, custom, notify_version, parent_txn_id, receiver_email, receiver_id, residence_country, test_ipn, txn_id, txn_type, verify_sign, address_country, address_city, address_country_code, address_name, address_state, address_status, address_street, address_zip, contact_phone, first_name, last_name, payer_business_name, payer_email, payer_id, auth_amount, auth_exp, auth_id, auth_status, exchange_rate, invoice, item_name, item_number, mc_currency, mc_fee, mc_gross, mc_handling, mc_shipping, memo, num_cart_items, option_name1, option_name2, payer_status, payment_date, payment_gross, payment_status, payment_type, pending_reason, protection_eligibility, quantity, reason_code, remaining_settle, settle_amount, settle_currency, shipping, shipping_method, tax, transaction_entity, auction_buyer_id, auction_closing_date, auction_multi_item, for_auction, amount, amount_per_cycle, initial_payment_amount, next_payment_date, outstanding_balance, payment_cycle, period_type, product_name, product_type, profile_status, recurring_payment_id, rp_invoice_id, time_created, amount1, amount2, amount3, mc_amount1, mc_amount2, mc_amount3, password, period1, period2, period3, reattempt, recur_times, recurring, retry_at, subscr_date, subscr_effective, subscr_id, username, case_creation_date, case_id, case_type, receipt_id, currency_code, handling_amount, transaction_subject, ipaddress, flag, flag_code, flag_info, query, response, created_at, updated_at, from_view, mp_id, option_selection1, option_selection2) FROM stdin;
1	sb-blcbf28542348@business.example.com	UTF-8		3.90		sb-blcbf28542348@business.example.com	RQJ54KZL9BSVJ	US	t	2NB943592H360934V	web_accept	AWQ.xhyKVb.POwHbaD.XeC0e6LY1A-Y.kncjhn9uSkuxfDAA61hvuIPY										shehab	Tharwat		sb-qdtcs28425961@personal.example.com	LS2NQE5XGWY5W	0.00				0.0000000000000000	MOBLEG-8-D-3-2-4-5-4-0-0-0-0-0-0-North America-157.0-0-null-0-0	MOBLEG, BOOSTING FROM master IV STARS 4 TO epic II		USD	5.97	157.00	0.00	0.00		0			verified	2024-03-10 11:34:25+02	157.00	Completed	instant		Eligible	1		0.00	0.00		0.00	Default	0.00			\N	0	0.00	0.00	0.00	0.00	\N	0.00								\N	0.00	0.00	0.00	0.00	0.00	0.00						0		\N	\N	\N			\N				USD	0.00		127.0.0.1	f			mc_gross=157.00&invoice=MOBLEG-8-D-3-2-4-5-4-0-0-0-0-0-0-North+America-157.0-0-null-0-0&protection_eligibility=Eligible&payer_id=LS2NQE5XGWY5W&payment_date=01%3A34%3A25+Mar+10%2C+2024+PST&payment_status=Completed&charset=UTF-8&first_name=shehab&mc_fee=5.97&notify_version=3.9&custom=&payer_status=verified&business=sb-blcbf28542348%40business.example.com&quantity=1&verify_sign=AWQ.xhyKVb.POwHbaD.XeC0e6LY1A-Y.kncjhn9uSkuxfDAA61hvuIPY&payer_email=sb-qdtcs28425961%40personal.example.com&txn_id=2NB943592H360934V&payment_type=instant&last_name=Tharwat&receiver_email=sb-blcbf28542348%40business.example.com&payment_fee=5.97&shipping_discount=0.00&receiver_id=RQJ54KZL9BSVJ&insurance_amount=0.00&txn_type=web_accept&item_name=MOBLEG%2C+BOOSTING+FROM+master+IV+STARS+4+TO+epic+II&discount=0.00&mc_currency=USD&item_number=&residence_country=US&test_ipn=1&shipping_method=Default&transaction_subject=&payment_gross=157.00&ipn_track_id=f213391915dda	VERIFIED	2024-03-10 11:37:06.11188+02	2024-03-10 11:37:06.12451+02	\N	\N		
\.


--
-- Data for Name: pubg_pubgdivisionorder; Type: TABLE DATA; Schema: public; Owner: postgres
--

COPY public.pubg_pubgdivisionorder (order_id, current_division, reached_division, desired_division, current_marks, reached_marks, created_at, select_champion, current_rank_id, desired_rank_id, reached_rank_id, updated_at) FROM stdin;
342	3	3	4	0	0	2024-04-21 19:41:17.213173+02	f	3	5	3	2024-04-21 19:41:36.854891+02
347	3	3	4	0	0	2024-04-21 21:56:11.938879+02	f	3	6	3	2024-04-21 21:56:11.95783+02
346	3	3	4	0	0	2024-04-21 21:45:07.607579+02	f	3	6	3	2024-04-21 21:56:13.105498+02
343	3	3	4	0	0	2024-04-21 19:41:35.470616+02	f	3	5	3	2024-04-21 21:58:25.134465+02
365	3	3	4	0	0	2024-05-12 10:42:35.5135+03	f	3	6	3	2024-05-12 10:42:35.534374+03
366	3	3	4	0	0	2024-05-12 11:15:11.710623+03	f	3	7	3	2024-05-12 11:15:11.731567+03
367	3	3	4	0	0	2024-05-12 11:15:25.788838+03	f	3	7	3	2024-05-12 11:15:25.800157+03
371	3	3	4	0	0	2024-05-12 14:39:44.84859+03	f	3	6	3	2024-05-12 14:39:44.859931+03
376	3	3	4	0	0	2024-05-12 17:28:18.615864+03	f	3	6	3	2024-05-12 17:28:18.629961+03
377	3	3	4	0	0	2024-05-12 17:29:13.12917+03	f	3	7	3	2024-05-12 17:29:13.142106+03
378	3	3	4	0	0	2024-05-12 17:37:17.65795+03	f	3	7	3	2024-05-12 17:37:17.670917+03
379	3	3	4	0	0	2024-05-26 06:28:44.172191+03	f	3	7	3	2024-05-26 06:28:44.192201+03
380	3	3	4	0	0	2024-05-29 09:39:21.706959+03	f	3	4	3	2024-05-29 09:39:21.724912+03
381	3	3	4	0	0	2024-05-29 09:39:23.025568+03	f	3	4	3	2024-05-29 09:39:23.035542+03
382	3	3	4	0	0	2024-05-29 09:39:25.296125+03	f	3	4	3	2024-05-29 09:39:25.309089+03
348	3	4	4	0	0	2024-04-21 21:58:24.18227+02	f	3	5	5	2024-05-30 20:49:11.303789+03
\.


--
-- Data for Name: pubg_pubgmark; Type: TABLE DATA; Schema: public; Owner: postgres
--

COPY public.pubg_pubgmark (id, marks_0_20, marks_21_40, marks_41_60, marks_61_80, marks_81_100, rank_id) FROM stdin;
1	0	1	2	3	4	1
2	0	1.5	3	4.5	6	2
3	0	2	4	6	8	3
4	0	2.5	5	7.5	10	4
5	0	3	6	9	12	5
6	0	3.5	7	10.5	14	6
7	0	4	8	12	16	7
8	0	4.5	9	13.5	18	8
9	0	4.5	9	13.5	18	9
\.


--
-- Data for Name: pubg_pubgrank; Type: TABLE DATA; Schema: public; Owner: postgres
--

COPY public.pubg_pubgrank (id, rank_image, rank_name) FROM stdin;
5	pubg/images/diamond.webp	diamond
6	pubg/images/diamond.webp	crown
7	pubg/images/diamond.webp	ace
8	pubg/images/master.webp	ace master
9	pubg/images/master.webp	ace domenater
1	pubg/images/bronze_6MtOGjp.png	bronze
2	pubg/images/silver_zus7yrK.png	silver
3	pubg/images/gold_jTwEbjc.png	gold
4	pubg/images/platinum_BGyZXjP.png	platinum
\.


--
-- Data for Name: pubg_pubgtier; Type: TABLE DATA; Schema: public; Owner: postgres
--

COPY public.pubg_pubgtier (id, "from_III_to_II", "from_II_to_I", "from_I_to_V_next", "from_VI_to_III", "from_V_to_VI", rank_id) FROM stdin;
1	5	5	5	5	5	1
2	5.5	10	5	6	5.5	2
3	6.5	15	6	6.5	6.5	3
4	10	20	10	10	10	4
5	15	25	16	15	15	5
6	15	30	16	15	15	6
7	15	35	16	15	15	7
8	15	40	16	15	15	8
9	21	40	50	19	17	9
\.


--
-- Data for Name: rocketLeague_rocketleaguedivision; Type: TABLE DATA; Schema: public; Owner: postgres
--

COPY public."rocketLeague_rocketleaguedivision" (id, "from_I_to_II", "from_II_to_III", "from_III_to_I_next", rank_id) FROM stdin;
8	1.35	1.35	1.86	1
9	1.86	3.41	3.41	2
10	3.28	3.28	3.28	3
11	4.19	4.07	5.77	4
12	6.91	10.88	13.48	5
13	13.19	13.62	17.57	6
14	29.51	40.82	44.69	7
\.


--
-- Data for Name: rocketLeague_rocketleaguedivisionorder; Type: TABLE DATA; Schema: public; Owner: postgres
--

COPY public."rocketLeague_rocketleaguedivisionorder" (order_id, ranked_type, current_division, reached_division, desired_division, current_marks, reached_marks, created_at, current_rank_id, desired_rank_id, reached_rank_id) FROM stdin;
\.


--
-- Data for Name: rocketLeague_rocketleagueplacement; Type: TABLE DATA; Schema: public; Owner: postgres
--

COPY public."rocketLeague_rocketleagueplacement" (id, rank_name, rank_image, price) FROM stdin;
1	bronze	rocketLeague/images/bronze.webp	3.03
2	silver	rocketLeague/images/silver.webp	4.03
3	gold	rocketLeague/images/gold.webp	4.03
4	platinum	rocketLeague/images/platinum.webp	5.37
5	diamond	rocketLeague/images/diamond.webp	6.73
6	champion	rocketLeague/images/champion.webp	9.4
7	grand champion	rocketLeague/images/grand_champion.webp	16.11
8	supersonic legend	rocketLeague/images/supersonic_legend.webp	26.87
\.


--
-- Data for Name: rocketLeague_rocketleagueplacementorder; Type: TABLE DATA; Schema: public; Owner: postgres
--

COPY public."rocketLeague_rocketleagueplacementorder" (order_id, number_of_match, last_rank_id, created_at) FROM stdin;
362	5	3	2024-05-06 17:50:51.12804+03
\.


--
-- Data for Name: rocketLeague_rocketleaguerank; Type: TABLE DATA; Schema: public; Owner: postgres
--

COPY public."rocketLeague_rocketleaguerank" (id, rank_name, rank_image) FROM stdin;
1	bronze	rocketLeague/images/bronze.webp
2	silver	rocketLeague/images/silver.webp
3	gold	rocketLeague/images/gold.webp
4	platinum	rocketLeague/images/platinum.webp
5	diamond	rocketLeague/images/diamond.webp
6	champion	rocketLeague/images/champion.webp
7	grand champion	rocketLeague/images/grand_champion.webp
8	supersonic legend	rocketLeague/images/supersonic_legend.webp
\.


--
-- Data for Name: rocketLeague_rocketleagueseasonal; Type: TABLE DATA; Schema: public; Owner: postgres
--

COPY public."rocketLeague_rocketleagueseasonal" (id, rank_name, rank_image, price) FROM stdin;
1	bronze	rocketLeague/images/bronze.webp	2.03
2	silver	rocketLeague/images/silver.webp	3.35
3	gold	rocketLeague/images/gold.webp	3.35
4	platinum	rocketLeague/images/platinum.webp	5.37
5	diamond	rocketLeague/images/diamond.webp	6.73
6	champion	rocketLeague/images/champion.webp	8.74
7	grand champion	rocketLeague/images/grand_champion.webp	10.74
8	supersonic legend	rocketLeague/images/supersonic_legend.webp	20.15
\.


--
-- Data for Name: rocketLeague_rocketleagueseasonalorder; Type: TABLE DATA; Schema: public; Owner: postgres
--

COPY public."rocketLeague_rocketleagueseasonalorder" (order_id, number_of_wins, current_rank_id, created_at) FROM stdin;
363	5	8	2024-05-06 18:04:04.837437+03
\.


--
-- Data for Name: rocketLeague_rocketleaguetournament; Type: TABLE DATA; Schema: public; Owner: postgres
--

COPY public."rocketLeague_rocketleaguetournament" (id, rank_name, rank_image, price) FROM stdin;
1	bronze	rocketLeague/images/bronze.webp	20.15
2	silver	rocketLeague/images/silver.webp	24.18
3	gold	rocketLeague/images/gold.webp	33.58
4	platinum	rocketLeague/images/platinum.webp	47
5	diamond	rocketLeague/images/diamond.webp	53.73
6	champion	rocketLeague/images/champion.webp	67.15
7	grand champion	rocketLeague/images/grand_champion.webp	80.58
8	supersonic legend	rocketLeague/images/supersonic_legend.webp	93.78
\.


--
-- Data for Name: rocketLeague_rocketleaguetournamentorder; Type: TABLE DATA; Schema: public; Owner: postgres
--

COPY public."rocketLeague_rocketleaguetournamentorder" (order_id, current_league_id, created_at) FROM stdin;
\.


--
-- Data for Name: social_auth_association; Type: TABLE DATA; Schema: public; Owner: postgres
--

COPY public.social_auth_association (id, server_url, handle, secret, issued, lifetime, assoc_type) FROM stdin;
\.


--
-- Data for Name: social_auth_code; Type: TABLE DATA; Schema: public; Owner: postgres
--

COPY public.social_auth_code (id, email, code, verified, "timestamp") FROM stdin;
\.


--
-- Data for Name: social_auth_nonce; Type: TABLE DATA; Schema: public; Owner: postgres
--

COPY public.social_auth_nonce (id, server_url, "timestamp", salt) FROM stdin;
\.


--
-- Data for Name: social_auth_partial; Type: TABLE DATA; Schema: public; Owner: postgres
--

COPY public.social_auth_partial (id, token, next_step, backend, "timestamp", data) FROM stdin;
\.


--
-- Data for Name: social_auth_usersocialauth; Type: TABLE DATA; Schema: public; Owner: postgres
--

COPY public.social_auth_usersocialauth (id, provider, uid, user_id, created, modified, extra_data) FROM stdin;
\.


--
-- Data for Name: socialaccount_socialaccount; Type: TABLE DATA; Schema: public; Owner: postgres
--

COPY public.socialaccount_socialaccount (id, provider, uid, last_login, date_joined, extra_data, user_id) FROM stdin;
\.


--
-- Data for Name: socialaccount_socialapp; Type: TABLE DATA; Schema: public; Owner: postgres
--

COPY public.socialaccount_socialapp (id, provider, name, client_id, secret, key, provider_id, settings) FROM stdin;
\.


--
-- Data for Name: socialaccount_socialtoken; Type: TABLE DATA; Schema: public; Owner: postgres
--

COPY public.socialaccount_socialtoken (id, token, token_secret, expires_at, account_id, app_id) FROM stdin;
\.


--
-- Data for Name: tft_tftdivisionorder; Type: TABLE DATA; Schema: public; Owner: postgres
--

COPY public.tft_tftdivisionorder (order_id, current_division, reached_division, desired_division, current_marks, reached_marks, created_at, current_rank_id, desired_rank_id, reached_rank_id) FROM stdin;
\.


--
-- Data for Name: tft_tftmark; Type: TABLE DATA; Schema: public; Owner: postgres
--

COPY public.tft_tftmark (id, marks_0_20, marks_21_40, marks_41_60, marks_61_80, marks_81_100, rank_id) FROM stdin;
1	0	0.41	0.42	0.43	0.44	1
2	0	0.46	0.47	0.48	0.49	2
3	0	0.51	0.52	0.53	0.54	3
4	0	0.56	0.57	0.58	0.59	4
5	0	0.61	0.62	0.63	0.64	5
6	0	0.66	0.67	0.68	0.69	6
7	0	0.71	0.72	0.73	0.74	7
\.


--
-- Data for Name: tft_tftplacement; Type: TABLE DATA; Schema: public; Owner: postgres
--

COPY public.tft_tftplacement (id, rank_name, rank_image, price) FROM stdin;
1	unrank	tft/images/unranked.webp	5.17
2	iron	tft/images/iron.webp	5.17
3	bronze	tft/images/bronze.webp	5.17
4	silver	tft/images/silver.webp	5.17
5	gold	tft/images/gold.webp	5.17
6	platinum	tft/images/platinum.webp	5.83
7	emerald	tft/images/emerald.webp	10
8	diamond	tft/images/diamond.webp	6.27
9	master	tft/images/master.webp	8.33
\.


--
-- Data for Name: tft_tftplacementorder; Type: TABLE DATA; Schema: public; Owner: postgres
--

COPY public.tft_tftplacementorder (order_id, number_of_match, last_rank_id, created_at) FROM stdin;
357	5	3	2024-05-06 16:51:31.999333+03
\.


--
-- Data for Name: tft_tftrank; Type: TABLE DATA; Schema: public; Owner: postgres
--

COPY public.tft_tftrank (id, rank_name, rank_image) FROM stdin;
1	iron	tft/images/iron.webp
2	bronze	tft/images/bronze.webp
3	silver	tft/images/silver.webp
4	gold	tft/images/gold.webp
5	platinum	tft/images/platinum.webp
6	emerald	tft/images/emerald.webp
7	diamond	tft/images/diamond.webp
8	master	tft/images/master.webp
\.


--
-- Data for Name: tft_tfttier; Type: TABLE DATA; Schema: public; Owner: postgres
--

COPY public.tft_tfttier (id, "from_IV_to_III", "from_III_to_II", "from_II_to_I", "from_I_to_IV_next", rank_id) FROM stdin;
1	4.52	4.52	4.52	4.52	1
2	5.37	5.37	5.37	5.37	2
3	6.06	6.06	6.06	7.28	3
4	9.1	10	13.43	13.43	4
5	16.91	18.22	19.43	22.37	5
6	30	31.67	33.33	36.67	6
7	42.49	51.43	70.43	121.43	7
\.


--
-- Data for Name: valorant_valorantdivisionorder; Type: TABLE DATA; Schema: public; Owner: postgres
--

COPY public.valorant_valorantdivisionorder (order_id, current_division, reached_division, desired_division, current_marks, reached_marks, created_at, select_champion, current_rank_id, desired_rank_id, reached_rank_id) FROM stdin;
353	3	3	2	0	0	2024-04-22 05:50:53.794158+02	t	3	5	5
368	3	3	2	0	0	2024-05-12 14:32:54.520715+03	f	3	5	3
369	3	3	2	0	0	2024-05-12 14:33:32.81038+03	f	3	5	3
370	3	3	2	0	0	2024-05-12 14:34:43.525867+03	f	3	7	3
\.


--
-- Data for Name: valorant_valorantdivisionorder_champions; Type: TABLE DATA; Schema: public; Owner: postgres
--

COPY public.valorant_valorantdivisionorder_champions (id, valorantdivisionorder_id, champion_id) FROM stdin;
28	353	4
29	353	5
30	353	6
\.


--
-- Data for Name: valorant_valorantmark; Type: TABLE DATA; Schema: public; Owner: postgres
--

COPY public.valorant_valorantmark (id, marks_0_20, marks_21_40, marks_41_60, marks_61_80, marks_81_100, rank_id) FROM stdin;
1	0	0.2	0.2	0.2	0.2	1
2	0	0.3	0.3	0.3	0.3	2
3	0	0.4	0.4	0.4	0.4	3
4	0	0.5	0.5	0.5	0.5	4
5	0	0.6	0.6	0.6	0.6	5
6	0	0.7	0.7	0.7	0.7	6
7	0	0.8	0.8	0.8	0.8	7
8	0	0.9	0.9	0.9	0.9	8
\.


--
-- Data for Name: valorant_valorantplacement; Type: TABLE DATA; Schema: public; Owner: postgres
--

COPY public.valorant_valorantplacement (id, rank_name, rank_image, price) FROM stdin;
1	unrank	valorant/images/unranked.webp	4.31
2	iron	valorant/images/iron.webp	3.48
3	bronze	valorant/images/bronze.webp	3.48
4	silver	valorant/images/silver.webp	4.31
5	gold	valorant/images/gold.webp	5.17
6	platinum	valorant/images/platinum.webp	6
7	diamond	valorant/images/diamond.webp	7.74
8	ascendant	valorant/images/ascendant.webp	9.45
9	immortal	valorant/images/immortal.webp	11.17
\.


--
-- Data for Name: valorant_valorantplacementorder; Type: TABLE DATA; Schema: public; Owner: postgres
--

COPY public.valorant_valorantplacementorder (order_id, number_of_match, select_champion, last_rank_id, created_at) FROM stdin;
355	3	f	3	2024-05-06 11:09:52.985757+03
\.


--
-- Data for Name: valorant_valorantplacementorder_champions; Type: TABLE DATA; Schema: public; Owner: postgres
--

COPY public.valorant_valorantplacementorder_champions (id, valorantplacementorder_id, champion_id) FROM stdin;
\.


--
-- Data for Name: valorant_valorantrank; Type: TABLE DATA; Schema: public; Owner: postgres
--

COPY public.valorant_valorantrank (id, rank_name, rank_image) FROM stdin;
1	iron	valorant/images/iron.webp
2	bronze	valorant/images/bronze.webp
3	silver	valorant/images/silver.webp
4	gold	valorant/images/gold.webp
5	platinum	valorant/images/platinum.webp
6	diamond	valorant/images/diamond.webp
7	ascendant	valorant/images/ascendant.webp
8	immortal	valorant/images/immortal.webp
\.


--
-- Data for Name: valorant_valoranttier; Type: TABLE DATA; Schema: public; Owner: postgres
--

COPY public.valorant_valoranttier (id, "from_I_to_II", "from_II_to_III", "from_III_to_I_next", rank_id) FROM stdin;
1	3	3	3	1
2	3.5	3.5	3.5	2
3	4	4	4	3
4	4.5	4.5	4.5	4
5	5	5	5	5
6	5.5	5.5	5.5	6
7	6	6	6	7
8	6.5	6.5	6.5	8
\.


--
-- Data for Name: wildRift_wildriftdivisionorder; Type: TABLE DATA; Schema: public; Owner: postgres
--

COPY public."wildRift_wildriftdivisionorder" (order_id, current_division, reached_division, desired_division, current_marks, reached_marks, created_at, current_rank_id, desired_rank_id, reached_rank_id, select_champion) FROM stdin;
354	3	3	2	0	0	2024-05-02 12:03:58.022074+03	2	5	5	f
373	3	3	2	0	0	2024-05-12 15:18:59.830365+03	3	7	3	f
374	3	3	2	0	0	2024-05-12 15:19:57.243894+03	2	6	2	f
375	3	3	2	0	0	2024-05-12 15:22:46.272312+03	3	6	3	f
\.


--
-- Data for Name: wildRift_wildriftdivisionorder_champions; Type: TABLE DATA; Schema: public; Owner: postgres
--

COPY public."wildRift_wildriftdivisionorder_champions" (id, wildriftdivisionorder_id, champion_id) FROM stdin;
\.


--
-- Data for Name: wildRift_wildriftmark; Type: TABLE DATA; Schema: public; Owner: postgres
--

COPY public."wildRift_wildriftmark" (id, mark_number, mark_1, mark_2, mark_3, mark_4, mark_5, mark_6, rank_id) FROM stdin;
15	2	0.1	0.11	0	0	0	0	1
16	3	0.2	0.21	0.22	0	0	0	2
17	3	0.3	0.31	0.32	0	0	0	3
18	4	0.4	0.41	0.42	0.43	0	0	4
19	4	0.5	0.51	0.52	0.53	0	0	5
20	5	0.6	0.61	0.62	0.63	0.64	0	6
21	6	0.7	0.71	0.72	0.73	0.74	0.75	7
\.


--
-- Data for Name: wildRift_wildriftrank; Type: TABLE DATA; Schema: public; Owner: postgres
--

COPY public."wildRift_wildriftrank" (id, rank_name, rank_image) FROM stdin;
1	iron	wildRift/images/iron.webp
2	bronze	wildRift/images/bronze.webp
3	silver	wildRift/images/silver.webp
4	gold	wildRift/images/gold.webp
5	platinum	wildRift/images/platinum.webp
6	emerald	wildRift/images/emerald.webp
7	diamond	wildRift/images/diamond.webp
8	master	wildRift/images/master.webp
\.


--
-- Data for Name: wildRift_wildrifttier; Type: TABLE DATA; Schema: public; Owner: postgres
--

COPY public."wildRift_wildrifttier" (id, "from_IV_to_III", "from_III_to_II", "from_II_to_I", "from_I_to_IV_next", rank_id) FROM stdin;
25	2.54	2.54	2.54	2.54	1
26	4.15	4.15	4.15	4.15	2
27	5.8	5.8	5.8	9.06	3
28	9.06	9.06	12.95	12.95	4
29	12.95	12.95	12.95	19.42	5
30	27.78	27.78	27.78	206.15	6
31	48.12	53.45	76.8	85.32	7
32	85.32	0	0	0	8
\.


--
-- Name: WorldOfWarcraft_worldofwarcraftrank_id_seq; Type: SEQUENCE SET; Schema: public; Owner: postgres
--

SELECT pg_catalog.setval('public."WorldOfWarcraft_worldofwarcraftrank_id_seq"', 4, true);


--
-- Name: WorldOfWarcraft_worldofwarcraftrpsprice_id_seq; Type: SEQUENCE SET; Schema: public; Owner: postgres
--

SELECT pg_catalog.setval('public."WorldOfWarcraft_worldofwarcraftrpsprice_id_seq"', 1, false);


--
-- Name: account_emailaddress_id_seq; Type: SEQUENCE SET; Schema: public; Owner: postgres
--

SELECT pg_catalog.setval('public.account_emailaddress_id_seq', 2, true);


--
-- Name: account_emailconfirmation_id_seq; Type: SEQUENCE SET; Schema: public; Owner: postgres
--

SELECT pg_catalog.setval('public.account_emailconfirmation_id_seq', 1, false);


--
-- Name: accounts_baseorder_id_seq; Type: SEQUENCE SET; Schema: public; Owner: postgres
--

SELECT pg_catalog.setval('public.accounts_baseorder_id_seq', 382, true);


--
-- Name: accounts_baseuser_groups_id_seq; Type: SEQUENCE SET; Schema: public; Owner: postgres
--

SELECT pg_catalog.setval('public.accounts_baseuser_groups_id_seq', 1, false);


--
-- Name: accounts_baseuser_id_seq; Type: SEQUENCE SET; Schema: public; Owner: postgres
--

SELECT pg_catalog.setval('public.accounts_baseuser_id_seq', 67, true);


--
-- Name: accounts_baseuser_user_permissions_id_seq; Type: SEQUENCE SET; Schema: public; Owner: postgres
--

SELECT pg_catalog.setval('public.accounts_baseuser_user_permissions_id_seq', 1, false);


--
-- Name: accounts_boosterpercent_id_seq; Type: SEQUENCE SET; Schema: public; Owner: postgres
--

SELECT pg_catalog.setval('public.accounts_boosterpercent_id_seq', 1, true);


--
-- Name: accounts_captcha_id_seq; Type: SEQUENCE SET; Schema: public; Owner: postgres
--

SELECT pg_catalog.setval('public.accounts_captcha_id_seq', 2000, true);


--
-- Name: accounts_promocode_id_seq; Type: SEQUENCE SET; Schema: public; Owner: postgres
--

SELECT pg_catalog.setval('public.accounts_promocode_id_seq', 1, true);


--
-- Name: accounts_tip_data_id_seq; Type: SEQUENCE SET; Schema: public; Owner: postgres
--

SELECT pg_catalog.setval('public.accounts_tip_data_id_seq', 7, true);


--
-- Name: accounts_tokenforpay_id_seq; Type: SEQUENCE SET; Schema: public; Owner: postgres
--

SELECT pg_catalog.setval('public.accounts_tokenforpay_id_seq', 354, true);


--
-- Name: accounts_transaction_id_seq; Type: SEQUENCE SET; Schema: public; Owner: postgres
--

SELECT pg_catalog.setval('public.accounts_transaction_id_seq', 458, true);


--
-- Name: accounts_wallet_id_seq; Type: SEQUENCE SET; Schema: public; Owner: postgres
--

SELECT pg_catalog.setval('public.accounts_wallet_id_seq', 78, true);


--
-- Name: auth_group_id_seq; Type: SEQUENCE SET; Schema: public; Owner: postgres
--

SELECT pg_catalog.setval('public.auth_group_id_seq', 1, false);


--
-- Name: auth_group_permissions_id_seq; Type: SEQUENCE SET; Schema: public; Owner: postgres
--

SELECT pg_catalog.setval('public.auth_group_permissions_id_seq', 1, false);


--
-- Name: auth_permission_id_seq; Type: SEQUENCE SET; Schema: public; Owner: postgres
--

SELECT pg_catalog.setval('public.auth_permission_id_seq', 608, true);


--
-- Name: booster_booster_games_id_seq; Type: SEQUENCE SET; Schema: public; Owner: postgres
--

SELECT pg_catalog.setval('public.booster_booster_games_id_seq', 19, true);


--
-- Name: booster_booster_id_seq; Type: SEQUENCE SET; Schema: public; Owner: postgres
--

SELECT pg_catalog.setval('public.booster_booster_id_seq', 23, true);


--
-- Name: booster_booster_languages_id_seq; Type: SEQUENCE SET; Schema: public; Owner: postgres
--

SELECT pg_catalog.setval('public.booster_booster_languages_id_seq', 7, true);


--
-- Name: booster_boosterportfolio_id_seq; Type: SEQUENCE SET; Schema: public; Owner: postgres
--

SELECT pg_catalog.setval('public.booster_boosterportfolio_id_seq', 13, true);


--
-- Name: booster_boosterrank_id_seq; Type: SEQUENCE SET; Schema: public; Owner: postgres
--

SELECT pg_catalog.setval('public.booster_boosterrank_id_seq', 10, true);


--
-- Name: booster_createbooster_id_seq; Type: SEQUENCE SET; Schema: public; Owner: postgres
--

SELECT pg_catalog.setval('public.booster_createbooster_id_seq', 1, true);


--
-- Name: booster_language_id_seq; Type: SEQUENCE SET; Schema: public; Owner: postgres
--

SELECT pg_catalog.setval('public.booster_language_id_seq', 46, true);


--
-- Name: booster_orderrating_id_seq; Type: SEQUENCE SET; Schema: public; Owner: postgres
--

SELECT pg_catalog.setval('public.booster_orderrating_id_seq', 15, true);


--
-- Name: booster_photo_id_seq; Type: SEQUENCE SET; Schema: public; Owner: postgres
--

SELECT pg_catalog.setval('public.booster_photo_id_seq', 7, true);


--
-- Name: booster_workwithus_game_id_seq; Type: SEQUENCE SET; Schema: public; Owner: postgres
--

SELECT pg_catalog.setval('public.booster_workwithus_game_id_seq', 4, true);


--
-- Name: booster_workwithus_id_seq; Type: SEQUENCE SET; Schema: public; Owner: postgres
--

SELECT pg_catalog.setval('public.booster_workwithus_id_seq', 3, true);


--
-- Name: booster_workwithus_languages_id_seq; Type: SEQUENCE SET; Schema: public; Owner: postgres
--

SELECT pg_catalog.setval('public.booster_workwithus_languages_id_seq', 5, true);


--
-- Name: chat_message_id_seq; Type: SEQUENCE SET; Schema: public; Owner: postgres
--

SELECT pg_catalog.setval('public.chat_message_id_seq', 567, true);


--
-- Name: chat_room_id_seq; Type: SEQUENCE SET; Schema: public; Owner: postgres
--

SELECT pg_catalog.setval('public.chat_room_id_seq', 355, true);


--
-- Name: csgo2_csgo2mark_id_seq; Type: SEQUENCE SET; Schema: public; Owner: postgres
--

SELECT pg_catalog.setval('public.csgo2_csgo2mark_id_seq', 1, false);


--
-- Name: csgo2_csgo2premierprice_id_seq; Type: SEQUENCE SET; Schema: public; Owner: postgres
--

SELECT pg_catalog.setval('public.csgo2_csgo2premierprice_id_seq', 1, true);


--
-- Name: csgo2_csgo2premierrank_id_seq; Type: SEQUENCE SET; Schema: public; Owner: postgres
--

SELECT pg_catalog.setval('public.csgo2_csgo2premierrank_id_seq', 6, true);


--
-- Name: csgo2_csgo2rank_id_seq; Type: SEQUENCE SET; Schema: public; Owner: postgres
--

SELECT pg_catalog.setval('public.csgo2_csgo2rank_id_seq', 18, true);


--
-- Name: csgo2_csgo2tier_id_seq; Type: SEQUENCE SET; Schema: public; Owner: postgres
--

SELECT pg_catalog.setval('public.csgo2_csgo2tier_id_seq', 19, true);


--
-- Name: csgo2_csgofaceitprice_id_seq; Type: SEQUENCE SET; Schema: public; Owner: postgres
--

SELECT pg_catalog.setval('public.csgo2_csgofaceitprice_id_seq', 1, true);


--
-- Name: customer_champion_id_seq; Type: SEQUENCE SET; Schema: public; Owner: postgres
--

SELECT pg_catalog.setval('public.customer_champion_id_seq', 300, true);


--
-- Name: customer_customorder_id_seq; Type: SEQUENCE SET; Schema: public; Owner: postgres
--

SELECT pg_catalog.setval('public.customer_customorder_id_seq', 1, false);


--
-- Name: dashboard_adminlogentry_id_seq; Type: SEQUENCE SET; Schema: public; Owner: postgres
--

SELECT pg_catalog.setval('public.dashboard_adminlogentry_id_seq', 480, true);


--
-- Name: django_admin_log_id_seq; Type: SEQUENCE SET; Schema: public; Owner: postgres
--

SELECT pg_catalog.setval('public.django_admin_log_id_seq', 1863, true);


--
-- Name: django_content_type_id_seq; Type: SEQUENCE SET; Schema: public; Owner: postgres
--

SELECT pg_catalog.setval('public.django_content_type_id_seq', 151, true);


--
-- Name: django_migrations_id_seq; Type: SEQUENCE SET; Schema: public; Owner: postgres
--

SELECT pg_catalog.setval('public.django_migrations_id_seq', 359, true);


--
-- Name: django_q_ormq_id_seq; Type: SEQUENCE SET; Schema: public; Owner: postgres
--

SELECT pg_catalog.setval('public.django_q_ormq_id_seq', 162, true);


--
-- Name: django_q_schedule_id_seq; Type: SEQUENCE SET; Schema: public; Owner: postgres
--

SELECT pg_catalog.setval('public.django_q_schedule_id_seq', 1, false);


--
-- Name: dota2_dota2mmrprice_id_seq; Type: SEQUENCE SET; Schema: public; Owner: postgres
--

SELECT pg_catalog.setval('public.dota2_dota2mmrprice_id_seq', 1, true);


--
-- Name: dota2_dota2placement_id_seq; Type: SEQUENCE SET; Schema: public; Owner: postgres
--

SELECT pg_catalog.setval('public.dota2_dota2placement_id_seq', 8, true);


--
-- Name: dota2_dota2rank_id_seq; Type: SEQUENCE SET; Schema: public; Owner: postgres
--

SELECT pg_catalog.setval('public.dota2_dota2rank_id_seq', 8, true);


--
-- Name: games_game_id_seq; Type: SEQUENCE SET; Schema: public; Owner: postgres
--

SELECT pg_catalog.setval('public.games_game_id_seq', 13, true);


--
-- Name: hearthstone_hearthstonemark_id_seq; Type: SEQUENCE SET; Schema: public; Owner: postgres
--

SELECT pg_catalog.setval('public.hearthstone_hearthstonemark_id_seq', 5, true);


--
-- Name: hearthstone_hearthstonerank_id_seq; Type: SEQUENCE SET; Schema: public; Owner: postgres
--

SELECT pg_catalog.setval('public.hearthstone_hearthstonerank_id_seq', 6, true);


--
-- Name: hearthstone_hearthstonetier_id_seq; Type: SEQUENCE SET; Schema: public; Owner: postgres
--

SELECT pg_catalog.setval('public.hearthstone_hearthstonetier_id_seq', 5, true);


--
-- Name: honorOfKings_honorofkingsmark_id_seq; Type: SEQUENCE SET; Schema: public; Owner: postgres
--

SELECT pg_catalog.setval('public."honorOfKings_honorofkingsmark_id_seq"', 6, true);


--
-- Name: honorOfKings_honorofkingsrank_id_seq; Type: SEQUENCE SET; Schema: public; Owner: postgres
--

SELECT pg_catalog.setval('public."honorOfKings_honorofkingsrank_id_seq"', 6, true);


--
-- Name: honorOfKings_honorofkingstier_id_seq; Type: SEQUENCE SET; Schema: public; Owner: postgres
--

SELECT pg_catalog.setval('public."honorOfKings_honorofkingstier_id_seq"', 6, true);


--
-- Name: leagueOfLegends_leagueoflegendsdivisionorder_champions_id_seq; Type: SEQUENCE SET; Schema: public; Owner: postgres
--

SELECT pg_catalog.setval('public."leagueOfLegends_leagueoflegendsdivisionorder_champions_id_seq"', 21, true);


--
-- Name: leagueOfLegends_leagueoflegendsmark_id_seq; Type: SEQUENCE SET; Schema: public; Owner: postgres
--

SELECT pg_catalog.setval('public."leagueOfLegends_leagueoflegendsmark_id_seq"', 7, true);


--
-- Name: leagueOfLegends_leagueoflegendsplacement_id_seq; Type: SEQUENCE SET; Schema: public; Owner: postgres
--

SELECT pg_catalog.setval('public."leagueOfLegends_leagueoflegendsplacement_id_seq"', 9, true);


--
-- Name: leagueOfLegends_leagueoflegendsplacementorder_champions_id_seq; Type: SEQUENCE SET; Schema: public; Owner: postgres
--

SELECT pg_catalog.setval('public."leagueOfLegends_leagueoflegendsplacementorder_champions_id_seq"', 1, true);


--
-- Name: leagueOfLegends_leagueoflegendsrank_id_seq; Type: SEQUENCE SET; Schema: public; Owner: postgres
--

SELECT pg_catalog.setval('public."leagueOfLegends_leagueoflegendsrank_id_seq"', 8, true);


--
-- Name: leagueOfLegends_leagueoflegendstier_id_seq; Type: SEQUENCE SET; Schema: public; Owner: postgres
--

SELECT pg_catalog.setval('public."leagueOfLegends_leagueoflegendstier_id_seq"', 7, true);


--
-- Name: mobileLegends_mobilelegendsmark_id_seq; Type: SEQUENCE SET; Schema: public; Owner: postgres
--

SELECT pg_catalog.setval('public."mobileLegends_mobilelegendsmark_id_seq"', 10, true);


--
-- Name: mobileLegends_mobilelegendsplacement_id_seq; Type: SEQUENCE SET; Schema: public; Owner: postgres
--

SELECT pg_catalog.setval('public."mobileLegends_mobilelegendsplacement_id_seq"', 11, true);


--
-- Name: mobileLegends_mobilelegendsrank_id_seq; Type: SEQUENCE SET; Schema: public; Owner: postgres
--

SELECT pg_catalog.setval('public."mobileLegends_mobilelegendsrank_id_seq"', 10, true);


--
-- Name: mobileLegends_mobilelegendstier_id_seq; Type: SEQUENCE SET; Schema: public; Owner: postgres
--

SELECT pg_catalog.setval('public."mobileLegends_mobilelegendstier_id_seq"', 9, true);


--
-- Name: news_blog_id_seq; Type: SEQUENCE SET; Schema: public; Owner: postgres
--

SELECT pg_catalog.setval('public.news_blog_id_seq', 18, true);


--
-- Name: news_subheader_id_seq; Type: SEQUENCE SET; Schema: public; Owner: postgres
--

SELECT pg_catalog.setval('public.news_subheader_id_seq', 1, false);


--
-- Name: oauth2_provider_accesstoken_id_seq; Type: SEQUENCE SET; Schema: public; Owner: postgres
--

SELECT pg_catalog.setval('public.oauth2_provider_accesstoken_id_seq', 1, false);


--
-- Name: oauth2_provider_application_id_seq; Type: SEQUENCE SET; Schema: public; Owner: postgres
--

SELECT pg_catalog.setval('public.oauth2_provider_application_id_seq', 1, false);


--
-- Name: oauth2_provider_grant_id_seq; Type: SEQUENCE SET; Schema: public; Owner: postgres
--

SELECT pg_catalog.setval('public.oauth2_provider_grant_id_seq', 1, false);


--
-- Name: oauth2_provider_idtoken_id_seq; Type: SEQUENCE SET; Schema: public; Owner: postgres
--

SELECT pg_catalog.setval('public.oauth2_provider_idtoken_id_seq', 1, false);


--
-- Name: oauth2_provider_refreshtoken_id_seq; Type: SEQUENCE SET; Schema: public; Owner: postgres
--

SELECT pg_catalog.setval('public.oauth2_provider_refreshtoken_id_seq', 1, false);


--
-- Name: overwatch2_overwatch2mark_id_seq; Type: SEQUENCE SET; Schema: public; Owner: postgres
--

SELECT pg_catalog.setval('public.overwatch2_overwatch2mark_id_seq', 8, true);


--
-- Name: overwatch2_overwatch2placement_id_seq; Type: SEQUENCE SET; Schema: public; Owner: postgres
--

SELECT pg_catalog.setval('public.overwatch2_overwatch2placement_id_seq', 9, true);


--
-- Name: overwatch2_overwatch2rank_id_seq; Type: SEQUENCE SET; Schema: public; Owner: postgres
--

SELECT pg_catalog.setval('public.overwatch2_overwatch2rank_id_seq', 8, true);


--
-- Name: overwatch2_overwatch2tier_id_seq; Type: SEQUENCE SET; Schema: public; Owner: postgres
--

SELECT pg_catalog.setval('public.overwatch2_overwatch2tier_id_seq', 8, true);


--
-- Name: paypal_ipn_id_seq; Type: SEQUENCE SET; Schema: public; Owner: postgres
--

SELECT pg_catalog.setval('public.paypal_ipn_id_seq', 1, true);


--
-- Name: pubg_pubgmark_id_seq; Type: SEQUENCE SET; Schema: public; Owner: postgres
--

SELECT pg_catalog.setval('public.pubg_pubgmark_id_seq', 9, true);


--
-- Name: pubg_pubgrank_id_seq; Type: SEQUENCE SET; Schema: public; Owner: postgres
--

SELECT pg_catalog.setval('public.pubg_pubgrank_id_seq', 9, true);


--
-- Name: pubg_pubgtier_id_seq; Type: SEQUENCE SET; Schema: public; Owner: postgres
--

SELECT pg_catalog.setval('public.pubg_pubgtier_id_seq', 9, true);


--
-- Name: rocketLeague_rocketleaguedivision_id_seq; Type: SEQUENCE SET; Schema: public; Owner: postgres
--

SELECT pg_catalog.setval('public."rocketLeague_rocketleaguedivision_id_seq"', 14, true);


--
-- Name: rocketLeague_rocketleagueplacement_id_seq; Type: SEQUENCE SET; Schema: public; Owner: postgres
--

SELECT pg_catalog.setval('public."rocketLeague_rocketleagueplacement_id_seq"', 8, true);


--
-- Name: rocketLeague_rocketleaguerank_id_seq; Type: SEQUENCE SET; Schema: public; Owner: postgres
--

SELECT pg_catalog.setval('public."rocketLeague_rocketleaguerank_id_seq"', 8, true);


--
-- Name: rocketLeague_rocketleagueseasonal_id_seq; Type: SEQUENCE SET; Schema: public; Owner: postgres
--

SELECT pg_catalog.setval('public."rocketLeague_rocketleagueseasonal_id_seq"', 8, true);


--
-- Name: rocketLeague_rocketleaguetournament_id_seq; Type: SEQUENCE SET; Schema: public; Owner: postgres
--

SELECT pg_catalog.setval('public."rocketLeague_rocketleaguetournament_id_seq"', 8, true);


--
-- Name: social_auth_association_id_seq; Type: SEQUENCE SET; Schema: public; Owner: postgres
--

SELECT pg_catalog.setval('public.social_auth_association_id_seq', 1, false);


--
-- Name: social_auth_code_id_seq; Type: SEQUENCE SET; Schema: public; Owner: postgres
--

SELECT pg_catalog.setval('public.social_auth_code_id_seq', 1, false);


--
-- Name: social_auth_nonce_id_seq; Type: SEQUENCE SET; Schema: public; Owner: postgres
--

SELECT pg_catalog.setval('public.social_auth_nonce_id_seq', 1, false);


--
-- Name: social_auth_partial_id_seq; Type: SEQUENCE SET; Schema: public; Owner: postgres
--

SELECT pg_catalog.setval('public.social_auth_partial_id_seq', 1, false);


--
-- Name: social_auth_usersocialauth_id_seq; Type: SEQUENCE SET; Schema: public; Owner: postgres
--

SELECT pg_catalog.setval('public.social_auth_usersocialauth_id_seq', 1, false);


--
-- Name: socialaccount_socialaccount_id_seq; Type: SEQUENCE SET; Schema: public; Owner: postgres
--

SELECT pg_catalog.setval('public.socialaccount_socialaccount_id_seq', 2, true);


--
-- Name: socialaccount_socialapp_id_seq; Type: SEQUENCE SET; Schema: public; Owner: postgres
--

SELECT pg_catalog.setval('public.socialaccount_socialapp_id_seq', 1, false);


--
-- Name: socialaccount_socialtoken_id_seq; Type: SEQUENCE SET; Schema: public; Owner: postgres
--

SELECT pg_catalog.setval('public.socialaccount_socialtoken_id_seq', 1, false);


--
-- Name: tft_tftmark_id_seq; Type: SEQUENCE SET; Schema: public; Owner: postgres
--

SELECT pg_catalog.setval('public.tft_tftmark_id_seq', 7, true);


--
-- Name: tft_tftplacement_id_seq; Type: SEQUENCE SET; Schema: public; Owner: postgres
--

SELECT pg_catalog.setval('public.tft_tftplacement_id_seq', 9, true);


--
-- Name: tft_tftrank_id_seq; Type: SEQUENCE SET; Schema: public; Owner: postgres
--

SELECT pg_catalog.setval('public.tft_tftrank_id_seq', 8, true);


--
-- Name: tft_tfttier_id_seq; Type: SEQUENCE SET; Schema: public; Owner: postgres
--

SELECT pg_catalog.setval('public.tft_tfttier_id_seq', 7, true);


--
-- Name: valorant_valorantdivisionorder_champions_id_seq; Type: SEQUENCE SET; Schema: public; Owner: postgres
--

SELECT pg_catalog.setval('public.valorant_valorantdivisionorder_champions_id_seq', 30, true);


--
-- Name: valorant_valorantmark_id_seq; Type: SEQUENCE SET; Schema: public; Owner: postgres
--

SELECT pg_catalog.setval('public.valorant_valorantmark_id_seq', 8, true);


--
-- Name: valorant_valorantplacement_id_seq; Type: SEQUENCE SET; Schema: public; Owner: postgres
--

SELECT pg_catalog.setval('public.valorant_valorantplacement_id_seq', 9, true);


--
-- Name: valorant_valorantplacementorder_champions_id_seq; Type: SEQUENCE SET; Schema: public; Owner: postgres
--

SELECT pg_catalog.setval('public.valorant_valorantplacementorder_champions_id_seq', 3, true);


--
-- Name: valorant_valorantrank_id_seq; Type: SEQUENCE SET; Schema: public; Owner: postgres
--

SELECT pg_catalog.setval('public.valorant_valorantrank_id_seq', 8, true);


--
-- Name: valorant_valoranttier_id_seq; Type: SEQUENCE SET; Schema: public; Owner: postgres
--

SELECT pg_catalog.setval('public.valorant_valoranttier_id_seq', 8, true);


--
-- Name: wildRift_wildriftdivisionorder_champions_id_seq; Type: SEQUENCE SET; Schema: public; Owner: postgres
--

SELECT pg_catalog.setval('public."wildRift_wildriftdivisionorder_champions_id_seq"', 36, true);


--
-- Name: wildRift_wildriftmark_id_seq; Type: SEQUENCE SET; Schema: public; Owner: postgres
--

SELECT pg_catalog.setval('public."wildRift_wildriftmark_id_seq"', 21, true);


--
-- Name: wildRift_wildriftrank1_id_seq; Type: SEQUENCE SET; Schema: public; Owner: postgres
--

SELECT pg_catalog.setval('public."wildRift_wildriftrank1_id_seq"', 8, true);


--
-- Name: wildRift_wildrifttier_id_seq; Type: SEQUENCE SET; Schema: public; Owner: postgres
--

SELECT pg_catalog.setval('public."wildRift_wildrifttier_id_seq"', 32, true);


--
-- Name: WorldOfWarcraft_worldofwarcraftarenaboostorder WorldOfWarcraft_worldofwarcraftarenaboostorder_pkey; Type: CONSTRAINT; Schema: public; Owner: postgres
--

ALTER TABLE ONLY public."WorldOfWarcraft_worldofwarcraftarenaboostorder"
    ADD CONSTRAINT "WorldOfWarcraft_worldofwarcraftarenaboostorder_pkey" PRIMARY KEY (order_id);


--
-- Name: WorldOfWarcraft_worldofwarcraftrank WorldOfWarcraft_worldofwarcraftrank_pkey; Type: CONSTRAINT; Schema: public; Owner: postgres
--

ALTER TABLE ONLY public."WorldOfWarcraft_worldofwarcraftrank"
    ADD CONSTRAINT "WorldOfWarcraft_worldofwarcraftrank_pkey" PRIMARY KEY (id);


--
-- Name: WorldOfWarcraft_worldofwarcraftrpsprice WorldOfWarcraft_worldofwarcraftrpsprice_pkey; Type: CONSTRAINT; Schema: public; Owner: postgres
--

ALTER TABLE ONLY public."WorldOfWarcraft_worldofwarcraftrpsprice"
    ADD CONSTRAINT "WorldOfWarcraft_worldofwarcraftrpsprice_pkey" PRIMARY KEY (id);


--
-- Name: account_emailaddress account_emailaddress_pkey; Type: CONSTRAINT; Schema: public; Owner: postgres
--

ALTER TABLE ONLY public.account_emailaddress
    ADD CONSTRAINT account_emailaddress_pkey PRIMARY KEY (id);


--
-- Name: account_emailaddress account_emailaddress_user_id_email_987c8728_uniq; Type: CONSTRAINT; Schema: public; Owner: postgres
--

ALTER TABLE ONLY public.account_emailaddress
    ADD CONSTRAINT account_emailaddress_user_id_email_987c8728_uniq UNIQUE (user_id, email);


--
-- Name: account_emailconfirmation account_emailconfirmation_key_key; Type: CONSTRAINT; Schema: public; Owner: postgres
--

ALTER TABLE ONLY public.account_emailconfirmation
    ADD CONSTRAINT account_emailconfirmation_key_key UNIQUE (key);


--
-- Name: account_emailconfirmation account_emailconfirmation_pkey; Type: CONSTRAINT; Schema: public; Owner: postgres
--

ALTER TABLE ONLY public.account_emailconfirmation
    ADD CONSTRAINT account_emailconfirmation_pkey PRIMARY KEY (id);


--
-- Name: accounts_baseorder accounts_baseorder_pkey; Type: CONSTRAINT; Schema: public; Owner: postgres
--

ALTER TABLE ONLY public.accounts_baseorder
    ADD CONSTRAINT accounts_baseorder_pkey PRIMARY KEY (id);


--
-- Name: accounts_baseuser_groups accounts_baseuser_groups_baseuser_id_group_id_31bfb92b_uniq; Type: CONSTRAINT; Schema: public; Owner: postgres
--

ALTER TABLE ONLY public.accounts_baseuser_groups
    ADD CONSTRAINT accounts_baseuser_groups_baseuser_id_group_id_31bfb92b_uniq UNIQUE (baseuser_id, group_id);


--
-- Name: accounts_baseuser_groups accounts_baseuser_groups_pkey; Type: CONSTRAINT; Schema: public; Owner: postgres
--

ALTER TABLE ONLY public.accounts_baseuser_groups
    ADD CONSTRAINT accounts_baseuser_groups_pkey PRIMARY KEY (id);


--
-- Name: accounts_baseuser accounts_baseuser_pkey; Type: CONSTRAINT; Schema: public; Owner: postgres
--

ALTER TABLE ONLY public.accounts_baseuser
    ADD CONSTRAINT accounts_baseuser_pkey PRIMARY KEY (id);


--
-- Name: accounts_baseuser_user_permissions accounts_baseuser_user_p_baseuser_id_permission_i_16fc04b1_uniq; Type: CONSTRAINT; Schema: public; Owner: postgres
--

ALTER TABLE ONLY public.accounts_baseuser_user_permissions
    ADD CONSTRAINT accounts_baseuser_user_p_baseuser_id_permission_i_16fc04b1_uniq UNIQUE (baseuser_id, permission_id);


--
-- Name: accounts_baseuser_user_permissions accounts_baseuser_user_permissions_pkey; Type: CONSTRAINT; Schema: public; Owner: postgres
--

ALTER TABLE ONLY public.accounts_baseuser_user_permissions
    ADD CONSTRAINT accounts_baseuser_user_permissions_pkey PRIMARY KEY (id);


--
-- Name: accounts_baseuser accounts_baseuser_username_key; Type: CONSTRAINT; Schema: public; Owner: postgres
--

ALTER TABLE ONLY public.accounts_baseuser
    ADD CONSTRAINT accounts_baseuser_username_key UNIQUE (username);


--
-- Name: accounts_boosterpercent accounts_boosterpercent_pkey; Type: CONSTRAINT; Schema: public; Owner: postgres
--

ALTER TABLE ONLY public.accounts_boosterpercent
    ADD CONSTRAINT accounts_boosterpercent_pkey PRIMARY KEY (id);


--
-- Name: accounts_captcha accounts_captcha_pkey; Type: CONSTRAINT; Schema: public; Owner: postgres
--

ALTER TABLE ONLY public.accounts_captcha
    ADD CONSTRAINT accounts_captcha_pkey PRIMARY KEY (id);


--
-- Name: accounts_promocode accounts_promocode_code_key; Type: CONSTRAINT; Schema: public; Owner: postgres
--

ALTER TABLE ONLY public.accounts_promocode
    ADD CONSTRAINT accounts_promocode_code_key UNIQUE (code);


--
-- Name: accounts_promocode accounts_promocode_pkey; Type: CONSTRAINT; Schema: public; Owner: postgres
--

ALTER TABLE ONLY public.accounts_promocode
    ADD CONSTRAINT accounts_promocode_pkey PRIMARY KEY (id);


--
-- Name: accounts_tip_data accounts_tip_data_pkey; Type: CONSTRAINT; Schema: public; Owner: postgres
--

ALTER TABLE ONLY public.accounts_tip_data
    ADD CONSTRAINT accounts_tip_data_pkey PRIMARY KEY (id);


--
-- Name: accounts_tokenforpay accounts_tokenforpay_invoice_key; Type: CONSTRAINT; Schema: public; Owner: postgres
--

ALTER TABLE ONLY public.accounts_tokenforpay
    ADD CONSTRAINT accounts_tokenforpay_invoice_key UNIQUE (invoice);


--
-- Name: accounts_tokenforpay accounts_tokenforpay_pkey; Type: CONSTRAINT; Schema: public; Owner: postgres
--

ALTER TABLE ONLY public.accounts_tokenforpay
    ADD CONSTRAINT accounts_tokenforpay_pkey PRIMARY KEY (id);


--
-- Name: accounts_tokenforpay accounts_tokenforpay_token_key; Type: CONSTRAINT; Schema: public; Owner: postgres
--

ALTER TABLE ONLY public.accounts_tokenforpay
    ADD CONSTRAINT accounts_tokenforpay_token_key UNIQUE (token);


--
-- Name: accounts_tokenforpay accounts_tokenforpay_user_id_key; Type: CONSTRAINT; Schema: public; Owner: postgres
--

ALTER TABLE ONLY public.accounts_tokenforpay
    ADD CONSTRAINT accounts_tokenforpay_user_id_key UNIQUE (user_id);


--
-- Name: accounts_transaction accounts_transaction_pkey; Type: CONSTRAINT; Schema: public; Owner: postgres
--

ALTER TABLE ONLY public.accounts_transaction
    ADD CONSTRAINT accounts_transaction_pkey PRIMARY KEY (id);


--
-- Name: accounts_wallet accounts_wallet_pkey; Type: CONSTRAINT; Schema: public; Owner: postgres
--

ALTER TABLE ONLY public.accounts_wallet
    ADD CONSTRAINT accounts_wallet_pkey PRIMARY KEY (id);


--
-- Name: accounts_wallet accounts_wallet_user_id_key; Type: CONSTRAINT; Schema: public; Owner: postgres
--

ALTER TABLE ONLY public.accounts_wallet
    ADD CONSTRAINT accounts_wallet_user_id_key UNIQUE (user_id);


--
-- Name: auth_group auth_group_name_key; Type: CONSTRAINT; Schema: public; Owner: postgres
--

ALTER TABLE ONLY public.auth_group
    ADD CONSTRAINT auth_group_name_key UNIQUE (name);


--
-- Name: auth_group_permissions auth_group_permissions_group_id_permission_id_0cd325b0_uniq; Type: CONSTRAINT; Schema: public; Owner: postgres
--

ALTER TABLE ONLY public.auth_group_permissions
    ADD CONSTRAINT auth_group_permissions_group_id_permission_id_0cd325b0_uniq UNIQUE (group_id, permission_id);


--
-- Name: auth_group_permissions auth_group_permissions_pkey; Type: CONSTRAINT; Schema: public; Owner: postgres
--

ALTER TABLE ONLY public.auth_group_permissions
    ADD CONSTRAINT auth_group_permissions_pkey PRIMARY KEY (id);


--
-- Name: auth_group auth_group_pkey; Type: CONSTRAINT; Schema: public; Owner: postgres
--

ALTER TABLE ONLY public.auth_group
    ADD CONSTRAINT auth_group_pkey PRIMARY KEY (id);


--
-- Name: auth_permission auth_permission_content_type_id_codename_01ab375a_uniq; Type: CONSTRAINT; Schema: public; Owner: postgres
--

ALTER TABLE ONLY public.auth_permission
    ADD CONSTRAINT auth_permission_content_type_id_codename_01ab375a_uniq UNIQUE (content_type_id, codename);


--
-- Name: auth_permission auth_permission_pkey; Type: CONSTRAINT; Schema: public; Owner: postgres
--

ALTER TABLE ONLY public.auth_permission
    ADD CONSTRAINT auth_permission_pkey PRIMARY KEY (id);


--
-- Name: booster_booster booster_booster_booster_id_key; Type: CONSTRAINT; Schema: public; Owner: postgres
--

ALTER TABLE ONLY public.booster_booster
    ADD CONSTRAINT booster_booster_booster_id_key UNIQUE (booster_id);


--
-- Name: booster_booster_games booster_booster_games_booster_id_game_id_c0de1ca0_uniq; Type: CONSTRAINT; Schema: public; Owner: postgres
--

ALTER TABLE ONLY public.booster_booster_games
    ADD CONSTRAINT booster_booster_games_booster_id_game_id_c0de1ca0_uniq UNIQUE (booster_id, game_id);


--
-- Name: booster_booster_games booster_booster_games_pkey; Type: CONSTRAINT; Schema: public; Owner: postgres
--

ALTER TABLE ONLY public.booster_booster_games
    ADD CONSTRAINT booster_booster_games_pkey PRIMARY KEY (id);


--
-- Name: booster_booster_languages booster_booster_languages_booster_id_language_id_eaf45955_uniq; Type: CONSTRAINT; Schema: public; Owner: postgres
--

ALTER TABLE ONLY public.booster_booster_languages
    ADD CONSTRAINT booster_booster_languages_booster_id_language_id_eaf45955_uniq UNIQUE (booster_id, language_id);


--
-- Name: booster_booster_languages booster_booster_languages_pkey; Type: CONSTRAINT; Schema: public; Owner: postgres
--

ALTER TABLE ONLY public.booster_booster_languages
    ADD CONSTRAINT booster_booster_languages_pkey PRIMARY KEY (id);


--
-- Name: booster_booster booster_booster_paypal_account_key; Type: CONSTRAINT; Schema: public; Owner: postgres
--

ALTER TABLE ONLY public.booster_booster
    ADD CONSTRAINT booster_booster_paypal_account_key UNIQUE (paypal_account);


--
-- Name: booster_booster booster_booster_pkey; Type: CONSTRAINT; Schema: public; Owner: postgres
--

ALTER TABLE ONLY public.booster_booster
    ADD CONSTRAINT booster_booster_pkey PRIMARY KEY (id);


--
-- Name: booster_boosterportfolio booster_boosterportfolio_pkey; Type: CONSTRAINT; Schema: public; Owner: postgres
--

ALTER TABLE ONLY public.booster_boosterportfolio
    ADD CONSTRAINT booster_boosterportfolio_pkey PRIMARY KEY (id);


--
-- Name: booster_boosterrank booster_boosterrank_pkey; Type: CONSTRAINT; Schema: public; Owner: postgres
--

ALTER TABLE ONLY public.booster_boosterrank
    ADD CONSTRAINT booster_boosterrank_pkey PRIMARY KEY (id);


--
-- Name: booster_createbooster booster_createbooster_pkey; Type: CONSTRAINT; Schema: public; Owner: postgres
--

ALTER TABLE ONLY public.booster_createbooster
    ADD CONSTRAINT booster_createbooster_pkey PRIMARY KEY (id);


--
-- Name: booster_language booster_language_pkey; Type: CONSTRAINT; Schema: public; Owner: postgres
--

ALTER TABLE ONLY public.booster_language
    ADD CONSTRAINT booster_language_pkey PRIMARY KEY (id);


--
-- Name: booster_orderrating booster_orderrating_order_id_key; Type: CONSTRAINT; Schema: public; Owner: postgres
--

ALTER TABLE ONLY public.booster_orderrating
    ADD CONSTRAINT booster_orderrating_order_id_key UNIQUE (order_id);


--
-- Name: booster_orderrating booster_orderrating_pkey; Type: CONSTRAINT; Schema: public; Owner: postgres
--

ALTER TABLE ONLY public.booster_orderrating
    ADD CONSTRAINT booster_orderrating_pkey PRIMARY KEY (id);


--
-- Name: booster_photo booster_photo_pkey; Type: CONSTRAINT; Schema: public; Owner: postgres
--

ALTER TABLE ONLY public.booster_photo
    ADD CONSTRAINT booster_photo_pkey PRIMARY KEY (id);


--
-- Name: booster_workwithus_game booster_workwithus_game_pkey; Type: CONSTRAINT; Schema: public; Owner: postgres
--

ALTER TABLE ONLY public.booster_workwithus_game
    ADD CONSTRAINT booster_workwithus_game_pkey PRIMARY KEY (id);


--
-- Name: booster_workwithus_game booster_workwithus_game_workwithus_id_game_id_595bbe0a_uniq; Type: CONSTRAINT; Schema: public; Owner: postgres
--

ALTER TABLE ONLY public.booster_workwithus_game
    ADD CONSTRAINT booster_workwithus_game_workwithus_id_game_id_595bbe0a_uniq UNIQUE (workwithus_id, game_id);


--
-- Name: booster_workwithus_languages booster_workwithus_langu_workwithus_id_language_i_73154e95_uniq; Type: CONSTRAINT; Schema: public; Owner: postgres
--

ALTER TABLE ONLY public.booster_workwithus_languages
    ADD CONSTRAINT booster_workwithus_langu_workwithus_id_language_i_73154e95_uniq UNIQUE (workwithus_id, language_id);


--
-- Name: booster_workwithus_languages booster_workwithus_languages_pkey; Type: CONSTRAINT; Schema: public; Owner: postgres
--

ALTER TABLE ONLY public.booster_workwithus_languages
    ADD CONSTRAINT booster_workwithus_languages_pkey PRIMARY KEY (id);


--
-- Name: booster_workwithus booster_workwithus_pkey; Type: CONSTRAINT; Schema: public; Owner: postgres
--

ALTER TABLE ONLY public.booster_workwithus
    ADD CONSTRAINT booster_workwithus_pkey PRIMARY KEY (id);


--
-- Name: chat_message chat_message_pkey; Type: CONSTRAINT; Schema: public; Owner: postgres
--

ALTER TABLE ONLY public.chat_message
    ADD CONSTRAINT chat_message_pkey PRIMARY KEY (id);


--
-- Name: chat_room chat_room_name_customer_id_75b07b7f_uniq; Type: CONSTRAINT; Schema: public; Owner: postgres
--

ALTER TABLE ONLY public.chat_room
    ADD CONSTRAINT chat_room_name_customer_id_75b07b7f_uniq UNIQUE (name, customer_id);


--
-- Name: chat_room chat_room_name_key; Type: CONSTRAINT; Schema: public; Owner: postgres
--

ALTER TABLE ONLY public.chat_room
    ADD CONSTRAINT chat_room_name_key UNIQUE (name);


--
-- Name: chat_room chat_room_pkey; Type: CONSTRAINT; Schema: public; Owner: postgres
--

ALTER TABLE ONLY public.chat_room
    ADD CONSTRAINT chat_room_pkey PRIMARY KEY (id);


--
-- Name: chat_room chat_room_slug_key; Type: CONSTRAINT; Schema: public; Owner: postgres
--

ALTER TABLE ONLY public.chat_room
    ADD CONSTRAINT chat_room_slug_key UNIQUE (slug);


--
-- Name: cryptocurrency_payment_cryptocurrencypayment cryptocurrency_payment_cryptocurrencypaym_parent_payment_id_key; Type: CONSTRAINT; Schema: public; Owner: postgres
--

ALTER TABLE ONLY public.cryptocurrency_payment_cryptocurrencypayment
    ADD CONSTRAINT cryptocurrency_payment_cryptocurrencypaym_parent_payment_id_key UNIQUE (parent_payment_id);


--
-- Name: cryptocurrency_payment_cryptocurrencypayment cryptocurrency_payment_cryptocurrencypayme_child_payment_id_key; Type: CONSTRAINT; Schema: public; Owner: postgres
--

ALTER TABLE ONLY public.cryptocurrency_payment_cryptocurrencypayment
    ADD CONSTRAINT cryptocurrency_payment_cryptocurrencypayme_child_payment_id_key UNIQUE (child_payment_id);


--
-- Name: cryptocurrency_payment_cryptocurrencypayment cryptocurrency_payment_cryptocurrencypayment_pkey; Type: CONSTRAINT; Schema: public; Owner: postgres
--

ALTER TABLE ONLY public.cryptocurrency_payment_cryptocurrencypayment
    ADD CONSTRAINT cryptocurrency_payment_cryptocurrencypayment_pkey PRIMARY KEY (id);


--
-- Name: csgo2_csgo2divisionorder csgo2_csgo2divisionorder_pkey; Type: CONSTRAINT; Schema: public; Owner: postgres
--

ALTER TABLE ONLY public.csgo2_csgo2divisionorder
    ADD CONSTRAINT csgo2_csgo2divisionorder_pkey PRIMARY KEY (order_id);


--
-- Name: csgo2_csgo2mark csgo2_csgo2mark_pkey; Type: CONSTRAINT; Schema: public; Owner: postgres
--

ALTER TABLE ONLY public.csgo2_csgo2mark
    ADD CONSTRAINT csgo2_csgo2mark_pkey PRIMARY KEY (id);


--
-- Name: csgo2_csgo2mark csgo2_csgo2mark_rank_id_key; Type: CONSTRAINT; Schema: public; Owner: postgres
--

ALTER TABLE ONLY public.csgo2_csgo2mark
    ADD CONSTRAINT csgo2_csgo2mark_rank_id_key UNIQUE (rank_id);


--
-- Name: csgo2_csgo2premierorder csgo2_csgo2premierorder_pkey; Type: CONSTRAINT; Schema: public; Owner: postgres
--

ALTER TABLE ONLY public.csgo2_csgo2premierorder
    ADD CONSTRAINT csgo2_csgo2premierorder_pkey PRIMARY KEY (order_id);


--
-- Name: csgo2_csgo2premierprice csgo2_csgo2premierprice_pkey; Type: CONSTRAINT; Schema: public; Owner: postgres
--

ALTER TABLE ONLY public.csgo2_csgo2premierprice
    ADD CONSTRAINT csgo2_csgo2premierprice_pkey PRIMARY KEY (id);


--
-- Name: csgo2_csgo2premierrank csgo2_csgo2premierrank_pkey; Type: CONSTRAINT; Schema: public; Owner: postgres
--

ALTER TABLE ONLY public.csgo2_csgo2premierrank
    ADD CONSTRAINT csgo2_csgo2premierrank_pkey PRIMARY KEY (id);


--
-- Name: csgo2_csgo2rank csgo2_csgo2rank_pkey; Type: CONSTRAINT; Schema: public; Owner: postgres
--

ALTER TABLE ONLY public.csgo2_csgo2rank
    ADD CONSTRAINT csgo2_csgo2rank_pkey PRIMARY KEY (id);


--
-- Name: csgo2_csgo2tier csgo2_csgo2tier_pkey; Type: CONSTRAINT; Schema: public; Owner: postgres
--

ALTER TABLE ONLY public.csgo2_csgo2tier
    ADD CONSTRAINT csgo2_csgo2tier_pkey PRIMARY KEY (id);


--
-- Name: csgo2_csgo2tier csgo2_csgo2tier_rank_id_key; Type: CONSTRAINT; Schema: public; Owner: postgres
--

ALTER TABLE ONLY public.csgo2_csgo2tier
    ADD CONSTRAINT csgo2_csgo2tier_rank_id_key UNIQUE (rank_id);


--
-- Name: csgo2_csgofaceitorder csgo2_csgofaceitorder_pkey; Type: CONSTRAINT; Schema: public; Owner: postgres
--

ALTER TABLE ONLY public.csgo2_csgofaceitorder
    ADD CONSTRAINT csgo2_csgofaceitorder_pkey PRIMARY KEY (order_id);


--
-- Name: csgo2_csgofaceitprice csgo2_csgofaceitprice_pkey; Type: CONSTRAINT; Schema: public; Owner: postgres
--

ALTER TABLE ONLY public.csgo2_csgofaceitprice
    ADD CONSTRAINT csgo2_csgofaceitprice_pkey PRIMARY KEY (id);


--
-- Name: customer_champion customer_champion_name_game_id_4d36dfe6_uniq; Type: CONSTRAINT; Schema: public; Owner: postgres
--

ALTER TABLE ONLY public.customer_champion
    ADD CONSTRAINT customer_champion_name_game_id_4d36dfe6_uniq UNIQUE (name, game_id);


--
-- Name: customer_champion customer_champion_pkey; Type: CONSTRAINT; Schema: public; Owner: postgres
--

ALTER TABLE ONLY public.customer_champion
    ADD CONSTRAINT customer_champion_pkey PRIMARY KEY (id);


--
-- Name: customer_customorder customer_customorder_pkey; Type: CONSTRAINT; Schema: public; Owner: postgres
--

ALTER TABLE ONLY public.customer_customorder
    ADD CONSTRAINT customer_customorder_pkey PRIMARY KEY (id);


--
-- Name: dashboard_adminlogentry dashboard_adminlogentry_pkey; Type: CONSTRAINT; Schema: public; Owner: postgres
--

ALTER TABLE ONLY public.dashboard_adminlogentry
    ADD CONSTRAINT dashboard_adminlogentry_pkey PRIMARY KEY (id);


--
-- Name: django_admin_log django_admin_log_pkey; Type: CONSTRAINT; Schema: public; Owner: postgres
--

ALTER TABLE ONLY public.django_admin_log
    ADD CONSTRAINT django_admin_log_pkey PRIMARY KEY (id);


--
-- Name: django_content_type django_content_type_app_label_model_76bd3d3b_uniq; Type: CONSTRAINT; Schema: public; Owner: postgres
--

ALTER TABLE ONLY public.django_content_type
    ADD CONSTRAINT django_content_type_app_label_model_76bd3d3b_uniq UNIQUE (app_label, model);


--
-- Name: django_content_type django_content_type_pkey; Type: CONSTRAINT; Schema: public; Owner: postgres
--

ALTER TABLE ONLY public.django_content_type
    ADD CONSTRAINT django_content_type_pkey PRIMARY KEY (id);


--
-- Name: django_migrations django_migrations_pkey; Type: CONSTRAINT; Schema: public; Owner: postgres
--

ALTER TABLE ONLY public.django_migrations
    ADD CONSTRAINT django_migrations_pkey PRIMARY KEY (id);


--
-- Name: django_q_ormq django_q_ormq_pkey; Type: CONSTRAINT; Schema: public; Owner: postgres
--

ALTER TABLE ONLY public.django_q_ormq
    ADD CONSTRAINT django_q_ormq_pkey PRIMARY KEY (id);


--
-- Name: django_q_schedule django_q_schedule_pkey; Type: CONSTRAINT; Schema: public; Owner: postgres
--

ALTER TABLE ONLY public.django_q_schedule
    ADD CONSTRAINT django_q_schedule_pkey PRIMARY KEY (id);


--
-- Name: django_q_task django_q_task_pkey; Type: CONSTRAINT; Schema: public; Owner: postgres
--

ALTER TABLE ONLY public.django_q_task
    ADD CONSTRAINT django_q_task_pkey PRIMARY KEY (id);


--
-- Name: django_session django_session_pkey; Type: CONSTRAINT; Schema: public; Owner: postgres
--

ALTER TABLE ONLY public.django_session
    ADD CONSTRAINT django_session_pkey PRIMARY KEY (session_key);


--
-- Name: dota2_dota2mmrprice dota2_dota2mmrprice_pkey; Type: CONSTRAINT; Schema: public; Owner: postgres
--

ALTER TABLE ONLY public.dota2_dota2mmrprice
    ADD CONSTRAINT dota2_dota2mmrprice_pkey PRIMARY KEY (id);


--
-- Name: dota2_dota2placement dota2_dota2placement_pkey; Type: CONSTRAINT; Schema: public; Owner: postgres
--

ALTER TABLE ONLY public.dota2_dota2placement
    ADD CONSTRAINT dota2_dota2placement_pkey PRIMARY KEY (id);


--
-- Name: dota2_dota2placementorder dota2_dota2placementorder_pkey; Type: CONSTRAINT; Schema: public; Owner: postgres
--

ALTER TABLE ONLY public.dota2_dota2placementorder
    ADD CONSTRAINT dota2_dota2placementorder_pkey PRIMARY KEY (order_id);


--
-- Name: dota2_dota2rank dota2_dota2rank_pkey; Type: CONSTRAINT; Schema: public; Owner: postgres
--

ALTER TABLE ONLY public.dota2_dota2rank
    ADD CONSTRAINT dota2_dota2rank_pkey PRIMARY KEY (id);


--
-- Name: dota2_dota2rankboostorder dota2_dota2rankboostorder_pkey; Type: CONSTRAINT; Schema: public; Owner: postgres
--

ALTER TABLE ONLY public.dota2_dota2rankboostorder
    ADD CONSTRAINT dota2_dota2rankboostorder_pkey PRIMARY KEY (order_id);


--
-- Name: games_game games_game_pkey; Type: CONSTRAINT; Schema: public; Owner: postgres
--

ALTER TABLE ONLY public.games_game
    ADD CONSTRAINT games_game_pkey PRIMARY KEY (id);


--
-- Name: hearthstone_hearthstonedivisionorder hearthstone_hearthstonedivisionorder_pkey; Type: CONSTRAINT; Schema: public; Owner: postgres
--

ALTER TABLE ONLY public.hearthstone_hearthstonedivisionorder
    ADD CONSTRAINT hearthstone_hearthstonedivisionorder_pkey PRIMARY KEY (order_id);


--
-- Name: hearthstone_hearthstonemark hearthstone_hearthstonemark_pkey; Type: CONSTRAINT; Schema: public; Owner: postgres
--

ALTER TABLE ONLY public.hearthstone_hearthstonemark
    ADD CONSTRAINT hearthstone_hearthstonemark_pkey PRIMARY KEY (id);


--
-- Name: hearthstone_hearthstonemark hearthstone_hearthstonemark_rank_id_key; Type: CONSTRAINT; Schema: public; Owner: postgres
--

ALTER TABLE ONLY public.hearthstone_hearthstonemark
    ADD CONSTRAINT hearthstone_hearthstonemark_rank_id_key UNIQUE (rank_id);


--
-- Name: hearthstone_hearthstonerank hearthstone_hearthstonerank_pkey; Type: CONSTRAINT; Schema: public; Owner: postgres
--

ALTER TABLE ONLY public.hearthstone_hearthstonerank
    ADD CONSTRAINT hearthstone_hearthstonerank_pkey PRIMARY KEY (id);


--
-- Name: hearthstone_hearthstonetier hearthstone_hearthstonetier_pkey; Type: CONSTRAINT; Schema: public; Owner: postgres
--

ALTER TABLE ONLY public.hearthstone_hearthstonetier
    ADD CONSTRAINT hearthstone_hearthstonetier_pkey PRIMARY KEY (id);


--
-- Name: hearthstone_hearthstonetier hearthstone_hearthstonetier_rank_id_key; Type: CONSTRAINT; Schema: public; Owner: postgres
--

ALTER TABLE ONLY public.hearthstone_hearthstonetier
    ADD CONSTRAINT hearthstone_hearthstonetier_rank_id_key UNIQUE (rank_id);


--
-- Name: honorOfKings_honorofkingsdivisionorder honorOfKings_honorofkingsdivisionorder_pkey; Type: CONSTRAINT; Schema: public; Owner: postgres
--

ALTER TABLE ONLY public."honorOfKings_honorofkingsdivisionorder"
    ADD CONSTRAINT "honorOfKings_honorofkingsdivisionorder_pkey" PRIMARY KEY (order_id);


--
-- Name: honorOfKings_honorofkingsmark honorOfKings_honorofkingsmark_pkey; Type: CONSTRAINT; Schema: public; Owner: postgres
--

ALTER TABLE ONLY public."honorOfKings_honorofkingsmark"
    ADD CONSTRAINT "honorOfKings_honorofkingsmark_pkey" PRIMARY KEY (id);


--
-- Name: honorOfKings_honorofkingsmark honorOfKings_honorofkingsmark_rank_id_key; Type: CONSTRAINT; Schema: public; Owner: postgres
--

ALTER TABLE ONLY public."honorOfKings_honorofkingsmark"
    ADD CONSTRAINT "honorOfKings_honorofkingsmark_rank_id_key" UNIQUE (rank_id);


--
-- Name: honorOfKings_honorofkingsrank honorOfKings_honorofkingsrank_pkey; Type: CONSTRAINT; Schema: public; Owner: postgres
--

ALTER TABLE ONLY public."honorOfKings_honorofkingsrank"
    ADD CONSTRAINT "honorOfKings_honorofkingsrank_pkey" PRIMARY KEY (id);


--
-- Name: honorOfKings_honorofkingstier honorOfKings_honorofkingstier_pkey; Type: CONSTRAINT; Schema: public; Owner: postgres
--

ALTER TABLE ONLY public."honorOfKings_honorofkingstier"
    ADD CONSTRAINT "honorOfKings_honorofkingstier_pkey" PRIMARY KEY (id);


--
-- Name: honorOfKings_honorofkingstier honorOfKings_honorofkingstier_rank_id_key; Type: CONSTRAINT; Schema: public; Owner: postgres
--

ALTER TABLE ONLY public."honorOfKings_honorofkingstier"
    ADD CONSTRAINT "honorOfKings_honorofkingstier_rank_id_key" UNIQUE (rank_id);


--
-- Name: leagueOfLegends_leagueoflegendsdivisionorder_champions leagueOfLegends_leagueof_leagueoflegendsdivisiono_525e5fa3_uniq; Type: CONSTRAINT; Schema: public; Owner: postgres
--

ALTER TABLE ONLY public."leagueOfLegends_leagueoflegendsdivisionorder_champions"
    ADD CONSTRAINT "leagueOfLegends_leagueof_leagueoflegendsdivisiono_525e5fa3_uniq" UNIQUE (leagueoflegendsdivisionorder_id, champion_id);


--
-- Name: leagueOfLegends_leagueoflegendsplacementorder_champions leagueOfLegends_leagueof_leagueoflegendsplacement_f21df02f_uniq; Type: CONSTRAINT; Schema: public; Owner: postgres
--

ALTER TABLE ONLY public."leagueOfLegends_leagueoflegendsplacementorder_champions"
    ADD CONSTRAINT "leagueOfLegends_leagueof_leagueoflegendsplacement_f21df02f_uniq" UNIQUE (leagueoflegendsplacementorder_id, champion_id);


--
-- Name: leagueOfLegends_leagueoflegendsdivisionorder_champions leagueOfLegends_leagueoflegendsdivisionorder_champions_pkey; Type: CONSTRAINT; Schema: public; Owner: postgres
--

ALTER TABLE ONLY public."leagueOfLegends_leagueoflegendsdivisionorder_champions"
    ADD CONSTRAINT "leagueOfLegends_leagueoflegendsdivisionorder_champions_pkey" PRIMARY KEY (id);


--
-- Name: leagueOfLegends_leagueoflegendsdivisionorder leagueOfLegends_leagueoflegendsdivisionorder_pkey; Type: CONSTRAINT; Schema: public; Owner: postgres
--

ALTER TABLE ONLY public."leagueOfLegends_leagueoflegendsdivisionorder"
    ADD CONSTRAINT "leagueOfLegends_leagueoflegendsdivisionorder_pkey" PRIMARY KEY (order_id);


--
-- Name: leagueOfLegends_leagueoflegendsmark leagueOfLegends_leagueoflegendsmark_pkey; Type: CONSTRAINT; Schema: public; Owner: postgres
--

ALTER TABLE ONLY public."leagueOfLegends_leagueoflegendsmark"
    ADD CONSTRAINT "leagueOfLegends_leagueoflegendsmark_pkey" PRIMARY KEY (id);


--
-- Name: leagueOfLegends_leagueoflegendsmark leagueOfLegends_leagueoflegendsmark_rank_id_key; Type: CONSTRAINT; Schema: public; Owner: postgres
--

ALTER TABLE ONLY public."leagueOfLegends_leagueoflegendsmark"
    ADD CONSTRAINT "leagueOfLegends_leagueoflegendsmark_rank_id_key" UNIQUE (rank_id);


--
-- Name: leagueOfLegends_leagueoflegendsplacement leagueOfLegends_leagueoflegendsplacement_pkey; Type: CONSTRAINT; Schema: public; Owner: postgres
--

ALTER TABLE ONLY public."leagueOfLegends_leagueoflegendsplacement"
    ADD CONSTRAINT "leagueOfLegends_leagueoflegendsplacement_pkey" PRIMARY KEY (id);


--
-- Name: leagueOfLegends_leagueoflegendsplacementorder_champions leagueOfLegends_leagueoflegendsplacementorder_champions_pkey; Type: CONSTRAINT; Schema: public; Owner: postgres
--

ALTER TABLE ONLY public."leagueOfLegends_leagueoflegendsplacementorder_champions"
    ADD CONSTRAINT "leagueOfLegends_leagueoflegendsplacementorder_champions_pkey" PRIMARY KEY (id);


--
-- Name: leagueOfLegends_leagueoflegendsplacementorder leagueOfLegends_leagueoflegendsplacementorder_pkey; Type: CONSTRAINT; Schema: public; Owner: postgres
--

ALTER TABLE ONLY public."leagueOfLegends_leagueoflegendsplacementorder"
    ADD CONSTRAINT "leagueOfLegends_leagueoflegendsplacementorder_pkey" PRIMARY KEY (order_id);


--
-- Name: leagueOfLegends_leagueoflegendsrank leagueOfLegends_leagueoflegendsrank_pkey; Type: CONSTRAINT; Schema: public; Owner: postgres
--

ALTER TABLE ONLY public."leagueOfLegends_leagueoflegendsrank"
    ADD CONSTRAINT "leagueOfLegends_leagueoflegendsrank_pkey" PRIMARY KEY (id);


--
-- Name: leagueOfLegends_leagueoflegendstier leagueOfLegends_leagueoflegendstier_pkey; Type: CONSTRAINT; Schema: public; Owner: postgres
--

ALTER TABLE ONLY public."leagueOfLegends_leagueoflegendstier"
    ADD CONSTRAINT "leagueOfLegends_leagueoflegendstier_pkey" PRIMARY KEY (id);


--
-- Name: leagueOfLegends_leagueoflegendstier leagueOfLegends_leagueoflegendstier_rank_id_key; Type: CONSTRAINT; Schema: public; Owner: postgres
--

ALTER TABLE ONLY public."leagueOfLegends_leagueoflegendstier"
    ADD CONSTRAINT "leagueOfLegends_leagueoflegendstier_rank_id_key" UNIQUE (rank_id);


--
-- Name: mobileLegends_mobilelegendsdivisionorder mobileLegends_mobilelegendsdivisionorder_pkey; Type: CONSTRAINT; Schema: public; Owner: postgres
--

ALTER TABLE ONLY public."mobileLegends_mobilelegendsdivisionorder"
    ADD CONSTRAINT "mobileLegends_mobilelegendsdivisionorder_pkey" PRIMARY KEY (order_id);


--
-- Name: mobileLegends_mobilelegendsmark mobileLegends_mobilelegendsmark_pkey; Type: CONSTRAINT; Schema: public; Owner: postgres
--

ALTER TABLE ONLY public."mobileLegends_mobilelegendsmark"
    ADD CONSTRAINT "mobileLegends_mobilelegendsmark_pkey" PRIMARY KEY (id);


--
-- Name: mobileLegends_mobilelegendsmark mobileLegends_mobilelegendsmark_rank_id_key; Type: CONSTRAINT; Schema: public; Owner: postgres
--

ALTER TABLE ONLY public."mobileLegends_mobilelegendsmark"
    ADD CONSTRAINT "mobileLegends_mobilelegendsmark_rank_id_key" UNIQUE (rank_id);


--
-- Name: mobileLegends_mobilelegendsplacement mobileLegends_mobilelegendsplacement_pkey; Type: CONSTRAINT; Schema: public; Owner: postgres
--

ALTER TABLE ONLY public."mobileLegends_mobilelegendsplacement"
    ADD CONSTRAINT "mobileLegends_mobilelegendsplacement_pkey" PRIMARY KEY (id);


--
-- Name: mobileLegends_mobilelegendsplacementorder mobileLegends_mobilelegendsplacementorder_pkey; Type: CONSTRAINT; Schema: public; Owner: postgres
--

ALTER TABLE ONLY public."mobileLegends_mobilelegendsplacementorder"
    ADD CONSTRAINT "mobileLegends_mobilelegendsplacementorder_pkey" PRIMARY KEY (order_id);


--
-- Name: mobileLegends_mobilelegendsrank mobileLegends_mobilelegendsrank_pkey; Type: CONSTRAINT; Schema: public; Owner: postgres
--

ALTER TABLE ONLY public."mobileLegends_mobilelegendsrank"
    ADD CONSTRAINT "mobileLegends_mobilelegendsrank_pkey" PRIMARY KEY (id);


--
-- Name: mobileLegends_mobilelegendstier mobileLegends_mobilelegendstier_pkey; Type: CONSTRAINT; Schema: public; Owner: postgres
--

ALTER TABLE ONLY public."mobileLegends_mobilelegendstier"
    ADD CONSTRAINT "mobileLegends_mobilelegendstier_pkey" PRIMARY KEY (id);


--
-- Name: mobileLegends_mobilelegendstier mobileLegends_mobilelegendstier_rank_id_key; Type: CONSTRAINT; Schema: public; Owner: postgres
--

ALTER TABLE ONLY public."mobileLegends_mobilelegendstier"
    ADD CONSTRAINT "mobileLegends_mobilelegendstier_rank_id_key" UNIQUE (rank_id);


--
-- Name: news_blog news_blog_pkey; Type: CONSTRAINT; Schema: public; Owner: postgres
--

ALTER TABLE ONLY public.news_blog
    ADD CONSTRAINT news_blog_pkey PRIMARY KEY (id);


--
-- Name: news_subheader news_subheader_pkey; Type: CONSTRAINT; Schema: public; Owner: postgres
--

ALTER TABLE ONLY public.news_subheader
    ADD CONSTRAINT news_subheader_pkey PRIMARY KEY (id);


--
-- Name: oauth2_provider_accesstoken oauth2_provider_accesstoken_id_token_id_key; Type: CONSTRAINT; Schema: public; Owner: postgres
--

ALTER TABLE ONLY public.oauth2_provider_accesstoken
    ADD CONSTRAINT oauth2_provider_accesstoken_id_token_id_key UNIQUE (id_token_id);


--
-- Name: oauth2_provider_accesstoken oauth2_provider_accesstoken_pkey; Type: CONSTRAINT; Schema: public; Owner: postgres
--

ALTER TABLE ONLY public.oauth2_provider_accesstoken
    ADD CONSTRAINT oauth2_provider_accesstoken_pkey PRIMARY KEY (id);


--
-- Name: oauth2_provider_accesstoken oauth2_provider_accesstoken_source_refresh_token_id_key; Type: CONSTRAINT; Schema: public; Owner: postgres
--

ALTER TABLE ONLY public.oauth2_provider_accesstoken
    ADD CONSTRAINT oauth2_provider_accesstoken_source_refresh_token_id_key UNIQUE (source_refresh_token_id);


--
-- Name: oauth2_provider_accesstoken oauth2_provider_accesstoken_token_key; Type: CONSTRAINT; Schema: public; Owner: postgres
--

ALTER TABLE ONLY public.oauth2_provider_accesstoken
    ADD CONSTRAINT oauth2_provider_accesstoken_token_key UNIQUE (token);


--
-- Name: oauth2_provider_application oauth2_provider_application_client_id_key; Type: CONSTRAINT; Schema: public; Owner: postgres
--

ALTER TABLE ONLY public.oauth2_provider_application
    ADD CONSTRAINT oauth2_provider_application_client_id_key UNIQUE (client_id);


--
-- Name: oauth2_provider_application oauth2_provider_application_pkey; Type: CONSTRAINT; Schema: public; Owner: postgres
--

ALTER TABLE ONLY public.oauth2_provider_application
    ADD CONSTRAINT oauth2_provider_application_pkey PRIMARY KEY (id);


--
-- Name: oauth2_provider_grant oauth2_provider_grant_code_key; Type: CONSTRAINT; Schema: public; Owner: postgres
--

ALTER TABLE ONLY public.oauth2_provider_grant
    ADD CONSTRAINT oauth2_provider_grant_code_key UNIQUE (code);


--
-- Name: oauth2_provider_grant oauth2_provider_grant_pkey; Type: CONSTRAINT; Schema: public; Owner: postgres
--

ALTER TABLE ONLY public.oauth2_provider_grant
    ADD CONSTRAINT oauth2_provider_grant_pkey PRIMARY KEY (id);


--
-- Name: oauth2_provider_idtoken oauth2_provider_idtoken_jti_key; Type: CONSTRAINT; Schema: public; Owner: postgres
--

ALTER TABLE ONLY public.oauth2_provider_idtoken
    ADD CONSTRAINT oauth2_provider_idtoken_jti_key UNIQUE (jti);


--
-- Name: oauth2_provider_idtoken oauth2_provider_idtoken_pkey; Type: CONSTRAINT; Schema: public; Owner: postgres
--

ALTER TABLE ONLY public.oauth2_provider_idtoken
    ADD CONSTRAINT oauth2_provider_idtoken_pkey PRIMARY KEY (id);


--
-- Name: oauth2_provider_refreshtoken oauth2_provider_refreshtoken_access_token_id_key; Type: CONSTRAINT; Schema: public; Owner: postgres
--

ALTER TABLE ONLY public.oauth2_provider_refreshtoken
    ADD CONSTRAINT oauth2_provider_refreshtoken_access_token_id_key UNIQUE (access_token_id);


--
-- Name: oauth2_provider_refreshtoken oauth2_provider_refreshtoken_pkey; Type: CONSTRAINT; Schema: public; Owner: postgres
--

ALTER TABLE ONLY public.oauth2_provider_refreshtoken
    ADD CONSTRAINT oauth2_provider_refreshtoken_pkey PRIMARY KEY (id);


--
-- Name: oauth2_provider_refreshtoken oauth2_provider_refreshtoken_token_revoked_af8a5134_uniq; Type: CONSTRAINT; Schema: public; Owner: postgres
--

ALTER TABLE ONLY public.oauth2_provider_refreshtoken
    ADD CONSTRAINT oauth2_provider_refreshtoken_token_revoked_af8a5134_uniq UNIQUE (token, revoked);


--
-- Name: overwatch2_overwatch2divisionorder overwatch2_overwatch2divisionorder_pkey; Type: CONSTRAINT; Schema: public; Owner: postgres
--

ALTER TABLE ONLY public.overwatch2_overwatch2divisionorder
    ADD CONSTRAINT overwatch2_overwatch2divisionorder_pkey PRIMARY KEY (order_id);


--
-- Name: overwatch2_overwatch2mark overwatch2_overwatch2mark_pkey; Type: CONSTRAINT; Schema: public; Owner: postgres
--

ALTER TABLE ONLY public.overwatch2_overwatch2mark
    ADD CONSTRAINT overwatch2_overwatch2mark_pkey PRIMARY KEY (id);


--
-- Name: overwatch2_overwatch2mark overwatch2_overwatch2mark_rank_id_key; Type: CONSTRAINT; Schema: public; Owner: postgres
--

ALTER TABLE ONLY public.overwatch2_overwatch2mark
    ADD CONSTRAINT overwatch2_overwatch2mark_rank_id_key UNIQUE (rank_id);


--
-- Name: overwatch2_overwatch2placement overwatch2_overwatch2placement_pkey; Type: CONSTRAINT; Schema: public; Owner: postgres
--

ALTER TABLE ONLY public.overwatch2_overwatch2placement
    ADD CONSTRAINT overwatch2_overwatch2placement_pkey PRIMARY KEY (id);


--
-- Name: overwatch2_overwatch2placementorder overwatch2_overwatch2placementorder_pkey; Type: CONSTRAINT; Schema: public; Owner: postgres
--

ALTER TABLE ONLY public.overwatch2_overwatch2placementorder
    ADD CONSTRAINT overwatch2_overwatch2placementorder_pkey PRIMARY KEY (order_id);


--
-- Name: overwatch2_overwatch2rank overwatch2_overwatch2rank_pkey; Type: CONSTRAINT; Schema: public; Owner: postgres
--

ALTER TABLE ONLY public.overwatch2_overwatch2rank
    ADD CONSTRAINT overwatch2_overwatch2rank_pkey PRIMARY KEY (id);


--
-- Name: overwatch2_overwatch2tier overwatch2_overwatch2tier_pkey; Type: CONSTRAINT; Schema: public; Owner: postgres
--

ALTER TABLE ONLY public.overwatch2_overwatch2tier
    ADD CONSTRAINT overwatch2_overwatch2tier_pkey PRIMARY KEY (id);


--
-- Name: overwatch2_overwatch2tier overwatch2_overwatch2tier_rank_id_key; Type: CONSTRAINT; Schema: public; Owner: postgres
--

ALTER TABLE ONLY public.overwatch2_overwatch2tier
    ADD CONSTRAINT overwatch2_overwatch2tier_rank_id_key UNIQUE (rank_id);


--
-- Name: paypal_ipn paypal_ipn_pkey; Type: CONSTRAINT; Schema: public; Owner: postgres
--

ALTER TABLE ONLY public.paypal_ipn
    ADD CONSTRAINT paypal_ipn_pkey PRIMARY KEY (id);


--
-- Name: pubg_pubgdivisionorder pubg_pubgdivisionorder_pkey; Type: CONSTRAINT; Schema: public; Owner: postgres
--

ALTER TABLE ONLY public.pubg_pubgdivisionorder
    ADD CONSTRAINT pubg_pubgdivisionorder_pkey PRIMARY KEY (order_id);


--
-- Name: pubg_pubgmark pubg_pubgmark_pkey; Type: CONSTRAINT; Schema: public; Owner: postgres
--

ALTER TABLE ONLY public.pubg_pubgmark
    ADD CONSTRAINT pubg_pubgmark_pkey PRIMARY KEY (id);


--
-- Name: pubg_pubgmark pubg_pubgmark_rank_id_key; Type: CONSTRAINT; Schema: public; Owner: postgres
--

ALTER TABLE ONLY public.pubg_pubgmark
    ADD CONSTRAINT pubg_pubgmark_rank_id_key UNIQUE (rank_id);


--
-- Name: pubg_pubgrank pubg_pubgrank_pkey; Type: CONSTRAINT; Schema: public; Owner: postgres
--

ALTER TABLE ONLY public.pubg_pubgrank
    ADD CONSTRAINT pubg_pubgrank_pkey PRIMARY KEY (id);


--
-- Name: pubg_pubgtier pubg_pubgtier_pkey; Type: CONSTRAINT; Schema: public; Owner: postgres
--

ALTER TABLE ONLY public.pubg_pubgtier
    ADD CONSTRAINT pubg_pubgtier_pkey PRIMARY KEY (id);


--
-- Name: pubg_pubgtier pubg_pubgtier_rank_id_key; Type: CONSTRAINT; Schema: public; Owner: postgres
--

ALTER TABLE ONLY public.pubg_pubgtier
    ADD CONSTRAINT pubg_pubgtier_rank_id_key UNIQUE (rank_id);


--
-- Name: rocketLeague_rocketleaguedivision rocketLeague_rocketleaguedivision_pkey; Type: CONSTRAINT; Schema: public; Owner: postgres
--

ALTER TABLE ONLY public."rocketLeague_rocketleaguedivision"
    ADD CONSTRAINT "rocketLeague_rocketleaguedivision_pkey" PRIMARY KEY (id);


--
-- Name: rocketLeague_rocketleaguedivision rocketLeague_rocketleaguedivision_rank_id_key; Type: CONSTRAINT; Schema: public; Owner: postgres
--

ALTER TABLE ONLY public."rocketLeague_rocketleaguedivision"
    ADD CONSTRAINT "rocketLeague_rocketleaguedivision_rank_id_key" UNIQUE (rank_id);


--
-- Name: rocketLeague_rocketleaguedivisionorder rocketLeague_rocketleaguedivisionorder_pkey; Type: CONSTRAINT; Schema: public; Owner: postgres
--

ALTER TABLE ONLY public."rocketLeague_rocketleaguedivisionorder"
    ADD CONSTRAINT "rocketLeague_rocketleaguedivisionorder_pkey" PRIMARY KEY (order_id);


--
-- Name: rocketLeague_rocketleagueplacement rocketLeague_rocketleagueplacement_pkey; Type: CONSTRAINT; Schema: public; Owner: postgres
--

ALTER TABLE ONLY public."rocketLeague_rocketleagueplacement"
    ADD CONSTRAINT "rocketLeague_rocketleagueplacement_pkey" PRIMARY KEY (id);


--
-- Name: rocketLeague_rocketleagueplacementorder rocketLeague_rocketleagueplacementorder_pkey; Type: CONSTRAINT; Schema: public; Owner: postgres
--

ALTER TABLE ONLY public."rocketLeague_rocketleagueplacementorder"
    ADD CONSTRAINT "rocketLeague_rocketleagueplacementorder_pkey" PRIMARY KEY (order_id);


--
-- Name: rocketLeague_rocketleaguerank rocketLeague_rocketleaguerank_pkey; Type: CONSTRAINT; Schema: public; Owner: postgres
--

ALTER TABLE ONLY public."rocketLeague_rocketleaguerank"
    ADD CONSTRAINT "rocketLeague_rocketleaguerank_pkey" PRIMARY KEY (id);


--
-- Name: rocketLeague_rocketleagueseasonal rocketLeague_rocketleagueseasonal_pkey; Type: CONSTRAINT; Schema: public; Owner: postgres
--

ALTER TABLE ONLY public."rocketLeague_rocketleagueseasonal"
    ADD CONSTRAINT "rocketLeague_rocketleagueseasonal_pkey" PRIMARY KEY (id);


--
-- Name: rocketLeague_rocketleagueseasonalorder rocketLeague_rocketleagueseasonalorder_pkey; Type: CONSTRAINT; Schema: public; Owner: postgres
--

ALTER TABLE ONLY public."rocketLeague_rocketleagueseasonalorder"
    ADD CONSTRAINT "rocketLeague_rocketleagueseasonalorder_pkey" PRIMARY KEY (order_id);


--
-- Name: rocketLeague_rocketleaguetournament rocketLeague_rocketleaguetournament_pkey; Type: CONSTRAINT; Schema: public; Owner: postgres
--

ALTER TABLE ONLY public."rocketLeague_rocketleaguetournament"
    ADD CONSTRAINT "rocketLeague_rocketleaguetournament_pkey" PRIMARY KEY (id);


--
-- Name: rocketLeague_rocketleaguetournamentorder rocketLeague_rocketleaguetournamentorder_pkey; Type: CONSTRAINT; Schema: public; Owner: postgres
--

ALTER TABLE ONLY public."rocketLeague_rocketleaguetournamentorder"
    ADD CONSTRAINT "rocketLeague_rocketleaguetournamentorder_pkey" PRIMARY KEY (order_id);


--
-- Name: social_auth_association social_auth_association_pkey; Type: CONSTRAINT; Schema: public; Owner: postgres
--

ALTER TABLE ONLY public.social_auth_association
    ADD CONSTRAINT social_auth_association_pkey PRIMARY KEY (id);


--
-- Name: social_auth_association social_auth_association_server_url_handle_078befa2_uniq; Type: CONSTRAINT; Schema: public; Owner: postgres
--

ALTER TABLE ONLY public.social_auth_association
    ADD CONSTRAINT social_auth_association_server_url_handle_078befa2_uniq UNIQUE (server_url, handle);


--
-- Name: social_auth_code social_auth_code_email_code_801b2d02_uniq; Type: CONSTRAINT; Schema: public; Owner: postgres
--

ALTER TABLE ONLY public.social_auth_code
    ADD CONSTRAINT social_auth_code_email_code_801b2d02_uniq UNIQUE (email, code);


--
-- Name: social_auth_code social_auth_code_pkey; Type: CONSTRAINT; Schema: public; Owner: postgres
--

ALTER TABLE ONLY public.social_auth_code
    ADD CONSTRAINT social_auth_code_pkey PRIMARY KEY (id);


--
-- Name: social_auth_nonce social_auth_nonce_pkey; Type: CONSTRAINT; Schema: public; Owner: postgres
--

ALTER TABLE ONLY public.social_auth_nonce
    ADD CONSTRAINT social_auth_nonce_pkey PRIMARY KEY (id);


--
-- Name: social_auth_nonce social_auth_nonce_server_url_timestamp_salt_f6284463_uniq; Type: CONSTRAINT; Schema: public; Owner: postgres
--

ALTER TABLE ONLY public.social_auth_nonce
    ADD CONSTRAINT social_auth_nonce_server_url_timestamp_salt_f6284463_uniq UNIQUE (server_url, "timestamp", salt);


--
-- Name: social_auth_partial social_auth_partial_pkey; Type: CONSTRAINT; Schema: public; Owner: postgres
--

ALTER TABLE ONLY public.social_auth_partial
    ADD CONSTRAINT social_auth_partial_pkey PRIMARY KEY (id);


--
-- Name: social_auth_usersocialauth social_auth_usersocialauth_pkey; Type: CONSTRAINT; Schema: public; Owner: postgres
--

ALTER TABLE ONLY public.social_auth_usersocialauth
    ADD CONSTRAINT social_auth_usersocialauth_pkey PRIMARY KEY (id);


--
-- Name: social_auth_usersocialauth social_auth_usersocialauth_provider_uid_e6b5e668_uniq; Type: CONSTRAINT; Schema: public; Owner: postgres
--

ALTER TABLE ONLY public.social_auth_usersocialauth
    ADD CONSTRAINT social_auth_usersocialauth_provider_uid_e6b5e668_uniq UNIQUE (provider, uid);


--
-- Name: socialaccount_socialaccount socialaccount_socialaccount_pkey; Type: CONSTRAINT; Schema: public; Owner: postgres
--

ALTER TABLE ONLY public.socialaccount_socialaccount
    ADD CONSTRAINT socialaccount_socialaccount_pkey PRIMARY KEY (id);


--
-- Name: socialaccount_socialaccount socialaccount_socialaccount_provider_uid_fc810c6e_uniq; Type: CONSTRAINT; Schema: public; Owner: postgres
--

ALTER TABLE ONLY public.socialaccount_socialaccount
    ADD CONSTRAINT socialaccount_socialaccount_provider_uid_fc810c6e_uniq UNIQUE (provider, uid);


--
-- Name: socialaccount_socialapp socialaccount_socialapp_pkey; Type: CONSTRAINT; Schema: public; Owner: postgres
--

ALTER TABLE ONLY public.socialaccount_socialapp
    ADD CONSTRAINT socialaccount_socialapp_pkey PRIMARY KEY (id);


--
-- Name: socialaccount_socialtoken socialaccount_socialtoken_app_id_account_id_fca4e0ac_uniq; Type: CONSTRAINT; Schema: public; Owner: postgres
--

ALTER TABLE ONLY public.socialaccount_socialtoken
    ADD CONSTRAINT socialaccount_socialtoken_app_id_account_id_fca4e0ac_uniq UNIQUE (app_id, account_id);


--
-- Name: socialaccount_socialtoken socialaccount_socialtoken_pkey; Type: CONSTRAINT; Schema: public; Owner: postgres
--

ALTER TABLE ONLY public.socialaccount_socialtoken
    ADD CONSTRAINT socialaccount_socialtoken_pkey PRIMARY KEY (id);


--
-- Name: tft_tftdivisionorder tft_tftdivisionorder_pkey; Type: CONSTRAINT; Schema: public; Owner: postgres
--

ALTER TABLE ONLY public.tft_tftdivisionorder
    ADD CONSTRAINT tft_tftdivisionorder_pkey PRIMARY KEY (order_id);


--
-- Name: tft_tftmark tft_tftmark_pkey; Type: CONSTRAINT; Schema: public; Owner: postgres
--

ALTER TABLE ONLY public.tft_tftmark
    ADD CONSTRAINT tft_tftmark_pkey PRIMARY KEY (id);


--
-- Name: tft_tftmark tft_tftmark_rank_id_key; Type: CONSTRAINT; Schema: public; Owner: postgres
--

ALTER TABLE ONLY public.tft_tftmark
    ADD CONSTRAINT tft_tftmark_rank_id_key UNIQUE (rank_id);


--
-- Name: tft_tftplacement tft_tftplacement_pkey; Type: CONSTRAINT; Schema: public; Owner: postgres
--

ALTER TABLE ONLY public.tft_tftplacement
    ADD CONSTRAINT tft_tftplacement_pkey PRIMARY KEY (id);


--
-- Name: tft_tftplacementorder tft_tftplacementorder_pkey; Type: CONSTRAINT; Schema: public; Owner: postgres
--

ALTER TABLE ONLY public.tft_tftplacementorder
    ADD CONSTRAINT tft_tftplacementorder_pkey PRIMARY KEY (order_id);


--
-- Name: tft_tftrank tft_tftrank_pkey; Type: CONSTRAINT; Schema: public; Owner: postgres
--

ALTER TABLE ONLY public.tft_tftrank
    ADD CONSTRAINT tft_tftrank_pkey PRIMARY KEY (id);


--
-- Name: tft_tfttier tft_tfttier_pkey; Type: CONSTRAINT; Schema: public; Owner: postgres
--

ALTER TABLE ONLY public.tft_tfttier
    ADD CONSTRAINT tft_tfttier_pkey PRIMARY KEY (id);


--
-- Name: tft_tfttier tft_tfttier_rank_id_key; Type: CONSTRAINT; Schema: public; Owner: postgres
--

ALTER TABLE ONLY public.tft_tfttier
    ADD CONSTRAINT tft_tfttier_rank_id_key UNIQUE (rank_id);


--
-- Name: valorant_valorantdivisionorder_champions valorant_valorantdivisio_valorantdivisionorder_id_4d3f4c5a_uniq; Type: CONSTRAINT; Schema: public; Owner: postgres
--

ALTER TABLE ONLY public.valorant_valorantdivisionorder_champions
    ADD CONSTRAINT valorant_valorantdivisio_valorantdivisionorder_id_4d3f4c5a_uniq UNIQUE (valorantdivisionorder_id, champion_id);


--
-- Name: valorant_valorantdivisionorder_champions valorant_valorantdivisionorder_champions_pkey; Type: CONSTRAINT; Schema: public; Owner: postgres
--

ALTER TABLE ONLY public.valorant_valorantdivisionorder_champions
    ADD CONSTRAINT valorant_valorantdivisionorder_champions_pkey PRIMARY KEY (id);


--
-- Name: valorant_valorantdivisionorder valorant_valorantdivisionorder_pkey; Type: CONSTRAINT; Schema: public; Owner: postgres
--

ALTER TABLE ONLY public.valorant_valorantdivisionorder
    ADD CONSTRAINT valorant_valorantdivisionorder_pkey PRIMARY KEY (order_id);


--
-- Name: valorant_valorantmark valorant_valorantmark_pkey; Type: CONSTRAINT; Schema: public; Owner: postgres
--

ALTER TABLE ONLY public.valorant_valorantmark
    ADD CONSTRAINT valorant_valorantmark_pkey PRIMARY KEY (id);


--
-- Name: valorant_valorantmark valorant_valorantmark_rank_id_key; Type: CONSTRAINT; Schema: public; Owner: postgres
--

ALTER TABLE ONLY public.valorant_valorantmark
    ADD CONSTRAINT valorant_valorantmark_rank_id_key UNIQUE (rank_id);


--
-- Name: valorant_valorantplacementorder_champions valorant_valorantplaceme_valorantplacementorder_i_29177161_uniq; Type: CONSTRAINT; Schema: public; Owner: postgres
--

ALTER TABLE ONLY public.valorant_valorantplacementorder_champions
    ADD CONSTRAINT valorant_valorantplaceme_valorantplacementorder_i_29177161_uniq UNIQUE (valorantplacementorder_id, champion_id);


--
-- Name: valorant_valorantplacement valorant_valorantplacement_pkey; Type: CONSTRAINT; Schema: public; Owner: postgres
--

ALTER TABLE ONLY public.valorant_valorantplacement
    ADD CONSTRAINT valorant_valorantplacement_pkey PRIMARY KEY (id);


--
-- Name: valorant_valorantplacementorder_champions valorant_valorantplacementorder_champions_pkey; Type: CONSTRAINT; Schema: public; Owner: postgres
--

ALTER TABLE ONLY public.valorant_valorantplacementorder_champions
    ADD CONSTRAINT valorant_valorantplacementorder_champions_pkey PRIMARY KEY (id);


--
-- Name: valorant_valorantplacementorder valorant_valorantplacementorder_pkey; Type: CONSTRAINT; Schema: public; Owner: postgres
--

ALTER TABLE ONLY public.valorant_valorantplacementorder
    ADD CONSTRAINT valorant_valorantplacementorder_pkey PRIMARY KEY (order_id);


--
-- Name: valorant_valorantrank valorant_valorantrank_pkey; Type: CONSTRAINT; Schema: public; Owner: postgres
--

ALTER TABLE ONLY public.valorant_valorantrank
    ADD CONSTRAINT valorant_valorantrank_pkey PRIMARY KEY (id);


--
-- Name: valorant_valoranttier valorant_valoranttier_pkey; Type: CONSTRAINT; Schema: public; Owner: postgres
--

ALTER TABLE ONLY public.valorant_valoranttier
    ADD CONSTRAINT valorant_valoranttier_pkey PRIMARY KEY (id);


--
-- Name: valorant_valoranttier valorant_valoranttier_rank_id_key; Type: CONSTRAINT; Schema: public; Owner: postgres
--

ALTER TABLE ONLY public.valorant_valoranttier
    ADD CONSTRAINT valorant_valoranttier_rank_id_key UNIQUE (rank_id);


--
-- Name: wildRift_wildriftdivisionorder_champions wildRift_wildriftdivisio_wildriftdivisionorder_id_08054cfe_uniq; Type: CONSTRAINT; Schema: public; Owner: postgres
--

ALTER TABLE ONLY public."wildRift_wildriftdivisionorder_champions"
    ADD CONSTRAINT "wildRift_wildriftdivisio_wildriftdivisionorder_id_08054cfe_uniq" UNIQUE (wildriftdivisionorder_id, champion_id);


--
-- Name: wildRift_wildriftdivisionorder_champions wildRift_wildriftdivisionorder_champions_pkey; Type: CONSTRAINT; Schema: public; Owner: postgres
--

ALTER TABLE ONLY public."wildRift_wildriftdivisionorder_champions"
    ADD CONSTRAINT "wildRift_wildriftdivisionorder_champions_pkey" PRIMARY KEY (id);


--
-- Name: wildRift_wildriftdivisionorder wildRift_wildriftdivisionorder_pkey; Type: CONSTRAINT; Schema: public; Owner: postgres
--

ALTER TABLE ONLY public."wildRift_wildriftdivisionorder"
    ADD CONSTRAINT "wildRift_wildriftdivisionorder_pkey" PRIMARY KEY (order_id);


--
-- Name: wildRift_wildriftmark wildRift_wildriftmark_pkey; Type: CONSTRAINT; Schema: public; Owner: postgres
--

ALTER TABLE ONLY public."wildRift_wildriftmark"
    ADD CONSTRAINT "wildRift_wildriftmark_pkey" PRIMARY KEY (id);


--
-- Name: wildRift_wildriftmark wildRift_wildriftmark_rank_id_key; Type: CONSTRAINT; Schema: public; Owner: postgres
--

ALTER TABLE ONLY public."wildRift_wildriftmark"
    ADD CONSTRAINT "wildRift_wildriftmark_rank_id_key" UNIQUE (rank_id);


--
-- Name: wildRift_wildriftrank wildRift_wildriftrank1_pkey; Type: CONSTRAINT; Schema: public; Owner: postgres
--

ALTER TABLE ONLY public."wildRift_wildriftrank"
    ADD CONSTRAINT "wildRift_wildriftrank1_pkey" PRIMARY KEY (id);


--
-- Name: wildRift_wildrifttier wildRift_wildrifttier_pkey; Type: CONSTRAINT; Schema: public; Owner: postgres
--

ALTER TABLE ONLY public."wildRift_wildrifttier"
    ADD CONSTRAINT "wildRift_wildrifttier_pkey" PRIMARY KEY (id);


--
-- Name: wildRift_wildrifttier wildRift_wildrifttier_rank_id_key; Type: CONSTRAINT; Schema: public; Owner: postgres
--

ALTER TABLE ONLY public."wildRift_wildrifttier"
    ADD CONSTRAINT "wildRift_wildrifttier_rank_id_key" UNIQUE (rank_id);


--
-- Name: WorldOfWarcraft_worldofwar_current_rank_id_d8efa47d; Type: INDEX; Schema: public; Owner: postgres
--

CREATE INDEX "WorldOfWarcraft_worldofwar_current_rank_id_d8efa47d" ON public."WorldOfWarcraft_worldofwarcraftarenaboostorder" USING btree (current_rank_id);


--
-- Name: WorldOfWarcraft_worldofwar_desired_rank_id_1644bbcf; Type: INDEX; Schema: public; Owner: postgres
--

CREATE INDEX "WorldOfWarcraft_worldofwar_desired_rank_id_1644bbcf" ON public."WorldOfWarcraft_worldofwarcraftarenaboostorder" USING btree (desired_rank_id);


--
-- Name: WorldOfWarcraft_worldofwar_reached_rank_id_791b0874; Type: INDEX; Schema: public; Owner: postgres
--

CREATE INDEX "WorldOfWarcraft_worldofwar_reached_rank_id_791b0874" ON public."WorldOfWarcraft_worldofwarcraftarenaboostorder" USING btree (reached_rank_id);


--
-- Name: account_emailaddress_upper; Type: INDEX; Schema: public; Owner: postgres
--

CREATE INDEX account_emailaddress_upper ON public.account_emailaddress USING btree (upper((email)::text));


--
-- Name: account_emailaddress_user_id_2c513194; Type: INDEX; Schema: public; Owner: postgres
--

CREATE INDEX account_emailaddress_user_id_2c513194 ON public.account_emailaddress USING btree (user_id);


--
-- Name: account_emailconfirmation_email_address_id_5b7f8c58; Type: INDEX; Schema: public; Owner: postgres
--

CREATE INDEX account_emailconfirmation_email_address_id_5b7f8c58 ON public.account_emailconfirmation USING btree (email_address_id);


--
-- Name: account_emailconfirmation_key_f43612bd_like; Type: INDEX; Schema: public; Owner: postgres
--

CREATE INDEX account_emailconfirmation_key_f43612bd_like ON public.account_emailconfirmation USING btree (key varchar_pattern_ops);


--
-- Name: accounts_baseorder_booster_id_569a754b; Type: INDEX; Schema: public; Owner: postgres
--

CREATE INDEX accounts_baseorder_booster_id_569a754b ON public.accounts_baseorder USING btree (booster_id);


--
-- Name: accounts_baseorder_captcha_id_befa2d71; Type: INDEX; Schema: public; Owner: postgres
--

CREATE INDEX accounts_baseorder_captcha_id_befa2d71 ON public.accounts_baseorder USING btree (captcha_id);


--
-- Name: accounts_baseorder_content_type_id_767020bb; Type: INDEX; Schema: public; Owner: postgres
--

CREATE INDEX accounts_baseorder_content_type_id_767020bb ON public.accounts_baseorder USING btree (content_type_id);


--
-- Name: accounts_baseorder_customer_id_dbbe68f7; Type: INDEX; Schema: public; Owner: postgres
--

CREATE INDEX accounts_baseorder_customer_id_dbbe68f7 ON public.accounts_baseorder USING btree (customer_id);


--
-- Name: accounts_baseorder_game_id_7841ac99; Type: INDEX; Schema: public; Owner: postgres
--

CREATE INDEX accounts_baseorder_game_id_7841ac99 ON public.accounts_baseorder USING btree (game_id);


--
-- Name: accounts_baseorder_promo_code_id_c3eee5c9; Type: INDEX; Schema: public; Owner: postgres
--

CREATE INDEX accounts_baseorder_promo_code_id_c3eee5c9 ON public.accounts_baseorder USING btree (promo_code_id);


--
-- Name: accounts_baseuser_groups_baseuser_id_0354b26b; Type: INDEX; Schema: public; Owner: postgres
--

CREATE INDEX accounts_baseuser_groups_baseuser_id_0354b26b ON public.accounts_baseuser_groups USING btree (baseuser_id);


--
-- Name: accounts_baseuser_groups_group_id_e7e3aad3; Type: INDEX; Schema: public; Owner: postgres
--

CREATE INDEX accounts_baseuser_groups_group_id_e7e3aad3 ON public.accounts_baseuser_groups USING btree (group_id);


--
-- Name: accounts_baseuser_user_permissions_baseuser_id_85c7c8b0; Type: INDEX; Schema: public; Owner: postgres
--

CREATE INDEX accounts_baseuser_user_permissions_baseuser_id_85c7c8b0 ON public.accounts_baseuser_user_permissions USING btree (baseuser_id);


--
-- Name: accounts_baseuser_user_permissions_permission_id_c39d0f01; Type: INDEX; Schema: public; Owner: postgres
--

CREATE INDEX accounts_baseuser_user_permissions_permission_id_c39d0f01 ON public.accounts_baseuser_user_permissions USING btree (permission_id);


--
-- Name: accounts_baseuser_username_b2312d83_like; Type: INDEX; Schema: public; Owner: postgres
--

CREATE INDEX accounts_baseuser_username_b2312d83_like ON public.accounts_baseuser USING btree (username varchar_pattern_ops);


--
-- Name: accounts_promocode_code_72e2e30e_like; Type: INDEX; Schema: public; Owner: postgres
--

CREATE INDEX accounts_promocode_code_72e2e30e_like ON public.accounts_promocode USING btree (code varchar_pattern_ops);


--
-- Name: accounts_tokenforpay_invoice_eba06380_like; Type: INDEX; Schema: public; Owner: postgres
--

CREATE INDEX accounts_tokenforpay_invoice_eba06380_like ON public.accounts_tokenforpay USING btree (invoice varchar_pattern_ops);


--
-- Name: accounts_transaction_order_id_0c183676; Type: INDEX; Schema: public; Owner: postgres
--

CREATE INDEX accounts_transaction_order_id_0c183676 ON public.accounts_transaction USING btree (order_id);


--
-- Name: accounts_transaction_tip_id_99c4ef69; Type: INDEX; Schema: public; Owner: postgres
--

CREATE INDEX accounts_transaction_tip_id_99c4ef69 ON public.accounts_transaction USING btree (tip_id);


--
-- Name: accounts_transaction_user_id_e9a98e81; Type: INDEX; Schema: public; Owner: postgres
--

CREATE INDEX accounts_transaction_user_id_e9a98e81 ON public.accounts_transaction USING btree (user_id);


--
-- Name: auth_group_name_a6ea08ec_like; Type: INDEX; Schema: public; Owner: postgres
--

CREATE INDEX auth_group_name_a6ea08ec_like ON public.auth_group USING btree (name varchar_pattern_ops);


--
-- Name: auth_group_permissions_group_id_b120cbf9; Type: INDEX; Schema: public; Owner: postgres
--

CREATE INDEX auth_group_permissions_group_id_b120cbf9 ON public.auth_group_permissions USING btree (group_id);


--
-- Name: auth_group_permissions_permission_id_84c5c92e; Type: INDEX; Schema: public; Owner: postgres
--

CREATE INDEX auth_group_permissions_permission_id_84c5c92e ON public.auth_group_permissions USING btree (permission_id);


--
-- Name: auth_permission_content_type_id_2f476e4b; Type: INDEX; Schema: public; Owner: postgres
--

CREATE INDEX auth_permission_content_type_id_2f476e4b ON public.auth_permission USING btree (content_type_id);


--
-- Name: booster_booster_achived_rank_csgo2_id_e86484bc; Type: INDEX; Schema: public; Owner: postgres
--

CREATE INDEX booster_booster_achived_rank_csgo2_id_e86484bc ON public.booster_booster USING btree (achived_rank_csgo2_id);


--
-- Name: booster_booster_achived_rank_dota2_id_f29d0081; Type: INDEX; Schema: public; Owner: postgres
--

CREATE INDEX booster_booster_achived_rank_dota2_id_f29d0081 ON public.booster_booster USING btree (achived_rank_dota2_id);


--
-- Name: booster_booster_achived_rank_hearthstone_id_1058486c; Type: INDEX; Schema: public; Owner: postgres
--

CREATE INDEX booster_booster_achived_rank_hearthstone_id_1058486c ON public.booster_booster USING btree (achived_rank_hearthstone_id);


--
-- Name: booster_booster_achived_rank_hok_id_91284673; Type: INDEX; Schema: public; Owner: postgres
--

CREATE INDEX booster_booster_achived_rank_hok_id_91284673 ON public.booster_booster USING btree (achived_rank_hok_id);


--
-- Name: booster_booster_achived_rank_lol_id_96339b06; Type: INDEX; Schema: public; Owner: postgres
--

CREATE INDEX booster_booster_achived_rank_lol_id_96339b06 ON public.booster_booster USING btree (achived_rank_lol_id);


--
-- Name: booster_booster_achived_rank_modleg_id_ef6deaed; Type: INDEX; Schema: public; Owner: postgres
--

CREATE INDEX booster_booster_achived_rank_modleg_id_ef6deaed ON public.booster_booster USING btree (achived_rank_mobleg_id);


--
-- Name: booster_booster_achived_rank_overwatch2_id_4cabe11c; Type: INDEX; Schema: public; Owner: postgres
--

CREATE INDEX booster_booster_achived_rank_overwatch2_id_4cabe11c ON public.booster_booster USING btree (achived_rank_overwatch2_id);


--
-- Name: booster_booster_achived_rank_pubg_id_6878652b; Type: INDEX; Schema: public; Owner: postgres
--

CREATE INDEX booster_booster_achived_rank_pubg_id_6878652b ON public.booster_booster USING btree (achived_rank_pubg_id);


--
-- Name: booster_booster_achived_rank_rl_id_d546e84c; Type: INDEX; Schema: public; Owner: postgres
--

CREATE INDEX booster_booster_achived_rank_rl_id_d546e84c ON public.booster_booster USING btree (achived_rank_rl_id);


--
-- Name: booster_booster_achived_rank_tft_id_b078c139; Type: INDEX; Schema: public; Owner: postgres
--

CREATE INDEX booster_booster_achived_rank_tft_id_b078c139 ON public.booster_booster USING btree (achived_rank_tft_id);


--
-- Name: booster_booster_achived_rank_valo_id_2ccdad88; Type: INDEX; Schema: public; Owner: postgres
--

CREATE INDEX booster_booster_achived_rank_valo_id_2ccdad88 ON public.booster_booster USING btree (achived_rank_valo_id);


--
-- Name: booster_booster_achived_rank_wow_id_2eac6791; Type: INDEX; Schema: public; Owner: postgres
--

CREATE INDEX booster_booster_achived_rank_wow_id_2eac6791 ON public.booster_booster USING btree (achived_rank_wow_id);


--
-- Name: booster_booster_achived_rank_wr_id_11ff46d8; Type: INDEX; Schema: public; Owner: postgres
--

CREATE INDEX booster_booster_achived_rank_wr_id_11ff46d8 ON public.booster_booster USING btree (achived_rank_wr_id);


--
-- Name: booster_booster_games_booster_id_3da6ea8f; Type: INDEX; Schema: public; Owner: postgres
--

CREATE INDEX booster_booster_games_booster_id_3da6ea8f ON public.booster_booster_games USING btree (booster_id);


--
-- Name: booster_booster_games_game_id_519ed347; Type: INDEX; Schema: public; Owner: postgres
--

CREATE INDEX booster_booster_games_game_id_519ed347 ON public.booster_booster_games USING btree (game_id);


--
-- Name: booster_booster_languages_booster_id_f08ceeab; Type: INDEX; Schema: public; Owner: postgres
--

CREATE INDEX booster_booster_languages_booster_id_f08ceeab ON public.booster_booster_languages USING btree (booster_id);


--
-- Name: booster_booster_languages_language_id_ea18514e; Type: INDEX; Schema: public; Owner: postgres
--

CREATE INDEX booster_booster_languages_language_id_ea18514e ON public.booster_booster_languages USING btree (language_id);


--
-- Name: booster_booster_paypal_account_8a88509e_like; Type: INDEX; Schema: public; Owner: postgres
--

CREATE INDEX booster_booster_paypal_account_8a88509e_like ON public.booster_booster USING btree (paypal_account varchar_pattern_ops);


--
-- Name: booster_boosterportfolio_booster_id_2354eaec; Type: INDEX; Schema: public; Owner: postgres
--

CREATE INDEX booster_boosterportfolio_booster_id_2354eaec ON public.booster_boosterportfolio USING btree (booster_id);


--
-- Name: booster_boosterrank_game_id_88391f6a; Type: INDEX; Schema: public; Owner: postgres
--

CREATE INDEX booster_boosterrank_game_id_88391f6a ON public.booster_boosterrank USING btree (game_id);


--
-- Name: booster_orderrating_booster_id_69abe792; Type: INDEX; Schema: public; Owner: postgres
--

CREATE INDEX booster_orderrating_booster_id_69abe792 ON public.booster_orderrating USING btree (booster_id);


--
-- Name: booster_orderrating_customer_id_49d62dcd; Type: INDEX; Schema: public; Owner: postgres
--

CREATE INDEX booster_orderrating_customer_id_49d62dcd ON public.booster_orderrating USING btree (customer_id);


--
-- Name: booster_photo_booster_id_4184adaf; Type: INDEX; Schema: public; Owner: postgres
--

CREATE INDEX booster_photo_booster_id_4184adaf ON public.booster_photo USING btree (booster_id);


--
-- Name: booster_workwithus_game_game_id_6302ea59; Type: INDEX; Schema: public; Owner: postgres
--

CREATE INDEX booster_workwithus_game_game_id_6302ea59 ON public.booster_workwithus_game USING btree (game_id);


--
-- Name: booster_workwithus_game_workwithus_id_3c1f1c88; Type: INDEX; Schema: public; Owner: postgres
--

CREATE INDEX booster_workwithus_game_workwithus_id_3c1f1c88 ON public.booster_workwithus_game USING btree (workwithus_id);


--
-- Name: booster_workwithus_languages_language_id_bf70271f; Type: INDEX; Schema: public; Owner: postgres
--

CREATE INDEX booster_workwithus_languages_language_id_bf70271f ON public.booster_workwithus_languages USING btree (language_id);


--
-- Name: booster_workwithus_languages_workwithus_id_35046065; Type: INDEX; Schema: public; Owner: postgres
--

CREATE INDEX booster_workwithus_languages_workwithus_id_35046065 ON public.booster_workwithus_languages USING btree (workwithus_id);


--
-- Name: chat_message_room_id_5e7d8d78; Type: INDEX; Schema: public; Owner: postgres
--

CREATE INDEX chat_message_room_id_5e7d8d78 ON public.chat_message USING btree (room_id);


--
-- Name: chat_message_user_id_a47c01bb; Type: INDEX; Schema: public; Owner: postgres
--

CREATE INDEX chat_message_user_id_a47c01bb ON public.chat_message USING btree (user_id);


--
-- Name: chat_room_booster_id_d164408b; Type: INDEX; Schema: public; Owner: postgres
--

CREATE INDEX chat_room_booster_id_d164408b ON public.chat_room USING btree (booster_id);


--
-- Name: chat_room_customer_id_ab67254c; Type: INDEX; Schema: public; Owner: postgres
--

CREATE INDEX chat_room_customer_id_ab67254c ON public.chat_room USING btree (customer_id);


--
-- Name: chat_room_name_b29f2bdd_like; Type: INDEX; Schema: public; Owner: postgres
--

CREATE INDEX chat_room_name_b29f2bdd_like ON public.chat_room USING btree (name varchar_pattern_ops);


--
-- Name: chat_room_slug_18a60518_like; Type: INDEX; Schema: public; Owner: postgres
--

CREATE INDEX chat_room_slug_18a60518_like ON public.chat_room USING btree (slug varchar_pattern_ops);


--
-- Name: cryptocurrency_payment_cry_content_type_id_7c552a1d; Type: INDEX; Schema: public; Owner: postgres
--

CREATE INDEX cryptocurrency_payment_cry_content_type_id_7c552a1d ON public.cryptocurrency_payment_cryptocurrencypayment USING btree (content_type_id);


--
-- Name: cryptocurrency_payment_cryptocurrencypayment_user_id_8286fd7d; Type: INDEX; Schema: public; Owner: postgres
--

CREATE INDEX cryptocurrency_payment_cryptocurrencypayment_user_id_8286fd7d ON public.cryptocurrency_payment_cryptocurrencypayment USING btree (user_id);


--
-- Name: csgo2_csgo2divisionorder_current_rank_id_a7af4c83; Type: INDEX; Schema: public; Owner: postgres
--

CREATE INDEX csgo2_csgo2divisionorder_current_rank_id_a7af4c83 ON public.csgo2_csgo2divisionorder USING btree (current_rank_id);


--
-- Name: csgo2_csgo2divisionorder_desired_rank_id_9c0c8a5b; Type: INDEX; Schema: public; Owner: postgres
--

CREATE INDEX csgo2_csgo2divisionorder_desired_rank_id_9c0c8a5b ON public.csgo2_csgo2divisionorder USING btree (desired_rank_id);


--
-- Name: csgo2_csgo2divisionorder_reached_rank_id_5a52e4a1; Type: INDEX; Schema: public; Owner: postgres
--

CREATE INDEX csgo2_csgo2divisionorder_reached_rank_id_5a52e4a1 ON public.csgo2_csgo2divisionorder USING btree (reached_rank_id);


--
-- Name: csgo2_csgo2premierorder_current_rank_id_e5098830; Type: INDEX; Schema: public; Owner: postgres
--

CREATE INDEX csgo2_csgo2premierorder_current_rank_id_e5098830 ON public.csgo2_csgo2premierorder USING btree (current_rank_id);


--
-- Name: csgo2_csgo2premierorder_desired_rank_id_0401335c; Type: INDEX; Schema: public; Owner: postgres
--

CREATE INDEX csgo2_csgo2premierorder_desired_rank_id_0401335c ON public.csgo2_csgo2premierorder USING btree (desired_rank_id);


--
-- Name: csgo2_csgo2premierorder_reached_rank_id_85168dc6; Type: INDEX; Schema: public; Owner: postgres
--

CREATE INDEX csgo2_csgo2premierorder_reached_rank_id_85168dc6 ON public.csgo2_csgo2premierorder USING btree (reached_rank_id);


--
-- Name: customer_champion_game_id_ac3c823b; Type: INDEX; Schema: public; Owner: postgres
--

CREATE INDEX customer_champion_game_id_ac3c823b ON public.customer_champion USING btree (game_id);


--
-- Name: customer_customorder_customer_id_b4cbf866; Type: INDEX; Schema: public; Owner: postgres
--

CREATE INDEX customer_customorder_customer_id_b4cbf866 ON public.customer_customorder USING btree (customer_id);


--
-- Name: customer_customorder_game_id_067ffee1; Type: INDEX; Schema: public; Owner: postgres
--

CREATE INDEX customer_customorder_game_id_067ffee1 ON public.customer_customorder USING btree (game_id);


--
-- Name: dashboard_adminlogentry_user_id_fb2e3acb; Type: INDEX; Schema: public; Owner: postgres
--

CREATE INDEX dashboard_adminlogentry_user_id_fb2e3acb ON public.dashboard_adminlogentry USING btree (user_id);


--
-- Name: django_admin_log_content_type_id_c4bce8eb; Type: INDEX; Schema: public; Owner: postgres
--

CREATE INDEX django_admin_log_content_type_id_c4bce8eb ON public.django_admin_log USING btree (content_type_id);


--
-- Name: django_admin_log_user_id_c564eba6; Type: INDEX; Schema: public; Owner: postgres
--

CREATE INDEX django_admin_log_user_id_c564eba6 ON public.django_admin_log USING btree (user_id);


--
-- Name: django_q_task_id_32882367_like; Type: INDEX; Schema: public; Owner: postgres
--

CREATE INDEX django_q_task_id_32882367_like ON public.django_q_task USING btree (id varchar_pattern_ops);


--
-- Name: django_session_expire_date_a5c62663; Type: INDEX; Schema: public; Owner: postgres
--

CREATE INDEX django_session_expire_date_a5c62663 ON public.django_session USING btree (expire_date);


--
-- Name: django_session_session_key_c0390e0f_like; Type: INDEX; Schema: public; Owner: postgres
--

CREATE INDEX django_session_session_key_c0390e0f_like ON public.django_session USING btree (session_key varchar_pattern_ops);


--
-- Name: dota2_dota2placementorder_last_rank_id_c8f3135d; Type: INDEX; Schema: public; Owner: postgres
--

CREATE INDEX dota2_dota2placementorder_last_rank_id_c8f3135d ON public.dota2_dota2placementorder USING btree (last_rank_id);


--
-- Name: dota2_dota2rankboostorder_current_rank_id_75164532; Type: INDEX; Schema: public; Owner: postgres
--

CREATE INDEX dota2_dota2rankboostorder_current_rank_id_75164532 ON public.dota2_dota2rankboostorder USING btree (current_rank_id);


--
-- Name: dota2_dota2rankboostorder_desired_rank_id_ed3f8ad6; Type: INDEX; Schema: public; Owner: postgres
--

CREATE INDEX dota2_dota2rankboostorder_desired_rank_id_ed3f8ad6 ON public.dota2_dota2rankboostorder USING btree (desired_rank_id);


--
-- Name: dota2_dota2rankboostorder_reached_rank_id_759d004a; Type: INDEX; Schema: public; Owner: postgres
--

CREATE INDEX dota2_dota2rankboostorder_reached_rank_id_759d004a ON public.dota2_dota2rankboostorder USING btree (reached_rank_id);


--
-- Name: hearthstone_hearthstonedivisionorder_current_rank_id_c621ec11; Type: INDEX; Schema: public; Owner: postgres
--

CREATE INDEX hearthstone_hearthstonedivisionorder_current_rank_id_c621ec11 ON public.hearthstone_hearthstonedivisionorder USING btree (current_rank_id);


--
-- Name: hearthstone_hearthstonedivisionorder_desired_rank_id_ff6a77a5; Type: INDEX; Schema: public; Owner: postgres
--

CREATE INDEX hearthstone_hearthstonedivisionorder_desired_rank_id_ff6a77a5 ON public.hearthstone_hearthstonedivisionorder USING btree (desired_rank_id);


--
-- Name: hearthstone_hearthstonedivisionorder_reached_rank_id_0c74e877; Type: INDEX; Schema: public; Owner: postgres
--

CREATE INDEX hearthstone_hearthstonedivisionorder_reached_rank_id_0c74e877 ON public.hearthstone_hearthstonedivisionorder USING btree (reached_rank_id);


--
-- Name: honorOfKings_honorofkingsdivisionorder_current_rank_id_aae934a2; Type: INDEX; Schema: public; Owner: postgres
--

CREATE INDEX "honorOfKings_honorofkingsdivisionorder_current_rank_id_aae934a2" ON public."honorOfKings_honorofkingsdivisionorder" USING btree (current_rank_id);


--
-- Name: honorOfKings_honorofkingsdivisionorder_desired_rank_id_c38b44ee; Type: INDEX; Schema: public; Owner: postgres
--

CREATE INDEX "honorOfKings_honorofkingsdivisionorder_desired_rank_id_c38b44ee" ON public."honorOfKings_honorofkingsdivisionorder" USING btree (desired_rank_id);


--
-- Name: honorOfKings_honorofkingsdivisionorder_reached_rank_id_f73d2991; Type: INDEX; Schema: public; Owner: postgres
--

CREATE INDEX "honorOfKings_honorofkingsdivisionorder_reached_rank_id_f73d2991" ON public."honorOfKings_honorofkingsdivisionorder" USING btree (reached_rank_id);


--
-- Name: leagueOfLegends_leagueofle_champion_id_4ab40e7d; Type: INDEX; Schema: public; Owner: postgres
--

CREATE INDEX "leagueOfLegends_leagueofle_champion_id_4ab40e7d" ON public."leagueOfLegends_leagueoflegendsplacementorder_champions" USING btree (champion_id);


--
-- Name: leagueOfLegends_leagueofle_champion_id_da5a8bfe; Type: INDEX; Schema: public; Owner: postgres
--

CREATE INDEX "leagueOfLegends_leagueofle_champion_id_da5a8bfe" ON public."leagueOfLegends_leagueoflegendsdivisionorder_champions" USING btree (champion_id);


--
-- Name: leagueOfLegends_leagueofle_current_rank_id_84540d75; Type: INDEX; Schema: public; Owner: postgres
--

CREATE INDEX "leagueOfLegends_leagueofle_current_rank_id_84540d75" ON public."leagueOfLegends_leagueoflegendsdivisionorder" USING btree (current_rank_id);


--
-- Name: leagueOfLegends_leagueofle_desired_rank_id_f896e284; Type: INDEX; Schema: public; Owner: postgres
--

CREATE INDEX "leagueOfLegends_leagueofle_desired_rank_id_f896e284" ON public."leagueOfLegends_leagueoflegendsdivisionorder" USING btree (desired_rank_id);


--
-- Name: leagueOfLegends_leagueofle_last_rank_id_6f4bd220; Type: INDEX; Schema: public; Owner: postgres
--

CREATE INDEX "leagueOfLegends_leagueofle_last_rank_id_6f4bd220" ON public."leagueOfLegends_leagueoflegendsplacementorder" USING btree (last_rank_id);


--
-- Name: leagueOfLegends_leagueofle_leagueoflegendsdivisionord_144df8d0; Type: INDEX; Schema: public; Owner: postgres
--

CREATE INDEX "leagueOfLegends_leagueofle_leagueoflegendsdivisionord_144df8d0" ON public."leagueOfLegends_leagueoflegendsdivisionorder_champions" USING btree (leagueoflegendsdivisionorder_id);


--
-- Name: leagueOfLegends_leagueofle_leagueoflegendsplacementor_e9d6c47a; Type: INDEX; Schema: public; Owner: postgres
--

CREATE INDEX "leagueOfLegends_leagueofle_leagueoflegendsplacementor_e9d6c47a" ON public."leagueOfLegends_leagueoflegendsplacementorder_champions" USING btree (leagueoflegendsplacementorder_id);


--
-- Name: leagueOfLegends_leagueofle_reached_rank_id_9ab5a5ff; Type: INDEX; Schema: public; Owner: postgres
--

CREATE INDEX "leagueOfLegends_leagueofle_reached_rank_id_9ab5a5ff" ON public."leagueOfLegends_leagueoflegendsdivisionorder" USING btree (reached_rank_id);


--
-- Name: mobileLegends_mobilelegend_current_rank_id_6d3a4603; Type: INDEX; Schema: public; Owner: postgres
--

CREATE INDEX "mobileLegends_mobilelegend_current_rank_id_6d3a4603" ON public."mobileLegends_mobilelegendsdivisionorder" USING btree (current_rank_id);


--
-- Name: mobileLegends_mobilelegend_desired_rank_id_aec9cdda; Type: INDEX; Schema: public; Owner: postgres
--

CREATE INDEX "mobileLegends_mobilelegend_desired_rank_id_aec9cdda" ON public."mobileLegends_mobilelegendsdivisionorder" USING btree (desired_rank_id);


--
-- Name: mobileLegends_mobilelegend_reached_rank_id_6d3a9f1a; Type: INDEX; Schema: public; Owner: postgres
--

CREATE INDEX "mobileLegends_mobilelegend_reached_rank_id_6d3a9f1a" ON public."mobileLegends_mobilelegendsdivisionorder" USING btree (reached_rank_id);


--
-- Name: mobileLegends_mobilelegendsplacementorder_last_rank_id_ecca2130; Type: INDEX; Schema: public; Owner: postgres
--

CREATE INDEX "mobileLegends_mobilelegendsplacementorder_last_rank_id_ecca2130" ON public."mobileLegends_mobilelegendsplacementorder" USING btree (last_rank_id);


--
-- Name: news_subheader_blog_id_595fee52; Type: INDEX; Schema: public; Owner: postgres
--

CREATE INDEX news_subheader_blog_id_595fee52 ON public.news_subheader USING btree (blog_id);


--
-- Name: oauth2_provider_accesstoken_application_id_b22886e1; Type: INDEX; Schema: public; Owner: postgres
--

CREATE INDEX oauth2_provider_accesstoken_application_id_b22886e1 ON public.oauth2_provider_accesstoken USING btree (application_id);


--
-- Name: oauth2_provider_accesstoken_token_8af090f8_like; Type: INDEX; Schema: public; Owner: postgres
--

CREATE INDEX oauth2_provider_accesstoken_token_8af090f8_like ON public.oauth2_provider_accesstoken USING btree (token varchar_pattern_ops);


--
-- Name: oauth2_provider_accesstoken_user_id_6e4c9a65; Type: INDEX; Schema: public; Owner: postgres
--

CREATE INDEX oauth2_provider_accesstoken_user_id_6e4c9a65 ON public.oauth2_provider_accesstoken USING btree (user_id);


--
-- Name: oauth2_provider_application_client_id_03f0cc84_like; Type: INDEX; Schema: public; Owner: postgres
--

CREATE INDEX oauth2_provider_application_client_id_03f0cc84_like ON public.oauth2_provider_application USING btree (client_id varchar_pattern_ops);


--
-- Name: oauth2_provider_application_client_secret_53133678; Type: INDEX; Schema: public; Owner: postgres
--

CREATE INDEX oauth2_provider_application_client_secret_53133678 ON public.oauth2_provider_application USING btree (client_secret);


--
-- Name: oauth2_provider_application_client_secret_53133678_like; Type: INDEX; Schema: public; Owner: postgres
--

CREATE INDEX oauth2_provider_application_client_secret_53133678_like ON public.oauth2_provider_application USING btree (client_secret varchar_pattern_ops);


--
-- Name: oauth2_provider_application_user_id_79829054; Type: INDEX; Schema: public; Owner: postgres
--

CREATE INDEX oauth2_provider_application_user_id_79829054 ON public.oauth2_provider_application USING btree (user_id);


--
-- Name: oauth2_provider_grant_application_id_81923564; Type: INDEX; Schema: public; Owner: postgres
--

CREATE INDEX oauth2_provider_grant_application_id_81923564 ON public.oauth2_provider_grant USING btree (application_id);


--
-- Name: oauth2_provider_grant_code_49ab4ddf_like; Type: INDEX; Schema: public; Owner: postgres
--

CREATE INDEX oauth2_provider_grant_code_49ab4ddf_like ON public.oauth2_provider_grant USING btree (code varchar_pattern_ops);


--
-- Name: oauth2_provider_grant_user_id_e8f62af8; Type: INDEX; Schema: public; Owner: postgres
--

CREATE INDEX oauth2_provider_grant_user_id_e8f62af8 ON public.oauth2_provider_grant USING btree (user_id);


--
-- Name: oauth2_provider_idtoken_application_id_08c5ff4f; Type: INDEX; Schema: public; Owner: postgres
--

CREATE INDEX oauth2_provider_idtoken_application_id_08c5ff4f ON public.oauth2_provider_idtoken USING btree (application_id);


--
-- Name: oauth2_provider_idtoken_user_id_dd512b59; Type: INDEX; Schema: public; Owner: postgres
--

CREATE INDEX oauth2_provider_idtoken_user_id_dd512b59 ON public.oauth2_provider_idtoken USING btree (user_id);


--
-- Name: oauth2_provider_refreshtoken_application_id_2d1c311b; Type: INDEX; Schema: public; Owner: postgres
--

CREATE INDEX oauth2_provider_refreshtoken_application_id_2d1c311b ON public.oauth2_provider_refreshtoken USING btree (application_id);


--
-- Name: oauth2_provider_refreshtoken_user_id_da837fce; Type: INDEX; Schema: public; Owner: postgres
--

CREATE INDEX oauth2_provider_refreshtoken_user_id_da837fce ON public.oauth2_provider_refreshtoken USING btree (user_id);


--
-- Name: overwatch2_overwatch2divisionorder_current_rank_id_1dc1987b; Type: INDEX; Schema: public; Owner: postgres
--

CREATE INDEX overwatch2_overwatch2divisionorder_current_rank_id_1dc1987b ON public.overwatch2_overwatch2divisionorder USING btree (current_rank_id);


--
-- Name: overwatch2_overwatch2divisionorder_desired_rank_id_221eedd3; Type: INDEX; Schema: public; Owner: postgres
--

CREATE INDEX overwatch2_overwatch2divisionorder_desired_rank_id_221eedd3 ON public.overwatch2_overwatch2divisionorder USING btree (desired_rank_id);


--
-- Name: overwatch2_overwatch2divisionorder_reached_rank_id_8ffe999f; Type: INDEX; Schema: public; Owner: postgres
--

CREATE INDEX overwatch2_overwatch2divisionorder_reached_rank_id_8ffe999f ON public.overwatch2_overwatch2divisionorder USING btree (reached_rank_id);


--
-- Name: overwatch2_overwatch2placementorder_last_rank_id_33659818; Type: INDEX; Schema: public; Owner: postgres
--

CREATE INDEX overwatch2_overwatch2placementorder_last_rank_id_33659818 ON public.overwatch2_overwatch2placementorder USING btree (last_rank_id);


--
-- Name: paypal_ipn_txn_id_8fa22c44; Type: INDEX; Schema: public; Owner: postgres
--

CREATE INDEX paypal_ipn_txn_id_8fa22c44 ON public.paypal_ipn USING btree (txn_id);


--
-- Name: paypal_ipn_txn_id_8fa22c44_like; Type: INDEX; Schema: public; Owner: postgres
--

CREATE INDEX paypal_ipn_txn_id_8fa22c44_like ON public.paypal_ipn USING btree (txn_id varchar_pattern_ops);


--
-- Name: pubg_pubgdivisionorder_current_rank_id_73aaeae2; Type: INDEX; Schema: public; Owner: postgres
--

CREATE INDEX pubg_pubgdivisionorder_current_rank_id_73aaeae2 ON public.pubg_pubgdivisionorder USING btree (current_rank_id);


--
-- Name: pubg_pubgdivisionorder_desired_rank_id_6a2873e4; Type: INDEX; Schema: public; Owner: postgres
--

CREATE INDEX pubg_pubgdivisionorder_desired_rank_id_6a2873e4 ON public.pubg_pubgdivisionorder USING btree (desired_rank_id);


--
-- Name: pubg_pubgdivisionorder_reached_rank_id_957abf2d; Type: INDEX; Schema: public; Owner: postgres
--

CREATE INDEX pubg_pubgdivisionorder_reached_rank_id_957abf2d ON public.pubg_pubgdivisionorder USING btree (reached_rank_id);


--
-- Name: rocketLeague_rocketleaguedivisionorder_current_rank_id_65b51d5c; Type: INDEX; Schema: public; Owner: postgres
--

CREATE INDEX "rocketLeague_rocketleaguedivisionorder_current_rank_id_65b51d5c" ON public."rocketLeague_rocketleaguedivisionorder" USING btree (current_rank_id);


--
-- Name: rocketLeague_rocketleaguedivisionorder_desired_rank_id_3656bc9f; Type: INDEX; Schema: public; Owner: postgres
--

CREATE INDEX "rocketLeague_rocketleaguedivisionorder_desired_rank_id_3656bc9f" ON public."rocketLeague_rocketleaguedivisionorder" USING btree (desired_rank_id);


--
-- Name: rocketLeague_rocketleaguedivisionorder_reached_rank_id_3fdc3749; Type: INDEX; Schema: public; Owner: postgres
--

CREATE INDEX "rocketLeague_rocketleaguedivisionorder_reached_rank_id_3fdc3749" ON public."rocketLeague_rocketleaguedivisionorder" USING btree (reached_rank_id);


--
-- Name: rocketLeague_rocketleagueplacementorder_last_rank_id_9167d00f; Type: INDEX; Schema: public; Owner: postgres
--

CREATE INDEX "rocketLeague_rocketleagueplacementorder_last_rank_id_9167d00f" ON public."rocketLeague_rocketleagueplacementorder" USING btree (last_rank_id);


--
-- Name: rocketLeague_rocketleagueseasonalorder_current_rank_id_beb14ae6; Type: INDEX; Schema: public; Owner: postgres
--

CREATE INDEX "rocketLeague_rocketleagueseasonalorder_current_rank_id_beb14ae6" ON public."rocketLeague_rocketleagueseasonalorder" USING btree (current_rank_id);


--
-- Name: rocketLeague_rocketleaguet_current_league_id_10ebf2bd; Type: INDEX; Schema: public; Owner: postgres
--

CREATE INDEX "rocketLeague_rocketleaguet_current_league_id_10ebf2bd" ON public."rocketLeague_rocketleaguetournamentorder" USING btree (current_league_id);


--
-- Name: social_auth_code_code_a2393167; Type: INDEX; Schema: public; Owner: postgres
--

CREATE INDEX social_auth_code_code_a2393167 ON public.social_auth_code USING btree (code);


--
-- Name: social_auth_code_code_a2393167_like; Type: INDEX; Schema: public; Owner: postgres
--

CREATE INDEX social_auth_code_code_a2393167_like ON public.social_auth_code USING btree (code varchar_pattern_ops);


--
-- Name: social_auth_code_timestamp_176b341f; Type: INDEX; Schema: public; Owner: postgres
--

CREATE INDEX social_auth_code_timestamp_176b341f ON public.social_auth_code USING btree ("timestamp");


--
-- Name: social_auth_partial_timestamp_50f2119f; Type: INDEX; Schema: public; Owner: postgres
--

CREATE INDEX social_auth_partial_timestamp_50f2119f ON public.social_auth_partial USING btree ("timestamp");


--
-- Name: social_auth_partial_token_3017fea3; Type: INDEX; Schema: public; Owner: postgres
--

CREATE INDEX social_auth_partial_token_3017fea3 ON public.social_auth_partial USING btree (token);


--
-- Name: social_auth_partial_token_3017fea3_like; Type: INDEX; Schema: public; Owner: postgres
--

CREATE INDEX social_auth_partial_token_3017fea3_like ON public.social_auth_partial USING btree (token varchar_pattern_ops);


--
-- Name: social_auth_usersocialauth_uid_796e51dc; Type: INDEX; Schema: public; Owner: postgres
--

CREATE INDEX social_auth_usersocialauth_uid_796e51dc ON public.social_auth_usersocialauth USING btree (uid);


--
-- Name: social_auth_usersocialauth_uid_796e51dc_like; Type: INDEX; Schema: public; Owner: postgres
--

CREATE INDEX social_auth_usersocialauth_uid_796e51dc_like ON public.social_auth_usersocialauth USING btree (uid varchar_pattern_ops);


--
-- Name: social_auth_usersocialauth_user_id_17d28448; Type: INDEX; Schema: public; Owner: postgres
--

CREATE INDEX social_auth_usersocialauth_user_id_17d28448 ON public.social_auth_usersocialauth USING btree (user_id);


--
-- Name: socialaccount_socialaccount_user_id_8146e70c; Type: INDEX; Schema: public; Owner: postgres
--

CREATE INDEX socialaccount_socialaccount_user_id_8146e70c ON public.socialaccount_socialaccount USING btree (user_id);


--
-- Name: socialaccount_socialtoken_account_id_951f210e; Type: INDEX; Schema: public; Owner: postgres
--

CREATE INDEX socialaccount_socialtoken_account_id_951f210e ON public.socialaccount_socialtoken USING btree (account_id);


--
-- Name: socialaccount_socialtoken_app_id_636a42d7; Type: INDEX; Schema: public; Owner: postgres
--

CREATE INDEX socialaccount_socialtoken_app_id_636a42d7 ON public.socialaccount_socialtoken USING btree (app_id);


--
-- Name: tft_tftdivisionorder_current_rank_id_eb5619c1; Type: INDEX; Schema: public; Owner: postgres
--

CREATE INDEX tft_tftdivisionorder_current_rank_id_eb5619c1 ON public.tft_tftdivisionorder USING btree (current_rank_id);


--
-- Name: tft_tftdivisionorder_desired_rank_id_f672253d; Type: INDEX; Schema: public; Owner: postgres
--

CREATE INDEX tft_tftdivisionorder_desired_rank_id_f672253d ON public.tft_tftdivisionorder USING btree (desired_rank_id);


--
-- Name: tft_tftdivisionorder_reached_rank_id_58d06cc5; Type: INDEX; Schema: public; Owner: postgres
--

CREATE INDEX tft_tftdivisionorder_reached_rank_id_58d06cc5 ON public.tft_tftdivisionorder USING btree (reached_rank_id);


--
-- Name: tft_tftplacementorder_last_rank_id_bab7cf57; Type: INDEX; Schema: public; Owner: postgres
--

CREATE INDEX tft_tftplacementorder_last_rank_id_bab7cf57 ON public.tft_tftplacementorder USING btree (last_rank_id);


--
-- Name: unique_verified_email; Type: INDEX; Schema: public; Owner: postgres
--

CREATE UNIQUE INDEX unique_verified_email ON public.account_emailaddress USING btree (email) WHERE verified;


--
-- Name: valorant_valorantdivisiono_valorantdivisionorder_id_e97ec4bc; Type: INDEX; Schema: public; Owner: postgres
--

CREATE INDEX valorant_valorantdivisiono_valorantdivisionorder_id_e97ec4bc ON public.valorant_valorantdivisionorder_champions USING btree (valorantdivisionorder_id);


--
-- Name: valorant_valorantdivisionorder_champions_champion_id_333b6637; Type: INDEX; Schema: public; Owner: postgres
--

CREATE INDEX valorant_valorantdivisionorder_champions_champion_id_333b6637 ON public.valorant_valorantdivisionorder_champions USING btree (champion_id);


--
-- Name: valorant_valorantdivisionorder_current_rank_id_8f45968a; Type: INDEX; Schema: public; Owner: postgres
--

CREATE INDEX valorant_valorantdivisionorder_current_rank_id_8f45968a ON public.valorant_valorantdivisionorder USING btree (current_rank_id);


--
-- Name: valorant_valorantdivisionorder_desired_rank_id_65d5a2c8; Type: INDEX; Schema: public; Owner: postgres
--

CREATE INDEX valorant_valorantdivisionorder_desired_rank_id_65d5a2c8 ON public.valorant_valorantdivisionorder USING btree (desired_rank_id);


--
-- Name: valorant_valorantdivisionorder_reached_rank_id_7a1c9071; Type: INDEX; Schema: public; Owner: postgres
--

CREATE INDEX valorant_valorantdivisionorder_reached_rank_id_7a1c9071 ON public.valorant_valorantdivisionorder USING btree (reached_rank_id);


--
-- Name: valorant_valorantplacement_valorantplacementorder_id_9592d778; Type: INDEX; Schema: public; Owner: postgres
--

CREATE INDEX valorant_valorantplacement_valorantplacementorder_id_9592d778 ON public.valorant_valorantplacementorder_champions USING btree (valorantplacementorder_id);


--
-- Name: valorant_valorantplacementorder_champions_champion_id_8b6a0e60; Type: INDEX; Schema: public; Owner: postgres
--

CREATE INDEX valorant_valorantplacementorder_champions_champion_id_8b6a0e60 ON public.valorant_valorantplacementorder_champions USING btree (champion_id);


--
-- Name: valorant_valorantplacementorder_last_rank_id_fc7e3943; Type: INDEX; Schema: public; Owner: postgres
--

CREATE INDEX valorant_valorantplacementorder_last_rank_id_fc7e3943 ON public.valorant_valorantplacementorder USING btree (last_rank_id);


--
-- Name: wildRift_wildriftdivisiono_wildriftdivisionorder_id_8da14524; Type: INDEX; Schema: public; Owner: postgres
--

CREATE INDEX "wildRift_wildriftdivisiono_wildriftdivisionorder_id_8da14524" ON public."wildRift_wildriftdivisionorder_champions" USING btree (wildriftdivisionorder_id);


--
-- Name: wildRift_wildriftdivisionorder_champions_champion_id_1a737338; Type: INDEX; Schema: public; Owner: postgres
--

CREATE INDEX "wildRift_wildriftdivisionorder_champions_champion_id_1a737338" ON public."wildRift_wildriftdivisionorder_champions" USING btree (champion_id);


--
-- Name: wildRift_wildriftdivisionorder_current_rank_id_eeb8c418; Type: INDEX; Schema: public; Owner: postgres
--

CREATE INDEX "wildRift_wildriftdivisionorder_current_rank_id_eeb8c418" ON public."wildRift_wildriftdivisionorder" USING btree (current_rank_id);


--
-- Name: wildRift_wildriftdivisionorder_desired_rank_id_83bbbd8c; Type: INDEX; Schema: public; Owner: postgres
--

CREATE INDEX "wildRift_wildriftdivisionorder_desired_rank_id_83bbbd8c" ON public."wildRift_wildriftdivisionorder" USING btree (desired_rank_id);


--
-- Name: wildRift_wildriftdivisionorder_reached_rank_id_9b5992f0; Type: INDEX; Schema: public; Owner: postgres
--

CREATE INDEX "wildRift_wildriftdivisionorder_reached_rank_id_9b5992f0" ON public."wildRift_wildriftdivisionorder" USING btree (reached_rank_id);


--
-- Name: WorldOfWarcraft_worldofwarcraftarenaboostorder WorldOfWarcraft_worl_current_rank_id_d8efa47d_fk_WorldOfWa; Type: FK CONSTRAINT; Schema: public; Owner: postgres
--

ALTER TABLE ONLY public."WorldOfWarcraft_worldofwarcraftarenaboostorder"
    ADD CONSTRAINT "WorldOfWarcraft_worl_current_rank_id_d8efa47d_fk_WorldOfWa" FOREIGN KEY (current_rank_id) REFERENCES public."WorldOfWarcraft_worldofwarcraftrank"(id) DEFERRABLE INITIALLY DEFERRED;


--
-- Name: WorldOfWarcraft_worldofwarcraftarenaboostorder WorldOfWarcraft_worl_desired_rank_id_1644bbcf_fk_WorldOfWa; Type: FK CONSTRAINT; Schema: public; Owner: postgres
--

ALTER TABLE ONLY public."WorldOfWarcraft_worldofwarcraftarenaboostorder"
    ADD CONSTRAINT "WorldOfWarcraft_worl_desired_rank_id_1644bbcf_fk_WorldOfWa" FOREIGN KEY (desired_rank_id) REFERENCES public."WorldOfWarcraft_worldofwarcraftrank"(id) DEFERRABLE INITIALLY DEFERRED;


--
-- Name: WorldOfWarcraft_worldofwarcraftarenaboostorder WorldOfWarcraft_worl_order_id_72440d4c_fk_accounts_; Type: FK CONSTRAINT; Schema: public; Owner: postgres
--

ALTER TABLE ONLY public."WorldOfWarcraft_worldofwarcraftarenaboostorder"
    ADD CONSTRAINT "WorldOfWarcraft_worl_order_id_72440d4c_fk_accounts_" FOREIGN KEY (order_id) REFERENCES public.accounts_baseorder(id) DEFERRABLE INITIALLY DEFERRED;


--
-- Name: WorldOfWarcraft_worldofwarcraftarenaboostorder WorldOfWarcraft_worl_reached_rank_id_791b0874_fk_WorldOfWa; Type: FK CONSTRAINT; Schema: public; Owner: postgres
--

ALTER TABLE ONLY public."WorldOfWarcraft_worldofwarcraftarenaboostorder"
    ADD CONSTRAINT "WorldOfWarcraft_worl_reached_rank_id_791b0874_fk_WorldOfWa" FOREIGN KEY (reached_rank_id) REFERENCES public."WorldOfWarcraft_worldofwarcraftrank"(id) DEFERRABLE INITIALLY DEFERRED;


--
-- Name: account_emailaddress account_emailaddress_user_id_2c513194_fk_accounts_baseuser_id; Type: FK CONSTRAINT; Schema: public; Owner: postgres
--

ALTER TABLE ONLY public.account_emailaddress
    ADD CONSTRAINT account_emailaddress_user_id_2c513194_fk_accounts_baseuser_id FOREIGN KEY (user_id) REFERENCES public.accounts_baseuser(id) DEFERRABLE INITIALLY DEFERRED;


--
-- Name: account_emailconfirmation account_emailconfirm_email_address_id_5b7f8c58_fk_account_e; Type: FK CONSTRAINT; Schema: public; Owner: postgres
--

ALTER TABLE ONLY public.account_emailconfirmation
    ADD CONSTRAINT account_emailconfirm_email_address_id_5b7f8c58_fk_account_e FOREIGN KEY (email_address_id) REFERENCES public.account_emailaddress(id) DEFERRABLE INITIALLY DEFERRED;


--
-- Name: accounts_baseorder accounts_baseorder_booster_id_569a754b_fk_accounts_baseuser_id; Type: FK CONSTRAINT; Schema: public; Owner: postgres
--

ALTER TABLE ONLY public.accounts_baseorder
    ADD CONSTRAINT accounts_baseorder_booster_id_569a754b_fk_accounts_baseuser_id FOREIGN KEY (booster_id) REFERENCES public.accounts_baseuser(id) DEFERRABLE INITIALLY DEFERRED;


--
-- Name: accounts_baseorder accounts_baseorder_captcha_id_befa2d71_fk_accounts_captcha_id; Type: FK CONSTRAINT; Schema: public; Owner: postgres
--

ALTER TABLE ONLY public.accounts_baseorder
    ADD CONSTRAINT accounts_baseorder_captcha_id_befa2d71_fk_accounts_captcha_id FOREIGN KEY (captcha_id) REFERENCES public.accounts_captcha(id) DEFERRABLE INITIALLY DEFERRED;


--
-- Name: accounts_baseorder accounts_baseorder_content_type_id_767020bb_fk_django_co; Type: FK CONSTRAINT; Schema: public; Owner: postgres
--

ALTER TABLE ONLY public.accounts_baseorder
    ADD CONSTRAINT accounts_baseorder_content_type_id_767020bb_fk_django_co FOREIGN KEY (content_type_id) REFERENCES public.django_content_type(id) DEFERRABLE INITIALLY DEFERRED;


--
-- Name: accounts_baseorder accounts_baseorder_customer_id_dbbe68f7_fk_accounts_baseuser_id; Type: FK CONSTRAINT; Schema: public; Owner: postgres
--

ALTER TABLE ONLY public.accounts_baseorder
    ADD CONSTRAINT accounts_baseorder_customer_id_dbbe68f7_fk_accounts_baseuser_id FOREIGN KEY (customer_id) REFERENCES public.accounts_baseuser(id) DEFERRABLE INITIALLY DEFERRED;


--
-- Name: accounts_baseorder accounts_baseorder_game_id_7841ac99_fk_games_game_id; Type: FK CONSTRAINT; Schema: public; Owner: postgres
--

ALTER TABLE ONLY public.accounts_baseorder
    ADD CONSTRAINT accounts_baseorder_game_id_7841ac99_fk_games_game_id FOREIGN KEY (game_id) REFERENCES public.games_game(id) DEFERRABLE INITIALLY DEFERRED;


--
-- Name: accounts_baseorder accounts_baseorder_promo_code_id_c3eee5c9_fk_accounts_; Type: FK CONSTRAINT; Schema: public; Owner: postgres
--

ALTER TABLE ONLY public.accounts_baseorder
    ADD CONSTRAINT accounts_baseorder_promo_code_id_c3eee5c9_fk_accounts_ FOREIGN KEY (promo_code_id) REFERENCES public.accounts_promocode(id) DEFERRABLE INITIALLY DEFERRED;


--
-- Name: accounts_baseuser_groups accounts_baseuser_gr_baseuser_id_0354b26b_fk_accounts_; Type: FK CONSTRAINT; Schema: public; Owner: postgres
--

ALTER TABLE ONLY public.accounts_baseuser_groups
    ADD CONSTRAINT accounts_baseuser_gr_baseuser_id_0354b26b_fk_accounts_ FOREIGN KEY (baseuser_id) REFERENCES public.accounts_baseuser(id) DEFERRABLE INITIALLY DEFERRED;


--
-- Name: accounts_baseuser_groups accounts_baseuser_groups_group_id_e7e3aad3_fk_auth_group_id; Type: FK CONSTRAINT; Schema: public; Owner: postgres
--

ALTER TABLE ONLY public.accounts_baseuser_groups
    ADD CONSTRAINT accounts_baseuser_groups_group_id_e7e3aad3_fk_auth_group_id FOREIGN KEY (group_id) REFERENCES public.auth_group(id) DEFERRABLE INITIALLY DEFERRED;


--
-- Name: accounts_baseuser_user_permissions accounts_baseuser_us_baseuser_id_85c7c8b0_fk_accounts_; Type: FK CONSTRAINT; Schema: public; Owner: postgres
--

ALTER TABLE ONLY public.accounts_baseuser_user_permissions
    ADD CONSTRAINT accounts_baseuser_us_baseuser_id_85c7c8b0_fk_accounts_ FOREIGN KEY (baseuser_id) REFERENCES public.accounts_baseuser(id) DEFERRABLE INITIALLY DEFERRED;


--
-- Name: accounts_baseuser_user_permissions accounts_baseuser_us_permission_id_c39d0f01_fk_auth_perm; Type: FK CONSTRAINT; Schema: public; Owner: postgres
--

ALTER TABLE ONLY public.accounts_baseuser_user_permissions
    ADD CONSTRAINT accounts_baseuser_us_permission_id_c39d0f01_fk_auth_perm FOREIGN KEY (permission_id) REFERENCES public.auth_permission(id) DEFERRABLE INITIALLY DEFERRED;


--
-- Name: accounts_tokenforpay accounts_tokenforpay_user_id_cae66f46_fk_accounts_baseuser_id; Type: FK CONSTRAINT; Schema: public; Owner: postgres
--

ALTER TABLE ONLY public.accounts_tokenforpay
    ADD CONSTRAINT accounts_tokenforpay_user_id_cae66f46_fk_accounts_baseuser_id FOREIGN KEY (user_id) REFERENCES public.accounts_baseuser(id) DEFERRABLE INITIALLY DEFERRED;


--
-- Name: accounts_transaction accounts_transaction_order_id_0c183676_fk_accounts_baseorder_id; Type: FK CONSTRAINT; Schema: public; Owner: postgres
--

ALTER TABLE ONLY public.accounts_transaction
    ADD CONSTRAINT accounts_transaction_order_id_0c183676_fk_accounts_baseorder_id FOREIGN KEY (order_id) REFERENCES public.accounts_baseorder(id) DEFERRABLE INITIALLY DEFERRED;


--
-- Name: accounts_transaction accounts_transaction_tip_id_99c4ef69_fk_accounts_tip_data_id; Type: FK CONSTRAINT; Schema: public; Owner: postgres
--

ALTER TABLE ONLY public.accounts_transaction
    ADD CONSTRAINT accounts_transaction_tip_id_99c4ef69_fk_accounts_tip_data_id FOREIGN KEY (tip_id) REFERENCES public.accounts_tip_data(id) DEFERRABLE INITIALLY DEFERRED;


--
-- Name: accounts_transaction accounts_transaction_user_id_e9a98e81_fk_accounts_baseuser_id; Type: FK CONSTRAINT; Schema: public; Owner: postgres
--

ALTER TABLE ONLY public.accounts_transaction
    ADD CONSTRAINT accounts_transaction_user_id_e9a98e81_fk_accounts_baseuser_id FOREIGN KEY (user_id) REFERENCES public.accounts_baseuser(id) DEFERRABLE INITIALLY DEFERRED;


--
-- Name: accounts_wallet accounts_wallet_user_id_e646a316_fk_accounts_baseuser_id; Type: FK CONSTRAINT; Schema: public; Owner: postgres
--

ALTER TABLE ONLY public.accounts_wallet
    ADD CONSTRAINT accounts_wallet_user_id_e646a316_fk_accounts_baseuser_id FOREIGN KEY (user_id) REFERENCES public.accounts_baseuser(id) DEFERRABLE INITIALLY DEFERRED;


--
-- Name: auth_group_permissions auth_group_permissio_permission_id_84c5c92e_fk_auth_perm; Type: FK CONSTRAINT; Schema: public; Owner: postgres
--

ALTER TABLE ONLY public.auth_group_permissions
    ADD CONSTRAINT auth_group_permissio_permission_id_84c5c92e_fk_auth_perm FOREIGN KEY (permission_id) REFERENCES public.auth_permission(id) DEFERRABLE INITIALLY DEFERRED;


--
-- Name: auth_group_permissions auth_group_permissions_group_id_b120cbf9_fk_auth_group_id; Type: FK CONSTRAINT; Schema: public; Owner: postgres
--

ALTER TABLE ONLY public.auth_group_permissions
    ADD CONSTRAINT auth_group_permissions_group_id_b120cbf9_fk_auth_group_id FOREIGN KEY (group_id) REFERENCES public.auth_group(id) DEFERRABLE INITIALLY DEFERRED;


--
-- Name: auth_permission auth_permission_content_type_id_2f476e4b_fk_django_co; Type: FK CONSTRAINT; Schema: public; Owner: postgres
--

ALTER TABLE ONLY public.auth_permission
    ADD CONSTRAINT auth_permission_content_type_id_2f476e4b_fk_django_co FOREIGN KEY (content_type_id) REFERENCES public.django_content_type(id) DEFERRABLE INITIALLY DEFERRED;


--
-- Name: booster_booster booster_booster_achived_rank_csgo2_i_e86484bc_fk_booster_b; Type: FK CONSTRAINT; Schema: public; Owner: postgres
--

ALTER TABLE ONLY public.booster_booster
    ADD CONSTRAINT booster_booster_achived_rank_csgo2_i_e86484bc_fk_booster_b FOREIGN KEY (achived_rank_csgo2_id) REFERENCES public.booster_boosterrank(id) DEFERRABLE INITIALLY DEFERRED;


--
-- Name: booster_booster booster_booster_achived_rank_dota2_i_f29d0081_fk_booster_b; Type: FK CONSTRAINT; Schema: public; Owner: postgres
--

ALTER TABLE ONLY public.booster_booster
    ADD CONSTRAINT booster_booster_achived_rank_dota2_i_f29d0081_fk_booster_b FOREIGN KEY (achived_rank_dota2_id) REFERENCES public.booster_boosterrank(id) DEFERRABLE INITIALLY DEFERRED;


--
-- Name: booster_booster booster_booster_achived_rank_hearths_1058486c_fk_booster_b; Type: FK CONSTRAINT; Schema: public; Owner: postgres
--

ALTER TABLE ONLY public.booster_booster
    ADD CONSTRAINT booster_booster_achived_rank_hearths_1058486c_fk_booster_b FOREIGN KEY (achived_rank_hearthstone_id) REFERENCES public.booster_boosterrank(id) DEFERRABLE INITIALLY DEFERRED;


--
-- Name: booster_booster booster_booster_achived_rank_hok_id_91284673_fk_booster_b; Type: FK CONSTRAINT; Schema: public; Owner: postgres
--

ALTER TABLE ONLY public.booster_booster
    ADD CONSTRAINT booster_booster_achived_rank_hok_id_91284673_fk_booster_b FOREIGN KEY (achived_rank_hok_id) REFERENCES public.booster_boosterrank(id) DEFERRABLE INITIALLY DEFERRED;


--
-- Name: booster_booster booster_booster_achived_rank_lol_id_96339b06_fk_booster_b; Type: FK CONSTRAINT; Schema: public; Owner: postgres
--

ALTER TABLE ONLY public.booster_booster
    ADD CONSTRAINT booster_booster_achived_rank_lol_id_96339b06_fk_booster_b FOREIGN KEY (achived_rank_lol_id) REFERENCES public.booster_boosterrank(id) DEFERRABLE INITIALLY DEFERRED;


--
-- Name: booster_booster booster_booster_achived_rank_mobleg__22aa009b_fk_booster_b; Type: FK CONSTRAINT; Schema: public; Owner: postgres
--

ALTER TABLE ONLY public.booster_booster
    ADD CONSTRAINT booster_booster_achived_rank_mobleg__22aa009b_fk_booster_b FOREIGN KEY (achived_rank_mobleg_id) REFERENCES public.booster_boosterrank(id) DEFERRABLE INITIALLY DEFERRED;


--
-- Name: booster_booster booster_booster_achived_rank_overwat_4cabe11c_fk_booster_b; Type: FK CONSTRAINT; Schema: public; Owner: postgres
--

ALTER TABLE ONLY public.booster_booster
    ADD CONSTRAINT booster_booster_achived_rank_overwat_4cabe11c_fk_booster_b FOREIGN KEY (achived_rank_overwatch2_id) REFERENCES public.booster_boosterrank(id) DEFERRABLE INITIALLY DEFERRED;


--
-- Name: booster_booster booster_booster_achived_rank_pubg_id_6878652b_fk_booster_b; Type: FK CONSTRAINT; Schema: public; Owner: postgres
--

ALTER TABLE ONLY public.booster_booster
    ADD CONSTRAINT booster_booster_achived_rank_pubg_id_6878652b_fk_booster_b FOREIGN KEY (achived_rank_pubg_id) REFERENCES public.booster_boosterrank(id) DEFERRABLE INITIALLY DEFERRED;


--
-- Name: booster_booster booster_booster_achived_rank_rl_id_d546e84c_fk_booster_b; Type: FK CONSTRAINT; Schema: public; Owner: postgres
--

ALTER TABLE ONLY public.booster_booster
    ADD CONSTRAINT booster_booster_achived_rank_rl_id_d546e84c_fk_booster_b FOREIGN KEY (achived_rank_rl_id) REFERENCES public.booster_boosterrank(id) DEFERRABLE INITIALLY DEFERRED;


--
-- Name: booster_booster booster_booster_achived_rank_tft_id_b078c139_fk_booster_b; Type: FK CONSTRAINT; Schema: public; Owner: postgres
--

ALTER TABLE ONLY public.booster_booster
    ADD CONSTRAINT booster_booster_achived_rank_tft_id_b078c139_fk_booster_b FOREIGN KEY (achived_rank_tft_id) REFERENCES public.booster_boosterrank(id) DEFERRABLE INITIALLY DEFERRED;


--
-- Name: booster_booster booster_booster_achived_rank_valo_id_2ccdad88_fk_booster_b; Type: FK CONSTRAINT; Schema: public; Owner: postgres
--

ALTER TABLE ONLY public.booster_booster
    ADD CONSTRAINT booster_booster_achived_rank_valo_id_2ccdad88_fk_booster_b FOREIGN KEY (achived_rank_valo_id) REFERENCES public.booster_boosterrank(id) DEFERRABLE INITIALLY DEFERRED;


--
-- Name: booster_booster booster_booster_achived_rank_wow_id_2eac6791_fk_booster_b; Type: FK CONSTRAINT; Schema: public; Owner: postgres
--

ALTER TABLE ONLY public.booster_booster
    ADD CONSTRAINT booster_booster_achived_rank_wow_id_2eac6791_fk_booster_b FOREIGN KEY (achived_rank_wow_id) REFERENCES public.booster_boosterrank(id) DEFERRABLE INITIALLY DEFERRED;


--
-- Name: booster_booster booster_booster_achived_rank_wr_id_11ff46d8_fk_booster_b; Type: FK CONSTRAINT; Schema: public; Owner: postgres
--

ALTER TABLE ONLY public.booster_booster
    ADD CONSTRAINT booster_booster_achived_rank_wr_id_11ff46d8_fk_booster_b FOREIGN KEY (achived_rank_wr_id) REFERENCES public.booster_boosterrank(id) DEFERRABLE INITIALLY DEFERRED;


--
-- Name: booster_booster booster_booster_booster_id_4b6b3d99_fk_accounts_baseuser_id; Type: FK CONSTRAINT; Schema: public; Owner: postgres
--

ALTER TABLE ONLY public.booster_booster
    ADD CONSTRAINT booster_booster_booster_id_4b6b3d99_fk_accounts_baseuser_id FOREIGN KEY (booster_id) REFERENCES public.accounts_baseuser(id) DEFERRABLE INITIALLY DEFERRED;


--
-- Name: booster_booster_games booster_booster_games_booster_id_3da6ea8f_fk_booster_booster_id; Type: FK CONSTRAINT; Schema: public; Owner: postgres
--

ALTER TABLE ONLY public.booster_booster_games
    ADD CONSTRAINT booster_booster_games_booster_id_3da6ea8f_fk_booster_booster_id FOREIGN KEY (booster_id) REFERENCES public.booster_booster(id) DEFERRABLE INITIALLY DEFERRED;


--
-- Name: booster_booster_games booster_booster_games_game_id_519ed347_fk_games_game_id; Type: FK CONSTRAINT; Schema: public; Owner: postgres
--

ALTER TABLE ONLY public.booster_booster_games
    ADD CONSTRAINT booster_booster_games_game_id_519ed347_fk_games_game_id FOREIGN KEY (game_id) REFERENCES public.games_game(id) DEFERRABLE INITIALLY DEFERRED;


--
-- Name: booster_booster_languages booster_booster_lang_booster_id_f08ceeab_fk_booster_b; Type: FK CONSTRAINT; Schema: public; Owner: postgres
--

ALTER TABLE ONLY public.booster_booster_languages
    ADD CONSTRAINT booster_booster_lang_booster_id_f08ceeab_fk_booster_b FOREIGN KEY (booster_id) REFERENCES public.booster_booster(id) DEFERRABLE INITIALLY DEFERRED;


--
-- Name: booster_booster_languages booster_booster_lang_language_id_ea18514e_fk_booster_l; Type: FK CONSTRAINT; Schema: public; Owner: postgres
--

ALTER TABLE ONLY public.booster_booster_languages
    ADD CONSTRAINT booster_booster_lang_language_id_ea18514e_fk_booster_l FOREIGN KEY (language_id) REFERENCES public.booster_language(id) DEFERRABLE INITIALLY DEFERRED;


--
-- Name: booster_boosterportfolio booster_boosterportf_booster_id_2354eaec_fk_booster_b; Type: FK CONSTRAINT; Schema: public; Owner: postgres
--

ALTER TABLE ONLY public.booster_boosterportfolio
    ADD CONSTRAINT booster_boosterportf_booster_id_2354eaec_fk_booster_b FOREIGN KEY (booster_id) REFERENCES public.booster_booster(id) DEFERRABLE INITIALLY DEFERRED;


--
-- Name: booster_boosterrank booster_boosterrank_game_id_88391f6a_fk_games_game_id; Type: FK CONSTRAINT; Schema: public; Owner: postgres
--

ALTER TABLE ONLY public.booster_boosterrank
    ADD CONSTRAINT booster_boosterrank_game_id_88391f6a_fk_games_game_id FOREIGN KEY (game_id) REFERENCES public.games_game(id) DEFERRABLE INITIALLY DEFERRED;


--
-- Name: booster_orderrating booster_orderrating_booster_id_69abe792_fk_accounts_baseuser_id; Type: FK CONSTRAINT; Schema: public; Owner: postgres
--

ALTER TABLE ONLY public.booster_orderrating
    ADD CONSTRAINT booster_orderrating_booster_id_69abe792_fk_accounts_baseuser_id FOREIGN KEY (booster_id) REFERENCES public.accounts_baseuser(id) DEFERRABLE INITIALLY DEFERRED;


--
-- Name: booster_orderrating booster_orderrating_customer_id_49d62dcd_fk_accounts_; Type: FK CONSTRAINT; Schema: public; Owner: postgres
--

ALTER TABLE ONLY public.booster_orderrating
    ADD CONSTRAINT booster_orderrating_customer_id_49d62dcd_fk_accounts_ FOREIGN KEY (customer_id) REFERENCES public.accounts_baseuser(id) DEFERRABLE INITIALLY DEFERRED;


--
-- Name: booster_orderrating booster_orderrating_order_id_34d32bf1_fk_accounts_baseorder_id; Type: FK CONSTRAINT; Schema: public; Owner: postgres
--

ALTER TABLE ONLY public.booster_orderrating
    ADD CONSTRAINT booster_orderrating_order_id_34d32bf1_fk_accounts_baseorder_id FOREIGN KEY (order_id) REFERENCES public.accounts_baseorder(id) DEFERRABLE INITIALLY DEFERRED;


--
-- Name: booster_photo booster_photo_booster_id_4184adaf_fk_booster_workwithus_id; Type: FK CONSTRAINT; Schema: public; Owner: postgres
--

ALTER TABLE ONLY public.booster_photo
    ADD CONSTRAINT booster_photo_booster_id_4184adaf_fk_booster_workwithus_id FOREIGN KEY (booster_id) REFERENCES public.booster_workwithus(id) DEFERRABLE INITIALLY DEFERRED;


--
-- Name: booster_workwithus_game booster_workwithus_g_workwithus_id_3c1f1c88_fk_booster_w; Type: FK CONSTRAINT; Schema: public; Owner: postgres
--

ALTER TABLE ONLY public.booster_workwithus_game
    ADD CONSTRAINT booster_workwithus_g_workwithus_id_3c1f1c88_fk_booster_w FOREIGN KEY (workwithus_id) REFERENCES public.booster_workwithus(id) DEFERRABLE INITIALLY DEFERRED;


--
-- Name: booster_workwithus_game booster_workwithus_game_game_id_6302ea59_fk_games_game_id; Type: FK CONSTRAINT; Schema: public; Owner: postgres
--

ALTER TABLE ONLY public.booster_workwithus_game
    ADD CONSTRAINT booster_workwithus_game_game_id_6302ea59_fk_games_game_id FOREIGN KEY (game_id) REFERENCES public.games_game(id) DEFERRABLE INITIALLY DEFERRED;


--
-- Name: booster_workwithus_languages booster_workwithus_l_language_id_bf70271f_fk_booster_l; Type: FK CONSTRAINT; Schema: public; Owner: postgres
--

ALTER TABLE ONLY public.booster_workwithus_languages
    ADD CONSTRAINT booster_workwithus_l_language_id_bf70271f_fk_booster_l FOREIGN KEY (language_id) REFERENCES public.booster_language(id) DEFERRABLE INITIALLY DEFERRED;


--
-- Name: booster_workwithus_languages booster_workwithus_l_workwithus_id_35046065_fk_booster_w; Type: FK CONSTRAINT; Schema: public; Owner: postgres
--

ALTER TABLE ONLY public.booster_workwithus_languages
    ADD CONSTRAINT booster_workwithus_l_workwithus_id_35046065_fk_booster_w FOREIGN KEY (workwithus_id) REFERENCES public.booster_workwithus(id) DEFERRABLE INITIALLY DEFERRED;


--
-- Name: chat_message chat_message_room_id_5e7d8d78_fk_chat_room_id; Type: FK CONSTRAINT; Schema: public; Owner: postgres
--

ALTER TABLE ONLY public.chat_message
    ADD CONSTRAINT chat_message_room_id_5e7d8d78_fk_chat_room_id FOREIGN KEY (room_id) REFERENCES public.chat_room(id) DEFERRABLE INITIALLY DEFERRED;


--
-- Name: chat_message chat_message_user_id_a47c01bb_fk_accounts_baseuser_id; Type: FK CONSTRAINT; Schema: public; Owner: postgres
--

ALTER TABLE ONLY public.chat_message
    ADD CONSTRAINT chat_message_user_id_a47c01bb_fk_accounts_baseuser_id FOREIGN KEY (user_id) REFERENCES public.accounts_baseuser(id) DEFERRABLE INITIALLY DEFERRED;


--
-- Name: chat_room chat_room_booster_id_d164408b_fk_accounts_baseuser_id; Type: FK CONSTRAINT; Schema: public; Owner: postgres
--

ALTER TABLE ONLY public.chat_room
    ADD CONSTRAINT chat_room_booster_id_d164408b_fk_accounts_baseuser_id FOREIGN KEY (booster_id) REFERENCES public.accounts_baseuser(id) DEFERRABLE INITIALLY DEFERRED;


--
-- Name: chat_room chat_room_customer_id_ab67254c_fk_accounts_baseuser_id; Type: FK CONSTRAINT; Schema: public; Owner: postgres
--

ALTER TABLE ONLY public.chat_room
    ADD CONSTRAINT chat_room_customer_id_ab67254c_fk_accounts_baseuser_id FOREIGN KEY (customer_id) REFERENCES public.accounts_baseuser(id) DEFERRABLE INITIALLY DEFERRED;


--
-- Name: cryptocurrency_payment_cryptocurrencypayment cryptocurrency_payme_child_payment_id_2479b30f_fk_cryptocur; Type: FK CONSTRAINT; Schema: public; Owner: postgres
--

ALTER TABLE ONLY public.cryptocurrency_payment_cryptocurrencypayment
    ADD CONSTRAINT cryptocurrency_payme_child_payment_id_2479b30f_fk_cryptocur FOREIGN KEY (child_payment_id) REFERENCES public.cryptocurrency_payment_cryptocurrencypayment(id) DEFERRABLE INITIALLY DEFERRED;


--
-- Name: cryptocurrency_payment_cryptocurrencypayment cryptocurrency_payme_content_type_id_7c552a1d_fk_django_co; Type: FK CONSTRAINT; Schema: public; Owner: postgres
--

ALTER TABLE ONLY public.cryptocurrency_payment_cryptocurrencypayment
    ADD CONSTRAINT cryptocurrency_payme_content_type_id_7c552a1d_fk_django_co FOREIGN KEY (content_type_id) REFERENCES public.django_content_type(id) DEFERRABLE INITIALLY DEFERRED;


--
-- Name: cryptocurrency_payment_cryptocurrencypayment cryptocurrency_payme_parent_payment_id_d39b978a_fk_cryptocur; Type: FK CONSTRAINT; Schema: public; Owner: postgres
--

ALTER TABLE ONLY public.cryptocurrency_payment_cryptocurrencypayment
    ADD CONSTRAINT cryptocurrency_payme_parent_payment_id_d39b978a_fk_cryptocur FOREIGN KEY (parent_payment_id) REFERENCES public.cryptocurrency_payment_cryptocurrencypayment(id) DEFERRABLE INITIALLY DEFERRED;


--
-- Name: cryptocurrency_payment_cryptocurrencypayment cryptocurrency_payme_user_id_8286fd7d_fk_accounts_; Type: FK CONSTRAINT; Schema: public; Owner: postgres
--

ALTER TABLE ONLY public.cryptocurrency_payment_cryptocurrencypayment
    ADD CONSTRAINT cryptocurrency_payme_user_id_8286fd7d_fk_accounts_ FOREIGN KEY (user_id) REFERENCES public.accounts_baseuser(id) DEFERRABLE INITIALLY DEFERRED;


--
-- Name: csgo2_csgo2divisionorder csgo2_csgo2divisiono_current_rank_id_a7af4c83_fk_csgo2_csg; Type: FK CONSTRAINT; Schema: public; Owner: postgres
--

ALTER TABLE ONLY public.csgo2_csgo2divisionorder
    ADD CONSTRAINT csgo2_csgo2divisiono_current_rank_id_a7af4c83_fk_csgo2_csg FOREIGN KEY (current_rank_id) REFERENCES public.csgo2_csgo2rank(id) DEFERRABLE INITIALLY DEFERRED;


--
-- Name: csgo2_csgo2divisionorder csgo2_csgo2divisiono_desired_rank_id_9c0c8a5b_fk_csgo2_csg; Type: FK CONSTRAINT; Schema: public; Owner: postgres
--

ALTER TABLE ONLY public.csgo2_csgo2divisionorder
    ADD CONSTRAINT csgo2_csgo2divisiono_desired_rank_id_9c0c8a5b_fk_csgo2_csg FOREIGN KEY (desired_rank_id) REFERENCES public.csgo2_csgo2rank(id) DEFERRABLE INITIALLY DEFERRED;


--
-- Name: csgo2_csgo2divisionorder csgo2_csgo2divisiono_order_id_a5f7b729_fk_accounts_; Type: FK CONSTRAINT; Schema: public; Owner: postgres
--

ALTER TABLE ONLY public.csgo2_csgo2divisionorder
    ADD CONSTRAINT csgo2_csgo2divisiono_order_id_a5f7b729_fk_accounts_ FOREIGN KEY (order_id) REFERENCES public.accounts_baseorder(id) DEFERRABLE INITIALLY DEFERRED;


--
-- Name: csgo2_csgo2divisionorder csgo2_csgo2divisiono_reached_rank_id_5a52e4a1_fk_csgo2_csg; Type: FK CONSTRAINT; Schema: public; Owner: postgres
--

ALTER TABLE ONLY public.csgo2_csgo2divisionorder
    ADD CONSTRAINT csgo2_csgo2divisiono_reached_rank_id_5a52e4a1_fk_csgo2_csg FOREIGN KEY (reached_rank_id) REFERENCES public.csgo2_csgo2rank(id) DEFERRABLE INITIALLY DEFERRED;


--
-- Name: csgo2_csgo2mark csgo2_csgo2mark_rank_id_bf88b80f_fk_csgo2_csgo2rank_id; Type: FK CONSTRAINT; Schema: public; Owner: postgres
--

ALTER TABLE ONLY public.csgo2_csgo2mark
    ADD CONSTRAINT csgo2_csgo2mark_rank_id_bf88b80f_fk_csgo2_csgo2rank_id FOREIGN KEY (rank_id) REFERENCES public.csgo2_csgo2rank(id) DEFERRABLE INITIALLY DEFERRED;


--
-- Name: csgo2_csgo2premierorder csgo2_csgo2premieror_current_rank_id_e5098830_fk_csgo2_csg; Type: FK CONSTRAINT; Schema: public; Owner: postgres
--

ALTER TABLE ONLY public.csgo2_csgo2premierorder
    ADD CONSTRAINT csgo2_csgo2premieror_current_rank_id_e5098830_fk_csgo2_csg FOREIGN KEY (current_rank_id) REFERENCES public.csgo2_csgo2premierrank(id) DEFERRABLE INITIALLY DEFERRED;


--
-- Name: csgo2_csgo2premierorder csgo2_csgo2premieror_desired_rank_id_0401335c_fk_csgo2_csg; Type: FK CONSTRAINT; Schema: public; Owner: postgres
--

ALTER TABLE ONLY public.csgo2_csgo2premierorder
    ADD CONSTRAINT csgo2_csgo2premieror_desired_rank_id_0401335c_fk_csgo2_csg FOREIGN KEY (desired_rank_id) REFERENCES public.csgo2_csgo2premierrank(id) DEFERRABLE INITIALLY DEFERRED;


--
-- Name: csgo2_csgo2premierorder csgo2_csgo2premieror_order_id_d361e1ff_fk_accounts_; Type: FK CONSTRAINT; Schema: public; Owner: postgres
--

ALTER TABLE ONLY public.csgo2_csgo2premierorder
    ADD CONSTRAINT csgo2_csgo2premieror_order_id_d361e1ff_fk_accounts_ FOREIGN KEY (order_id) REFERENCES public.accounts_baseorder(id) DEFERRABLE INITIALLY DEFERRED;


--
-- Name: csgo2_csgo2premierorder csgo2_csgo2premieror_reached_rank_id_85168dc6_fk_csgo2_csg; Type: FK CONSTRAINT; Schema: public; Owner: postgres
--

ALTER TABLE ONLY public.csgo2_csgo2premierorder
    ADD CONSTRAINT csgo2_csgo2premieror_reached_rank_id_85168dc6_fk_csgo2_csg FOREIGN KEY (reached_rank_id) REFERENCES public.csgo2_csgo2premierrank(id) DEFERRABLE INITIALLY DEFERRED;


--
-- Name: csgo2_csgo2tier csgo2_csgo2tier_rank_id_7e80154e_fk_csgo2_csgo2rank_id; Type: FK CONSTRAINT; Schema: public; Owner: postgres
--

ALTER TABLE ONLY public.csgo2_csgo2tier
    ADD CONSTRAINT csgo2_csgo2tier_rank_id_7e80154e_fk_csgo2_csgo2rank_id FOREIGN KEY (rank_id) REFERENCES public.csgo2_csgo2rank(id) DEFERRABLE INITIALLY DEFERRED;


--
-- Name: csgo2_csgofaceitorder csgo2_csgofaceitorde_order_id_52a8e562_fk_accounts_; Type: FK CONSTRAINT; Schema: public; Owner: postgres
--

ALTER TABLE ONLY public.csgo2_csgofaceitorder
    ADD CONSTRAINT csgo2_csgofaceitorde_order_id_52a8e562_fk_accounts_ FOREIGN KEY (order_id) REFERENCES public.accounts_baseorder(id) DEFERRABLE INITIALLY DEFERRED;


--
-- Name: customer_champion customer_champion_game_id_ac3c823b_fk_games_game_id; Type: FK CONSTRAINT; Schema: public; Owner: postgres
--

ALTER TABLE ONLY public.customer_champion
    ADD CONSTRAINT customer_champion_game_id_ac3c823b_fk_games_game_id FOREIGN KEY (game_id) REFERENCES public.games_game(id) DEFERRABLE INITIALLY DEFERRED;


--
-- Name: customer_customorder customer_customorder_customer_id_b4cbf866_fk_accounts_; Type: FK CONSTRAINT; Schema: public; Owner: postgres
--

ALTER TABLE ONLY public.customer_customorder
    ADD CONSTRAINT customer_customorder_customer_id_b4cbf866_fk_accounts_ FOREIGN KEY (customer_id) REFERENCES public.accounts_baseuser(id) DEFERRABLE INITIALLY DEFERRED;


--
-- Name: customer_customorder customer_customorder_game_id_067ffee1_fk_games_game_id; Type: FK CONSTRAINT; Schema: public; Owner: postgres
--

ALTER TABLE ONLY public.customer_customorder
    ADD CONSTRAINT customer_customorder_game_id_067ffee1_fk_games_game_id FOREIGN KEY (game_id) REFERENCES public.games_game(id) DEFERRABLE INITIALLY DEFERRED;


--
-- Name: dashboard_adminlogentry dashboard_adminlogen_user_id_fb2e3acb_fk_accounts_; Type: FK CONSTRAINT; Schema: public; Owner: postgres
--

ALTER TABLE ONLY public.dashboard_adminlogentry
    ADD CONSTRAINT dashboard_adminlogen_user_id_fb2e3acb_fk_accounts_ FOREIGN KEY (user_id) REFERENCES public.accounts_baseuser(id) DEFERRABLE INITIALLY DEFERRED;


--
-- Name: django_admin_log django_admin_log_content_type_id_c4bce8eb_fk_django_co; Type: FK CONSTRAINT; Schema: public; Owner: postgres
--

ALTER TABLE ONLY public.django_admin_log
    ADD CONSTRAINT django_admin_log_content_type_id_c4bce8eb_fk_django_co FOREIGN KEY (content_type_id) REFERENCES public.django_content_type(id) DEFERRABLE INITIALLY DEFERRED;


--
-- Name: django_admin_log django_admin_log_user_id_c564eba6_fk_accounts_baseuser_id; Type: FK CONSTRAINT; Schema: public; Owner: postgres
--

ALTER TABLE ONLY public.django_admin_log
    ADD CONSTRAINT django_admin_log_user_id_c564eba6_fk_accounts_baseuser_id FOREIGN KEY (user_id) REFERENCES public.accounts_baseuser(id) DEFERRABLE INITIALLY DEFERRED;


--
-- Name: dota2_dota2placementorder dota2_dota2placement_last_rank_id_c8f3135d_fk_dota2_dot; Type: FK CONSTRAINT; Schema: public; Owner: postgres
--

ALTER TABLE ONLY public.dota2_dota2placementorder
    ADD CONSTRAINT dota2_dota2placement_last_rank_id_c8f3135d_fk_dota2_dot FOREIGN KEY (last_rank_id) REFERENCES public.dota2_dota2placement(id) DEFERRABLE INITIALLY DEFERRED;


--
-- Name: dota2_dota2placementorder dota2_dota2placement_order_id_8616cf7b_fk_accounts_; Type: FK CONSTRAINT; Schema: public; Owner: postgres
--

ALTER TABLE ONLY public.dota2_dota2placementorder
    ADD CONSTRAINT dota2_dota2placement_order_id_8616cf7b_fk_accounts_ FOREIGN KEY (order_id) REFERENCES public.accounts_baseorder(id) DEFERRABLE INITIALLY DEFERRED;


--
-- Name: dota2_dota2rankboostorder dota2_dota2rankboost_current_rank_id_75164532_fk_dota2_dot; Type: FK CONSTRAINT; Schema: public; Owner: postgres
--

ALTER TABLE ONLY public.dota2_dota2rankboostorder
    ADD CONSTRAINT dota2_dota2rankboost_current_rank_id_75164532_fk_dota2_dot FOREIGN KEY (current_rank_id) REFERENCES public.dota2_dota2rank(id) DEFERRABLE INITIALLY DEFERRED;


--
-- Name: dota2_dota2rankboostorder dota2_dota2rankboost_desired_rank_id_ed3f8ad6_fk_dota2_dot; Type: FK CONSTRAINT; Schema: public; Owner: postgres
--

ALTER TABLE ONLY public.dota2_dota2rankboostorder
    ADD CONSTRAINT dota2_dota2rankboost_desired_rank_id_ed3f8ad6_fk_dota2_dot FOREIGN KEY (desired_rank_id) REFERENCES public.dota2_dota2rank(id) DEFERRABLE INITIALLY DEFERRED;


--
-- Name: dota2_dota2rankboostorder dota2_dota2rankboost_order_id_3f230b45_fk_accounts_; Type: FK CONSTRAINT; Schema: public; Owner: postgres
--

ALTER TABLE ONLY public.dota2_dota2rankboostorder
    ADD CONSTRAINT dota2_dota2rankboost_order_id_3f230b45_fk_accounts_ FOREIGN KEY (order_id) REFERENCES public.accounts_baseorder(id) DEFERRABLE INITIALLY DEFERRED;


--
-- Name: dota2_dota2rankboostorder dota2_dota2rankboost_reached_rank_id_759d004a_fk_dota2_dot; Type: FK CONSTRAINT; Schema: public; Owner: postgres
--

ALTER TABLE ONLY public.dota2_dota2rankboostorder
    ADD CONSTRAINT dota2_dota2rankboost_reached_rank_id_759d004a_fk_dota2_dot FOREIGN KEY (reached_rank_id) REFERENCES public.dota2_dota2rank(id) DEFERRABLE INITIALLY DEFERRED;


--
-- Name: hearthstone_hearthstonedivisionorder hearthstone_hearthst_current_rank_id_c621ec11_fk_hearthsto; Type: FK CONSTRAINT; Schema: public; Owner: postgres
--

ALTER TABLE ONLY public.hearthstone_hearthstonedivisionorder
    ADD CONSTRAINT hearthstone_hearthst_current_rank_id_c621ec11_fk_hearthsto FOREIGN KEY (current_rank_id) REFERENCES public.hearthstone_hearthstonerank(id) DEFERRABLE INITIALLY DEFERRED;


--
-- Name: hearthstone_hearthstonedivisionorder hearthstone_hearthst_desired_rank_id_ff6a77a5_fk_hearthsto; Type: FK CONSTRAINT; Schema: public; Owner: postgres
--

ALTER TABLE ONLY public.hearthstone_hearthstonedivisionorder
    ADD CONSTRAINT hearthstone_hearthst_desired_rank_id_ff6a77a5_fk_hearthsto FOREIGN KEY (desired_rank_id) REFERENCES public.hearthstone_hearthstonerank(id) DEFERRABLE INITIALLY DEFERRED;


--
-- Name: hearthstone_hearthstonedivisionorder hearthstone_hearthst_order_id_83f85003_fk_accounts_; Type: FK CONSTRAINT; Schema: public; Owner: postgres
--

ALTER TABLE ONLY public.hearthstone_hearthstonedivisionorder
    ADD CONSTRAINT hearthstone_hearthst_order_id_83f85003_fk_accounts_ FOREIGN KEY (order_id) REFERENCES public.accounts_baseorder(id) DEFERRABLE INITIALLY DEFERRED;


--
-- Name: hearthstone_hearthstonemark hearthstone_hearthst_rank_id_03ac54dd_fk_hearthsto; Type: FK CONSTRAINT; Schema: public; Owner: postgres
--

ALTER TABLE ONLY public.hearthstone_hearthstonemark
    ADD CONSTRAINT hearthstone_hearthst_rank_id_03ac54dd_fk_hearthsto FOREIGN KEY (rank_id) REFERENCES public.hearthstone_hearthstonerank(id) DEFERRABLE INITIALLY DEFERRED;


--
-- Name: hearthstone_hearthstonetier hearthstone_hearthst_rank_id_cee67479_fk_hearthsto; Type: FK CONSTRAINT; Schema: public; Owner: postgres
--

ALTER TABLE ONLY public.hearthstone_hearthstonetier
    ADD CONSTRAINT hearthstone_hearthst_rank_id_cee67479_fk_hearthsto FOREIGN KEY (rank_id) REFERENCES public.hearthstone_hearthstonerank(id) DEFERRABLE INITIALLY DEFERRED;


--
-- Name: hearthstone_hearthstonedivisionorder hearthstone_hearthst_reached_rank_id_0c74e877_fk_hearthsto; Type: FK CONSTRAINT; Schema: public; Owner: postgres
--

ALTER TABLE ONLY public.hearthstone_hearthstonedivisionorder
    ADD CONSTRAINT hearthstone_hearthst_reached_rank_id_0c74e877_fk_hearthsto FOREIGN KEY (reached_rank_id) REFERENCES public.hearthstone_hearthstonerank(id) DEFERRABLE INITIALLY DEFERRED;


--
-- Name: honorOfKings_honorofkingsdivisionorder honorOfKings_honorof_current_rank_id_aae934a2_fk_honorOfKi; Type: FK CONSTRAINT; Schema: public; Owner: postgres
--

ALTER TABLE ONLY public."honorOfKings_honorofkingsdivisionorder"
    ADD CONSTRAINT "honorOfKings_honorof_current_rank_id_aae934a2_fk_honorOfKi" FOREIGN KEY (current_rank_id) REFERENCES public."honorOfKings_honorofkingsrank"(id) DEFERRABLE INITIALLY DEFERRED;


--
-- Name: honorOfKings_honorofkingsdivisionorder honorOfKings_honorof_desired_rank_id_c38b44ee_fk_honorOfKi; Type: FK CONSTRAINT; Schema: public; Owner: postgres
--

ALTER TABLE ONLY public."honorOfKings_honorofkingsdivisionorder"
    ADD CONSTRAINT "honorOfKings_honorof_desired_rank_id_c38b44ee_fk_honorOfKi" FOREIGN KEY (desired_rank_id) REFERENCES public."honorOfKings_honorofkingsrank"(id) DEFERRABLE INITIALLY DEFERRED;


--
-- Name: honorOfKings_honorofkingsdivisionorder honorOfKings_honorof_order_id_9805dba7_fk_accounts_; Type: FK CONSTRAINT; Schema: public; Owner: postgres
--

ALTER TABLE ONLY public."honorOfKings_honorofkingsdivisionorder"
    ADD CONSTRAINT "honorOfKings_honorof_order_id_9805dba7_fk_accounts_" FOREIGN KEY (order_id) REFERENCES public.accounts_baseorder(id) DEFERRABLE INITIALLY DEFERRED;


--
-- Name: honorOfKings_honorofkingsmark honorOfKings_honorof_rank_id_49bd2d19_fk_honorOfKi; Type: FK CONSTRAINT; Schema: public; Owner: postgres
--

ALTER TABLE ONLY public."honorOfKings_honorofkingsmark"
    ADD CONSTRAINT "honorOfKings_honorof_rank_id_49bd2d19_fk_honorOfKi" FOREIGN KEY (rank_id) REFERENCES public."honorOfKings_honorofkingsrank"(id) DEFERRABLE INITIALLY DEFERRED;


--
-- Name: honorOfKings_honorofkingstier honorOfKings_honorof_rank_id_4f6034f7_fk_honorOfKi; Type: FK CONSTRAINT; Schema: public; Owner: postgres
--

ALTER TABLE ONLY public."honorOfKings_honorofkingstier"
    ADD CONSTRAINT "honorOfKings_honorof_rank_id_4f6034f7_fk_honorOfKi" FOREIGN KEY (rank_id) REFERENCES public."honorOfKings_honorofkingsrank"(id) DEFERRABLE INITIALLY DEFERRED;


--
-- Name: honorOfKings_honorofkingsdivisionorder honorOfKings_honorof_reached_rank_id_f73d2991_fk_honorOfKi; Type: FK CONSTRAINT; Schema: public; Owner: postgres
--

ALTER TABLE ONLY public."honorOfKings_honorofkingsdivisionorder"
    ADD CONSTRAINT "honorOfKings_honorof_reached_rank_id_f73d2991_fk_honorOfKi" FOREIGN KEY (reached_rank_id) REFERENCES public."honorOfKings_honorofkingsrank"(id) DEFERRABLE INITIALLY DEFERRED;


--
-- Name: leagueOfLegends_leagueoflegendsplacementorder_champions leagueOfLegends_leag_champion_id_4ab40e7d_fk_customer_; Type: FK CONSTRAINT; Schema: public; Owner: postgres
--

ALTER TABLE ONLY public."leagueOfLegends_leagueoflegendsplacementorder_champions"
    ADD CONSTRAINT "leagueOfLegends_leag_champion_id_4ab40e7d_fk_customer_" FOREIGN KEY (champion_id) REFERENCES public.customer_champion(id) DEFERRABLE INITIALLY DEFERRED;


--
-- Name: leagueOfLegends_leagueoflegendsdivisionorder_champions leagueOfLegends_leag_champion_id_da5a8bfe_fk_customer_; Type: FK CONSTRAINT; Schema: public; Owner: postgres
--

ALTER TABLE ONLY public."leagueOfLegends_leagueoflegendsdivisionorder_champions"
    ADD CONSTRAINT "leagueOfLegends_leag_champion_id_da5a8bfe_fk_customer_" FOREIGN KEY (champion_id) REFERENCES public.customer_champion(id) DEFERRABLE INITIALLY DEFERRED;


--
-- Name: leagueOfLegends_leagueoflegendsdivisionorder leagueOfLegends_leag_current_rank_id_84540d75_fk_leagueOfL; Type: FK CONSTRAINT; Schema: public; Owner: postgres
--

ALTER TABLE ONLY public."leagueOfLegends_leagueoflegendsdivisionorder"
    ADD CONSTRAINT "leagueOfLegends_leag_current_rank_id_84540d75_fk_leagueOfL" FOREIGN KEY (current_rank_id) REFERENCES public."leagueOfLegends_leagueoflegendsrank"(id) DEFERRABLE INITIALLY DEFERRED;


--
-- Name: leagueOfLegends_leagueoflegendsdivisionorder leagueOfLegends_leag_desired_rank_id_f896e284_fk_leagueOfL; Type: FK CONSTRAINT; Schema: public; Owner: postgres
--

ALTER TABLE ONLY public."leagueOfLegends_leagueoflegendsdivisionorder"
    ADD CONSTRAINT "leagueOfLegends_leag_desired_rank_id_f896e284_fk_leagueOfL" FOREIGN KEY (desired_rank_id) REFERENCES public."leagueOfLegends_leagueoflegendsrank"(id) DEFERRABLE INITIALLY DEFERRED;


--
-- Name: leagueOfLegends_leagueoflegendsplacementorder leagueOfLegends_leag_last_rank_id_6f4bd220_fk_leagueOfL; Type: FK CONSTRAINT; Schema: public; Owner: postgres
--

ALTER TABLE ONLY public."leagueOfLegends_leagueoflegendsplacementorder"
    ADD CONSTRAINT "leagueOfLegends_leag_last_rank_id_6f4bd220_fk_leagueOfL" FOREIGN KEY (last_rank_id) REFERENCES public."leagueOfLegends_leagueoflegendsplacement"(id) DEFERRABLE INITIALLY DEFERRED;


--
-- Name: leagueOfLegends_leagueoflegendsdivisionorder_champions leagueOfLegends_leag_leagueoflegendsdivis_144df8d0_fk_leagueOfL; Type: FK CONSTRAINT; Schema: public; Owner: postgres
--

ALTER TABLE ONLY public."leagueOfLegends_leagueoflegendsdivisionorder_champions"
    ADD CONSTRAINT "leagueOfLegends_leag_leagueoflegendsdivis_144df8d0_fk_leagueOfL" FOREIGN KEY (leagueoflegendsdivisionorder_id) REFERENCES public."leagueOfLegends_leagueoflegendsdivisionorder"(order_id) DEFERRABLE INITIALLY DEFERRED;


--
-- Name: leagueOfLegends_leagueoflegendsplacementorder_champions leagueOfLegends_leag_leagueoflegendsplace_e9d6c47a_fk_leagueOfL; Type: FK CONSTRAINT; Schema: public; Owner: postgres
--

ALTER TABLE ONLY public."leagueOfLegends_leagueoflegendsplacementorder_champions"
    ADD CONSTRAINT "leagueOfLegends_leag_leagueoflegendsplace_e9d6c47a_fk_leagueOfL" FOREIGN KEY (leagueoflegendsplacementorder_id) REFERENCES public."leagueOfLegends_leagueoflegendsplacementorder"(order_id) DEFERRABLE INITIALLY DEFERRED;


--
-- Name: leagueOfLegends_leagueoflegendsdivisionorder leagueOfLegends_leag_order_id_4b3670d3_fk_accounts_; Type: FK CONSTRAINT; Schema: public; Owner: postgres
--

ALTER TABLE ONLY public."leagueOfLegends_leagueoflegendsdivisionorder"
    ADD CONSTRAINT "leagueOfLegends_leag_order_id_4b3670d3_fk_accounts_" FOREIGN KEY (order_id) REFERENCES public.accounts_baseorder(id) DEFERRABLE INITIALLY DEFERRED;


--
-- Name: leagueOfLegends_leagueoflegendsplacementorder leagueOfLegends_leag_order_id_e22b8318_fk_accounts_; Type: FK CONSTRAINT; Schema: public; Owner: postgres
--

ALTER TABLE ONLY public."leagueOfLegends_leagueoflegendsplacementorder"
    ADD CONSTRAINT "leagueOfLegends_leag_order_id_e22b8318_fk_accounts_" FOREIGN KEY (order_id) REFERENCES public.accounts_baseorder(id) DEFERRABLE INITIALLY DEFERRED;


--
-- Name: leagueOfLegends_leagueoflegendstier leagueOfLegends_leag_rank_id_1f2ba4fb_fk_leagueOfL; Type: FK CONSTRAINT; Schema: public; Owner: postgres
--

ALTER TABLE ONLY public."leagueOfLegends_leagueoflegendstier"
    ADD CONSTRAINT "leagueOfLegends_leag_rank_id_1f2ba4fb_fk_leagueOfL" FOREIGN KEY (rank_id) REFERENCES public."leagueOfLegends_leagueoflegendsrank"(id) DEFERRABLE INITIALLY DEFERRED;


--
-- Name: leagueOfLegends_leagueoflegendsmark leagueOfLegends_leag_rank_id_cc50bee9_fk_leagueOfL; Type: FK CONSTRAINT; Schema: public; Owner: postgres
--

ALTER TABLE ONLY public."leagueOfLegends_leagueoflegendsmark"
    ADD CONSTRAINT "leagueOfLegends_leag_rank_id_cc50bee9_fk_leagueOfL" FOREIGN KEY (rank_id) REFERENCES public."leagueOfLegends_leagueoflegendsrank"(id) DEFERRABLE INITIALLY DEFERRED;


--
-- Name: leagueOfLegends_leagueoflegendsdivisionorder leagueOfLegends_leag_reached_rank_id_9ab5a5ff_fk_leagueOfL; Type: FK CONSTRAINT; Schema: public; Owner: postgres
--

ALTER TABLE ONLY public."leagueOfLegends_leagueoflegendsdivisionorder"
    ADD CONSTRAINT "leagueOfLegends_leag_reached_rank_id_9ab5a5ff_fk_leagueOfL" FOREIGN KEY (reached_rank_id) REFERENCES public."leagueOfLegends_leagueoflegendsrank"(id) DEFERRABLE INITIALLY DEFERRED;


--
-- Name: mobileLegends_mobilelegendsdivisionorder mobileLegends_mobile_current_rank_id_6d3a4603_fk_mobileLeg; Type: FK CONSTRAINT; Schema: public; Owner: postgres
--

ALTER TABLE ONLY public."mobileLegends_mobilelegendsdivisionorder"
    ADD CONSTRAINT "mobileLegends_mobile_current_rank_id_6d3a4603_fk_mobileLeg" FOREIGN KEY (current_rank_id) REFERENCES public."mobileLegends_mobilelegendsrank"(id) DEFERRABLE INITIALLY DEFERRED;


--
-- Name: mobileLegends_mobilelegendsdivisionorder mobileLegends_mobile_desired_rank_id_aec9cdda_fk_mobileLeg; Type: FK CONSTRAINT; Schema: public; Owner: postgres
--

ALTER TABLE ONLY public."mobileLegends_mobilelegendsdivisionorder"
    ADD CONSTRAINT "mobileLegends_mobile_desired_rank_id_aec9cdda_fk_mobileLeg" FOREIGN KEY (desired_rank_id) REFERENCES public."mobileLegends_mobilelegendsrank"(id) DEFERRABLE INITIALLY DEFERRED;


--
-- Name: mobileLegends_mobilelegendsplacementorder mobileLegends_mobile_last_rank_id_ecca2130_fk_mobileLeg; Type: FK CONSTRAINT; Schema: public; Owner: postgres
--

ALTER TABLE ONLY public."mobileLegends_mobilelegendsplacementorder"
    ADD CONSTRAINT "mobileLegends_mobile_last_rank_id_ecca2130_fk_mobileLeg" FOREIGN KEY (last_rank_id) REFERENCES public."mobileLegends_mobilelegendsplacement"(id) DEFERRABLE INITIALLY DEFERRED;


--
-- Name: mobileLegends_mobilelegendsplacementorder mobileLegends_mobile_order_id_e17e1b14_fk_accounts_; Type: FK CONSTRAINT; Schema: public; Owner: postgres
--

ALTER TABLE ONLY public."mobileLegends_mobilelegendsplacementorder"
    ADD CONSTRAINT "mobileLegends_mobile_order_id_e17e1b14_fk_accounts_" FOREIGN KEY (order_id) REFERENCES public.accounts_baseorder(id) DEFERRABLE INITIALLY DEFERRED;


--
-- Name: mobileLegends_mobilelegendsdivisionorder mobileLegends_mobile_order_id_fbd7916c_fk_accounts_; Type: FK CONSTRAINT; Schema: public; Owner: postgres
--

ALTER TABLE ONLY public."mobileLegends_mobilelegendsdivisionorder"
    ADD CONSTRAINT "mobileLegends_mobile_order_id_fbd7916c_fk_accounts_" FOREIGN KEY (order_id) REFERENCES public.accounts_baseorder(id) DEFERRABLE INITIALLY DEFERRED;


--
-- Name: mobileLegends_mobilelegendstier mobileLegends_mobile_rank_id_59d9ff65_fk_mobileLeg; Type: FK CONSTRAINT; Schema: public; Owner: postgres
--

ALTER TABLE ONLY public."mobileLegends_mobilelegendstier"
    ADD CONSTRAINT "mobileLegends_mobile_rank_id_59d9ff65_fk_mobileLeg" FOREIGN KEY (rank_id) REFERENCES public."mobileLegends_mobilelegendsrank"(id) DEFERRABLE INITIALLY DEFERRED;


--
-- Name: mobileLegends_mobilelegendsmark mobileLegends_mobile_rank_id_650141a1_fk_mobileLeg; Type: FK CONSTRAINT; Schema: public; Owner: postgres
--

ALTER TABLE ONLY public."mobileLegends_mobilelegendsmark"
    ADD CONSTRAINT "mobileLegends_mobile_rank_id_650141a1_fk_mobileLeg" FOREIGN KEY (rank_id) REFERENCES public."mobileLegends_mobilelegendsrank"(id) DEFERRABLE INITIALLY DEFERRED;


--
-- Name: mobileLegends_mobilelegendsdivisionorder mobileLegends_mobile_reached_rank_id_6d3a9f1a_fk_mobileLeg; Type: FK CONSTRAINT; Schema: public; Owner: postgres
--

ALTER TABLE ONLY public."mobileLegends_mobilelegendsdivisionorder"
    ADD CONSTRAINT "mobileLegends_mobile_reached_rank_id_6d3a9f1a_fk_mobileLeg" FOREIGN KEY (reached_rank_id) REFERENCES public."mobileLegends_mobilelegendsrank"(id) DEFERRABLE INITIALLY DEFERRED;


--
-- Name: news_subheader news_subheader_blog_id_595fee52_fk_news_blog_id; Type: FK CONSTRAINT; Schema: public; Owner: postgres
--

ALTER TABLE ONLY public.news_subheader
    ADD CONSTRAINT news_subheader_blog_id_595fee52_fk_news_blog_id FOREIGN KEY (blog_id) REFERENCES public.news_blog(id) DEFERRABLE INITIALLY DEFERRED;


--
-- Name: oauth2_provider_accesstoken oauth2_provider_acce_application_id_b22886e1_fk_oauth2_pr; Type: FK CONSTRAINT; Schema: public; Owner: postgres
--

ALTER TABLE ONLY public.oauth2_provider_accesstoken
    ADD CONSTRAINT oauth2_provider_acce_application_id_b22886e1_fk_oauth2_pr FOREIGN KEY (application_id) REFERENCES public.oauth2_provider_application(id) DEFERRABLE INITIALLY DEFERRED;


--
-- Name: oauth2_provider_accesstoken oauth2_provider_acce_id_token_id_85db651b_fk_oauth2_pr; Type: FK CONSTRAINT; Schema: public; Owner: postgres
--

ALTER TABLE ONLY public.oauth2_provider_accesstoken
    ADD CONSTRAINT oauth2_provider_acce_id_token_id_85db651b_fk_oauth2_pr FOREIGN KEY (id_token_id) REFERENCES public.oauth2_provider_idtoken(id) DEFERRABLE INITIALLY DEFERRED;


--
-- Name: oauth2_provider_accesstoken oauth2_provider_acce_source_refresh_token_e66fbc72_fk_oauth2_pr; Type: FK CONSTRAINT; Schema: public; Owner: postgres
--

ALTER TABLE ONLY public.oauth2_provider_accesstoken
    ADD CONSTRAINT oauth2_provider_acce_source_refresh_token_e66fbc72_fk_oauth2_pr FOREIGN KEY (source_refresh_token_id) REFERENCES public.oauth2_provider_refreshtoken(id) DEFERRABLE INITIALLY DEFERRED;


--
-- Name: oauth2_provider_accesstoken oauth2_provider_acce_user_id_6e4c9a65_fk_accounts_; Type: FK CONSTRAINT; Schema: public; Owner: postgres
--

ALTER TABLE ONLY public.oauth2_provider_accesstoken
    ADD CONSTRAINT oauth2_provider_acce_user_id_6e4c9a65_fk_accounts_ FOREIGN KEY (user_id) REFERENCES public.accounts_baseuser(id) DEFERRABLE INITIALLY DEFERRED;


--
-- Name: oauth2_provider_application oauth2_provider_appl_user_id_79829054_fk_accounts_; Type: FK CONSTRAINT; Schema: public; Owner: postgres
--

ALTER TABLE ONLY public.oauth2_provider_application
    ADD CONSTRAINT oauth2_provider_appl_user_id_79829054_fk_accounts_ FOREIGN KEY (user_id) REFERENCES public.accounts_baseuser(id) DEFERRABLE INITIALLY DEFERRED;


--
-- Name: oauth2_provider_grant oauth2_provider_gran_application_id_81923564_fk_oauth2_pr; Type: FK CONSTRAINT; Schema: public; Owner: postgres
--

ALTER TABLE ONLY public.oauth2_provider_grant
    ADD CONSTRAINT oauth2_provider_gran_application_id_81923564_fk_oauth2_pr FOREIGN KEY (application_id) REFERENCES public.oauth2_provider_application(id) DEFERRABLE INITIALLY DEFERRED;


--
-- Name: oauth2_provider_grant oauth2_provider_grant_user_id_e8f62af8_fk_accounts_baseuser_id; Type: FK CONSTRAINT; Schema: public; Owner: postgres
--

ALTER TABLE ONLY public.oauth2_provider_grant
    ADD CONSTRAINT oauth2_provider_grant_user_id_e8f62af8_fk_accounts_baseuser_id FOREIGN KEY (user_id) REFERENCES public.accounts_baseuser(id) DEFERRABLE INITIALLY DEFERRED;


--
-- Name: oauth2_provider_idtoken oauth2_provider_idto_application_id_08c5ff4f_fk_oauth2_pr; Type: FK CONSTRAINT; Schema: public; Owner: postgres
--

ALTER TABLE ONLY public.oauth2_provider_idtoken
    ADD CONSTRAINT oauth2_provider_idto_application_id_08c5ff4f_fk_oauth2_pr FOREIGN KEY (application_id) REFERENCES public.oauth2_provider_application(id) DEFERRABLE INITIALLY DEFERRED;


--
-- Name: oauth2_provider_idtoken oauth2_provider_idto_user_id_dd512b59_fk_accounts_; Type: FK CONSTRAINT; Schema: public; Owner: postgres
--

ALTER TABLE ONLY public.oauth2_provider_idtoken
    ADD CONSTRAINT oauth2_provider_idto_user_id_dd512b59_fk_accounts_ FOREIGN KEY (user_id) REFERENCES public.accounts_baseuser(id) DEFERRABLE INITIALLY DEFERRED;


--
-- Name: oauth2_provider_refreshtoken oauth2_provider_refr_access_token_id_775e84e8_fk_oauth2_pr; Type: FK CONSTRAINT; Schema: public; Owner: postgres
--

ALTER TABLE ONLY public.oauth2_provider_refreshtoken
    ADD CONSTRAINT oauth2_provider_refr_access_token_id_775e84e8_fk_oauth2_pr FOREIGN KEY (access_token_id) REFERENCES public.oauth2_provider_accesstoken(id) DEFERRABLE INITIALLY DEFERRED;


--
-- Name: oauth2_provider_refreshtoken oauth2_provider_refr_application_id_2d1c311b_fk_oauth2_pr; Type: FK CONSTRAINT; Schema: public; Owner: postgres
--

ALTER TABLE ONLY public.oauth2_provider_refreshtoken
    ADD CONSTRAINT oauth2_provider_refr_application_id_2d1c311b_fk_oauth2_pr FOREIGN KEY (application_id) REFERENCES public.oauth2_provider_application(id) DEFERRABLE INITIALLY DEFERRED;


--
-- Name: oauth2_provider_refreshtoken oauth2_provider_refr_user_id_da837fce_fk_accounts_; Type: FK CONSTRAINT; Schema: public; Owner: postgres
--

ALTER TABLE ONLY public.oauth2_provider_refreshtoken
    ADD CONSTRAINT oauth2_provider_refr_user_id_da837fce_fk_accounts_ FOREIGN KEY (user_id) REFERENCES public.accounts_baseuser(id) DEFERRABLE INITIALLY DEFERRED;


--
-- Name: overwatch2_overwatch2divisionorder overwatch2_overwatch_current_rank_id_1dc1987b_fk_overwatch; Type: FK CONSTRAINT; Schema: public; Owner: postgres
--

ALTER TABLE ONLY public.overwatch2_overwatch2divisionorder
    ADD CONSTRAINT overwatch2_overwatch_current_rank_id_1dc1987b_fk_overwatch FOREIGN KEY (current_rank_id) REFERENCES public.overwatch2_overwatch2rank(id) DEFERRABLE INITIALLY DEFERRED;


--
-- Name: overwatch2_overwatch2divisionorder overwatch2_overwatch_desired_rank_id_221eedd3_fk_overwatch; Type: FK CONSTRAINT; Schema: public; Owner: postgres
--

ALTER TABLE ONLY public.overwatch2_overwatch2divisionorder
    ADD CONSTRAINT overwatch2_overwatch_desired_rank_id_221eedd3_fk_overwatch FOREIGN KEY (desired_rank_id) REFERENCES public.overwatch2_overwatch2rank(id) DEFERRABLE INITIALLY DEFERRED;


--
-- Name: overwatch2_overwatch2placementorder overwatch2_overwatch_last_rank_id_33659818_fk_overwatch; Type: FK CONSTRAINT; Schema: public; Owner: postgres
--

ALTER TABLE ONLY public.overwatch2_overwatch2placementorder
    ADD CONSTRAINT overwatch2_overwatch_last_rank_id_33659818_fk_overwatch FOREIGN KEY (last_rank_id) REFERENCES public.overwatch2_overwatch2placement(id) DEFERRABLE INITIALLY DEFERRED;


--
-- Name: overwatch2_overwatch2divisionorder overwatch2_overwatch_order_id_f11afe9a_fk_accounts_; Type: FK CONSTRAINT; Schema: public; Owner: postgres
--

ALTER TABLE ONLY public.overwatch2_overwatch2divisionorder
    ADD CONSTRAINT overwatch2_overwatch_order_id_f11afe9a_fk_accounts_ FOREIGN KEY (order_id) REFERENCES public.accounts_baseorder(id) DEFERRABLE INITIALLY DEFERRED;


--
-- Name: overwatch2_overwatch2placementorder overwatch2_overwatch_order_id_f4d67cfb_fk_accounts_; Type: FK CONSTRAINT; Schema: public; Owner: postgres
--

ALTER TABLE ONLY public.overwatch2_overwatch2placementorder
    ADD CONSTRAINT overwatch2_overwatch_order_id_f4d67cfb_fk_accounts_ FOREIGN KEY (order_id) REFERENCES public.accounts_baseorder(id) DEFERRABLE INITIALLY DEFERRED;


--
-- Name: overwatch2_overwatch2tier overwatch2_overwatch_rank_id_5d86eaba_fk_overwatch; Type: FK CONSTRAINT; Schema: public; Owner: postgres
--

ALTER TABLE ONLY public.overwatch2_overwatch2tier
    ADD CONSTRAINT overwatch2_overwatch_rank_id_5d86eaba_fk_overwatch FOREIGN KEY (rank_id) REFERENCES public.overwatch2_overwatch2rank(id) DEFERRABLE INITIALLY DEFERRED;


--
-- Name: overwatch2_overwatch2mark overwatch2_overwatch_rank_id_9220d7eb_fk_overwatch; Type: FK CONSTRAINT; Schema: public; Owner: postgres
--

ALTER TABLE ONLY public.overwatch2_overwatch2mark
    ADD CONSTRAINT overwatch2_overwatch_rank_id_9220d7eb_fk_overwatch FOREIGN KEY (rank_id) REFERENCES public.overwatch2_overwatch2rank(id) DEFERRABLE INITIALLY DEFERRED;


--
-- Name: overwatch2_overwatch2divisionorder overwatch2_overwatch_reached_rank_id_8ffe999f_fk_overwatch; Type: FK CONSTRAINT; Schema: public; Owner: postgres
--

ALTER TABLE ONLY public.overwatch2_overwatch2divisionorder
    ADD CONSTRAINT overwatch2_overwatch_reached_rank_id_8ffe999f_fk_overwatch FOREIGN KEY (reached_rank_id) REFERENCES public.overwatch2_overwatch2rank(id) DEFERRABLE INITIALLY DEFERRED;


--
-- Name: pubg_pubgdivisionorder pubg_pubgdivisionord_current_rank_id_73aaeae2_fk_pubg_pubg; Type: FK CONSTRAINT; Schema: public; Owner: postgres
--

ALTER TABLE ONLY public.pubg_pubgdivisionorder
    ADD CONSTRAINT pubg_pubgdivisionord_current_rank_id_73aaeae2_fk_pubg_pubg FOREIGN KEY (current_rank_id) REFERENCES public.pubg_pubgrank(id) DEFERRABLE INITIALLY DEFERRED;


--
-- Name: pubg_pubgdivisionorder pubg_pubgdivisionord_desired_rank_id_6a2873e4_fk_pubg_pubg; Type: FK CONSTRAINT; Schema: public; Owner: postgres
--

ALTER TABLE ONLY public.pubg_pubgdivisionorder
    ADD CONSTRAINT pubg_pubgdivisionord_desired_rank_id_6a2873e4_fk_pubg_pubg FOREIGN KEY (desired_rank_id) REFERENCES public.pubg_pubgrank(id) DEFERRABLE INITIALLY DEFERRED;


--
-- Name: pubg_pubgdivisionorder pubg_pubgdivisionord_order_id_7ae7a054_fk_accounts_; Type: FK CONSTRAINT; Schema: public; Owner: postgres
--

ALTER TABLE ONLY public.pubg_pubgdivisionorder
    ADD CONSTRAINT pubg_pubgdivisionord_order_id_7ae7a054_fk_accounts_ FOREIGN KEY (order_id) REFERENCES public.accounts_baseorder(id) DEFERRABLE INITIALLY DEFERRED;


--
-- Name: pubg_pubgdivisionorder pubg_pubgdivisionord_reached_rank_id_957abf2d_fk_pubg_pubg; Type: FK CONSTRAINT; Schema: public; Owner: postgres
--

ALTER TABLE ONLY public.pubg_pubgdivisionorder
    ADD CONSTRAINT pubg_pubgdivisionord_reached_rank_id_957abf2d_fk_pubg_pubg FOREIGN KEY (reached_rank_id) REFERENCES public.pubg_pubgrank(id) DEFERRABLE INITIALLY DEFERRED;


--
-- Name: pubg_pubgmark pubg_pubgmark_rank_id_711a8b9d_fk_pubg_pubgrank_id; Type: FK CONSTRAINT; Schema: public; Owner: postgres
--

ALTER TABLE ONLY public.pubg_pubgmark
    ADD CONSTRAINT pubg_pubgmark_rank_id_711a8b9d_fk_pubg_pubgrank_id FOREIGN KEY (rank_id) REFERENCES public.pubg_pubgrank(id) DEFERRABLE INITIALLY DEFERRED;


--
-- Name: pubg_pubgtier pubg_pubgtier_rank_id_bb02660d_fk_pubg_pubgrank_id; Type: FK CONSTRAINT; Schema: public; Owner: postgres
--

ALTER TABLE ONLY public.pubg_pubgtier
    ADD CONSTRAINT pubg_pubgtier_rank_id_bb02660d_fk_pubg_pubgrank_id FOREIGN KEY (rank_id) REFERENCES public.pubg_pubgrank(id) DEFERRABLE INITIALLY DEFERRED;


--
-- Name: rocketLeague_rocketleaguetournamentorder rocketLeague_rocketl_current_league_id_10ebf2bd_fk_rocketLea; Type: FK CONSTRAINT; Schema: public; Owner: postgres
--

ALTER TABLE ONLY public."rocketLeague_rocketleaguetournamentorder"
    ADD CONSTRAINT "rocketLeague_rocketl_current_league_id_10ebf2bd_fk_rocketLea" FOREIGN KEY (current_league_id) REFERENCES public."rocketLeague_rocketleaguetournament"(id) DEFERRABLE INITIALLY DEFERRED;


--
-- Name: rocketLeague_rocketleaguedivisionorder rocketLeague_rocketl_current_rank_id_65b51d5c_fk_rocketLea; Type: FK CONSTRAINT; Schema: public; Owner: postgres
--

ALTER TABLE ONLY public."rocketLeague_rocketleaguedivisionorder"
    ADD CONSTRAINT "rocketLeague_rocketl_current_rank_id_65b51d5c_fk_rocketLea" FOREIGN KEY (current_rank_id) REFERENCES public."rocketLeague_rocketleaguerank"(id) DEFERRABLE INITIALLY DEFERRED;


--
-- Name: rocketLeague_rocketleagueseasonalorder rocketLeague_rocketl_current_rank_id_beb14ae6_fk_rocketLea; Type: FK CONSTRAINT; Schema: public; Owner: postgres
--

ALTER TABLE ONLY public."rocketLeague_rocketleagueseasonalorder"
    ADD CONSTRAINT "rocketLeague_rocketl_current_rank_id_beb14ae6_fk_rocketLea" FOREIGN KEY (current_rank_id) REFERENCES public."rocketLeague_rocketleagueseasonal"(id) DEFERRABLE INITIALLY DEFERRED;


--
-- Name: rocketLeague_rocketleaguedivisionorder rocketLeague_rocketl_desired_rank_id_3656bc9f_fk_rocketLea; Type: FK CONSTRAINT; Schema: public; Owner: postgres
--

ALTER TABLE ONLY public."rocketLeague_rocketleaguedivisionorder"
    ADD CONSTRAINT "rocketLeague_rocketl_desired_rank_id_3656bc9f_fk_rocketLea" FOREIGN KEY (desired_rank_id) REFERENCES public."rocketLeague_rocketleaguerank"(id) DEFERRABLE INITIALLY DEFERRED;


--
-- Name: rocketLeague_rocketleagueplacementorder rocketLeague_rocketl_last_rank_id_9167d00f_fk_rocketLea; Type: FK CONSTRAINT; Schema: public; Owner: postgres
--

ALTER TABLE ONLY public."rocketLeague_rocketleagueplacementorder"
    ADD CONSTRAINT "rocketLeague_rocketl_last_rank_id_9167d00f_fk_rocketLea" FOREIGN KEY (last_rank_id) REFERENCES public."rocketLeague_rocketleagueplacement"(id) DEFERRABLE INITIALLY DEFERRED;


--
-- Name: rocketLeague_rocketleaguedivisionorder rocketLeague_rocketl_order_id_0a0d7dcb_fk_accounts_; Type: FK CONSTRAINT; Schema: public; Owner: postgres
--

ALTER TABLE ONLY public."rocketLeague_rocketleaguedivisionorder"
    ADD CONSTRAINT "rocketLeague_rocketl_order_id_0a0d7dcb_fk_accounts_" FOREIGN KEY (order_id) REFERENCES public.accounts_baseorder(id) DEFERRABLE INITIALLY DEFERRED;


--
-- Name: rocketLeague_rocketleaguetournamentorder rocketLeague_rocketl_order_id_68e4549e_fk_accounts_; Type: FK CONSTRAINT; Schema: public; Owner: postgres
--

ALTER TABLE ONLY public."rocketLeague_rocketleaguetournamentorder"
    ADD CONSTRAINT "rocketLeague_rocketl_order_id_68e4549e_fk_accounts_" FOREIGN KEY (order_id) REFERENCES public.accounts_baseorder(id) DEFERRABLE INITIALLY DEFERRED;


--
-- Name: rocketLeague_rocketleagueseasonalorder rocketLeague_rocketl_order_id_69afcc8d_fk_accounts_; Type: FK CONSTRAINT; Schema: public; Owner: postgres
--

ALTER TABLE ONLY public."rocketLeague_rocketleagueseasonalorder"
    ADD CONSTRAINT "rocketLeague_rocketl_order_id_69afcc8d_fk_accounts_" FOREIGN KEY (order_id) REFERENCES public.accounts_baseorder(id) DEFERRABLE INITIALLY DEFERRED;


--
-- Name: rocketLeague_rocketleagueplacementorder rocketLeague_rocketl_order_id_efa9642b_fk_accounts_; Type: FK CONSTRAINT; Schema: public; Owner: postgres
--

ALTER TABLE ONLY public."rocketLeague_rocketleagueplacementorder"
    ADD CONSTRAINT "rocketLeague_rocketl_order_id_efa9642b_fk_accounts_" FOREIGN KEY (order_id) REFERENCES public.accounts_baseorder(id) DEFERRABLE INITIALLY DEFERRED;


--
-- Name: rocketLeague_rocketleaguedivision rocketLeague_rocketl_rank_id_7abe1b78_fk_rocketLea; Type: FK CONSTRAINT; Schema: public; Owner: postgres
--

ALTER TABLE ONLY public."rocketLeague_rocketleaguedivision"
    ADD CONSTRAINT "rocketLeague_rocketl_rank_id_7abe1b78_fk_rocketLea" FOREIGN KEY (rank_id) REFERENCES public."rocketLeague_rocketleaguerank"(id) DEFERRABLE INITIALLY DEFERRED;


--
-- Name: rocketLeague_rocketleaguedivisionorder rocketLeague_rocketl_reached_rank_id_3fdc3749_fk_rocketLea; Type: FK CONSTRAINT; Schema: public; Owner: postgres
--

ALTER TABLE ONLY public."rocketLeague_rocketleaguedivisionorder"
    ADD CONSTRAINT "rocketLeague_rocketl_reached_rank_id_3fdc3749_fk_rocketLea" FOREIGN KEY (reached_rank_id) REFERENCES public."rocketLeague_rocketleaguerank"(id) DEFERRABLE INITIALLY DEFERRED;


--
-- Name: social_auth_usersocialauth social_auth_usersoci_user_id_17d28448_fk_accounts_; Type: FK CONSTRAINT; Schema: public; Owner: postgres
--

ALTER TABLE ONLY public.social_auth_usersocialauth
    ADD CONSTRAINT social_auth_usersoci_user_id_17d28448_fk_accounts_ FOREIGN KEY (user_id) REFERENCES public.accounts_baseuser(id) DEFERRABLE INITIALLY DEFERRED;


--
-- Name: socialaccount_socialtoken socialaccount_social_account_id_951f210e_fk_socialacc; Type: FK CONSTRAINT; Schema: public; Owner: postgres
--

ALTER TABLE ONLY public.socialaccount_socialtoken
    ADD CONSTRAINT socialaccount_social_account_id_951f210e_fk_socialacc FOREIGN KEY (account_id) REFERENCES public.socialaccount_socialaccount(id) DEFERRABLE INITIALLY DEFERRED;


--
-- Name: socialaccount_socialtoken socialaccount_social_app_id_636a42d7_fk_socialacc; Type: FK CONSTRAINT; Schema: public; Owner: postgres
--

ALTER TABLE ONLY public.socialaccount_socialtoken
    ADD CONSTRAINT socialaccount_social_app_id_636a42d7_fk_socialacc FOREIGN KEY (app_id) REFERENCES public.socialaccount_socialapp(id) DEFERRABLE INITIALLY DEFERRED;


--
-- Name: socialaccount_socialaccount socialaccount_social_user_id_8146e70c_fk_accounts_; Type: FK CONSTRAINT; Schema: public; Owner: postgres
--

ALTER TABLE ONLY public.socialaccount_socialaccount
    ADD CONSTRAINT socialaccount_social_user_id_8146e70c_fk_accounts_ FOREIGN KEY (user_id) REFERENCES public.accounts_baseuser(id) DEFERRABLE INITIALLY DEFERRED;


--
-- Name: tft_tftdivisionorder tft_tftdivisionorder_current_rank_id_eb5619c1_fk_tft_tftrank_id; Type: FK CONSTRAINT; Schema: public; Owner: postgres
--

ALTER TABLE ONLY public.tft_tftdivisionorder
    ADD CONSTRAINT tft_tftdivisionorder_current_rank_id_eb5619c1_fk_tft_tftrank_id FOREIGN KEY (current_rank_id) REFERENCES public.tft_tftrank(id) DEFERRABLE INITIALLY DEFERRED;


--
-- Name: tft_tftdivisionorder tft_tftdivisionorder_desired_rank_id_f672253d_fk_tft_tftrank_id; Type: FK CONSTRAINT; Schema: public; Owner: postgres
--

ALTER TABLE ONLY public.tft_tftdivisionorder
    ADD CONSTRAINT tft_tftdivisionorder_desired_rank_id_f672253d_fk_tft_tftrank_id FOREIGN KEY (desired_rank_id) REFERENCES public.tft_tftrank(id) DEFERRABLE INITIALLY DEFERRED;


--
-- Name: tft_tftdivisionorder tft_tftdivisionorder_order_id_e6dacb59_fk_accounts_baseorder_id; Type: FK CONSTRAINT; Schema: public; Owner: postgres
--

ALTER TABLE ONLY public.tft_tftdivisionorder
    ADD CONSTRAINT tft_tftdivisionorder_order_id_e6dacb59_fk_accounts_baseorder_id FOREIGN KEY (order_id) REFERENCES public.accounts_baseorder(id) DEFERRABLE INITIALLY DEFERRED;


--
-- Name: tft_tftdivisionorder tft_tftdivisionorder_reached_rank_id_58d06cc5_fk_tft_tftrank_id; Type: FK CONSTRAINT; Schema: public; Owner: postgres
--

ALTER TABLE ONLY public.tft_tftdivisionorder
    ADD CONSTRAINT tft_tftdivisionorder_reached_rank_id_58d06cc5_fk_tft_tftrank_id FOREIGN KEY (reached_rank_id) REFERENCES public.tft_tftrank(id) DEFERRABLE INITIALLY DEFERRED;


--
-- Name: tft_tftmark tft_tftmark_rank_id_6aeedbfb_fk_tft_tftrank_id; Type: FK CONSTRAINT; Schema: public; Owner: postgres
--

ALTER TABLE ONLY public.tft_tftmark
    ADD CONSTRAINT tft_tftmark_rank_id_6aeedbfb_fk_tft_tftrank_id FOREIGN KEY (rank_id) REFERENCES public.tft_tftrank(id) DEFERRABLE INITIALLY DEFERRED;


--
-- Name: tft_tftplacementorder tft_tftplacementorde_last_rank_id_bab7cf57_fk_tft_tftpl; Type: FK CONSTRAINT; Schema: public; Owner: postgres
--

ALTER TABLE ONLY public.tft_tftplacementorder
    ADD CONSTRAINT tft_tftplacementorde_last_rank_id_bab7cf57_fk_tft_tftpl FOREIGN KEY (last_rank_id) REFERENCES public.tft_tftplacement(id) DEFERRABLE INITIALLY DEFERRED;


--
-- Name: tft_tftplacementorder tft_tftplacementorde_order_id_501f6ca5_fk_accounts_; Type: FK CONSTRAINT; Schema: public; Owner: postgres
--

ALTER TABLE ONLY public.tft_tftplacementorder
    ADD CONSTRAINT tft_tftplacementorde_order_id_501f6ca5_fk_accounts_ FOREIGN KEY (order_id) REFERENCES public.accounts_baseorder(id) DEFERRABLE INITIALLY DEFERRED;


--
-- Name: tft_tfttier tft_tfttier_rank_id_847f1a7a_fk_tft_tftrank_id; Type: FK CONSTRAINT; Schema: public; Owner: postgres
--

ALTER TABLE ONLY public.tft_tfttier
    ADD CONSTRAINT tft_tfttier_rank_id_847f1a7a_fk_tft_tftrank_id FOREIGN KEY (rank_id) REFERENCES public.tft_tftrank(id) DEFERRABLE INITIALLY DEFERRED;


--
-- Name: valorant_valorantdivisionorder_champions valorant_valorantdiv_champion_id_333b6637_fk_customer_; Type: FK CONSTRAINT; Schema: public; Owner: postgres
--

ALTER TABLE ONLY public.valorant_valorantdivisionorder_champions
    ADD CONSTRAINT valorant_valorantdiv_champion_id_333b6637_fk_customer_ FOREIGN KEY (champion_id) REFERENCES public.customer_champion(id) DEFERRABLE INITIALLY DEFERRED;


--
-- Name: valorant_valorantdivisionorder valorant_valorantdiv_current_rank_id_8f45968a_fk_valorant_; Type: FK CONSTRAINT; Schema: public; Owner: postgres
--

ALTER TABLE ONLY public.valorant_valorantdivisionorder
    ADD CONSTRAINT valorant_valorantdiv_current_rank_id_8f45968a_fk_valorant_ FOREIGN KEY (current_rank_id) REFERENCES public.valorant_valorantrank(id) DEFERRABLE INITIALLY DEFERRED;


--
-- Name: valorant_valorantdivisionorder valorant_valorantdiv_desired_rank_id_65d5a2c8_fk_valorant_; Type: FK CONSTRAINT; Schema: public; Owner: postgres
--

ALTER TABLE ONLY public.valorant_valorantdivisionorder
    ADD CONSTRAINT valorant_valorantdiv_desired_rank_id_65d5a2c8_fk_valorant_ FOREIGN KEY (desired_rank_id) REFERENCES public.valorant_valorantrank(id) DEFERRABLE INITIALLY DEFERRED;


--
-- Name: valorant_valorantdivisionorder valorant_valorantdiv_order_id_bfbcebfa_fk_accounts_; Type: FK CONSTRAINT; Schema: public; Owner: postgres
--

ALTER TABLE ONLY public.valorant_valorantdivisionorder
    ADD CONSTRAINT valorant_valorantdiv_order_id_bfbcebfa_fk_accounts_ FOREIGN KEY (order_id) REFERENCES public.accounts_baseorder(id) DEFERRABLE INITIALLY DEFERRED;


--
-- Name: valorant_valorantdivisionorder valorant_valorantdiv_reached_rank_id_7a1c9071_fk_valorant_; Type: FK CONSTRAINT; Schema: public; Owner: postgres
--

ALTER TABLE ONLY public.valorant_valorantdivisionorder
    ADD CONSTRAINT valorant_valorantdiv_reached_rank_id_7a1c9071_fk_valorant_ FOREIGN KEY (reached_rank_id) REFERENCES public.valorant_valorantrank(id) DEFERRABLE INITIALLY DEFERRED;


--
-- Name: valorant_valorantdivisionorder_champions valorant_valorantdiv_valorantdivisionorde_e97ec4bc_fk_valorant_; Type: FK CONSTRAINT; Schema: public; Owner: postgres
--

ALTER TABLE ONLY public.valorant_valorantdivisionorder_champions
    ADD CONSTRAINT valorant_valorantdiv_valorantdivisionorde_e97ec4bc_fk_valorant_ FOREIGN KEY (valorantdivisionorder_id) REFERENCES public.valorant_valorantdivisionorder(order_id) DEFERRABLE INITIALLY DEFERRED;


--
-- Name: valorant_valorantmark valorant_valorantmar_rank_id_a3db5859_fk_valorant_; Type: FK CONSTRAINT; Schema: public; Owner: postgres
--

ALTER TABLE ONLY public.valorant_valorantmark
    ADD CONSTRAINT valorant_valorantmar_rank_id_a3db5859_fk_valorant_ FOREIGN KEY (rank_id) REFERENCES public.valorant_valorantrank(id) DEFERRABLE INITIALLY DEFERRED;


--
-- Name: valorant_valorantplacementorder_champions valorant_valorantpla_champion_id_8b6a0e60_fk_customer_; Type: FK CONSTRAINT; Schema: public; Owner: postgres
--

ALTER TABLE ONLY public.valorant_valorantplacementorder_champions
    ADD CONSTRAINT valorant_valorantpla_champion_id_8b6a0e60_fk_customer_ FOREIGN KEY (champion_id) REFERENCES public.customer_champion(id) DEFERRABLE INITIALLY DEFERRED;


--
-- Name: valorant_valorantplacementorder valorant_valorantpla_last_rank_id_fc7e3943_fk_valorant_; Type: FK CONSTRAINT; Schema: public; Owner: postgres
--

ALTER TABLE ONLY public.valorant_valorantplacementorder
    ADD CONSTRAINT valorant_valorantpla_last_rank_id_fc7e3943_fk_valorant_ FOREIGN KEY (last_rank_id) REFERENCES public.valorant_valorantplacement(id) DEFERRABLE INITIALLY DEFERRED;


--
-- Name: valorant_valorantplacementorder valorant_valorantpla_order_id_ff2d351c_fk_accounts_; Type: FK CONSTRAINT; Schema: public; Owner: postgres
--

ALTER TABLE ONLY public.valorant_valorantplacementorder
    ADD CONSTRAINT valorant_valorantpla_order_id_ff2d351c_fk_accounts_ FOREIGN KEY (order_id) REFERENCES public.accounts_baseorder(id) DEFERRABLE INITIALLY DEFERRED;


--
-- Name: valorant_valorantplacementorder_champions valorant_valorantpla_valorantplacementord_9592d778_fk_valorant_; Type: FK CONSTRAINT; Schema: public; Owner: postgres
--

ALTER TABLE ONLY public.valorant_valorantplacementorder_champions
    ADD CONSTRAINT valorant_valorantpla_valorantplacementord_9592d778_fk_valorant_ FOREIGN KEY (valorantplacementorder_id) REFERENCES public.valorant_valorantplacementorder(order_id) DEFERRABLE INITIALLY DEFERRED;


--
-- Name: valorant_valoranttier valorant_valoranttie_rank_id_6bf13705_fk_valorant_; Type: FK CONSTRAINT; Schema: public; Owner: postgres
--

ALTER TABLE ONLY public.valorant_valoranttier
    ADD CONSTRAINT valorant_valoranttie_rank_id_6bf13705_fk_valorant_ FOREIGN KEY (rank_id) REFERENCES public.valorant_valorantrank(id) DEFERRABLE INITIALLY DEFERRED;


--
-- Name: wildRift_wildriftdivisionorder_champions wildRift_wildriftdiv_champion_id_1a737338_fk_customer_; Type: FK CONSTRAINT; Schema: public; Owner: postgres
--

ALTER TABLE ONLY public."wildRift_wildriftdivisionorder_champions"
    ADD CONSTRAINT "wildRift_wildriftdiv_champion_id_1a737338_fk_customer_" FOREIGN KEY (champion_id) REFERENCES public.customer_champion(id) DEFERRABLE INITIALLY DEFERRED;


--
-- Name: wildRift_wildriftdivisionorder wildRift_wildriftdiv_current_rank_id_eeb8c418_fk_wildRift_; Type: FK CONSTRAINT; Schema: public; Owner: postgres
--

ALTER TABLE ONLY public."wildRift_wildriftdivisionorder"
    ADD CONSTRAINT "wildRift_wildriftdiv_current_rank_id_eeb8c418_fk_wildRift_" FOREIGN KEY (current_rank_id) REFERENCES public."wildRift_wildriftrank"(id) DEFERRABLE INITIALLY DEFERRED;


--
-- Name: wildRift_wildriftdivisionorder wildRift_wildriftdiv_desired_rank_id_83bbbd8c_fk_wildRift_; Type: FK CONSTRAINT; Schema: public; Owner: postgres
--

ALTER TABLE ONLY public."wildRift_wildriftdivisionorder"
    ADD CONSTRAINT "wildRift_wildriftdiv_desired_rank_id_83bbbd8c_fk_wildRift_" FOREIGN KEY (desired_rank_id) REFERENCES public."wildRift_wildriftrank"(id) DEFERRABLE INITIALLY DEFERRED;


--
-- Name: wildRift_wildriftdivisionorder wildRift_wildriftdiv_order_id_9c21f27f_fk_accounts_; Type: FK CONSTRAINT; Schema: public; Owner: postgres
--

ALTER TABLE ONLY public."wildRift_wildriftdivisionorder"
    ADD CONSTRAINT "wildRift_wildriftdiv_order_id_9c21f27f_fk_accounts_" FOREIGN KEY (order_id) REFERENCES public.accounts_baseorder(id) DEFERRABLE INITIALLY DEFERRED;


--
-- Name: wildRift_wildriftdivisionorder wildRift_wildriftdiv_reached_rank_id_9b5992f0_fk_wildRift_; Type: FK CONSTRAINT; Schema: public; Owner: postgres
--

ALTER TABLE ONLY public."wildRift_wildriftdivisionorder"
    ADD CONSTRAINT "wildRift_wildriftdiv_reached_rank_id_9b5992f0_fk_wildRift_" FOREIGN KEY (reached_rank_id) REFERENCES public."wildRift_wildriftrank"(id) DEFERRABLE INITIALLY DEFERRED;


--
-- Name: wildRift_wildriftdivisionorder_champions wildRift_wildriftdiv_wildriftdivisionorde_8da14524_fk_wildRift_; Type: FK CONSTRAINT; Schema: public; Owner: postgres
--

ALTER TABLE ONLY public."wildRift_wildriftdivisionorder_champions"
    ADD CONSTRAINT "wildRift_wildriftdiv_wildriftdivisionorde_8da14524_fk_wildRift_" FOREIGN KEY (wildriftdivisionorder_id) REFERENCES public."wildRift_wildriftdivisionorder"(order_id) DEFERRABLE INITIALLY DEFERRED;


--
-- Name: wildRift_wildriftmark wildRift_wildriftmar_rank_id_70a238ef_fk_wildRift_; Type: FK CONSTRAINT; Schema: public; Owner: postgres
--

ALTER TABLE ONLY public."wildRift_wildriftmark"
    ADD CONSTRAINT "wildRift_wildriftmar_rank_id_70a238ef_fk_wildRift_" FOREIGN KEY (rank_id) REFERENCES public."wildRift_wildriftrank"(id) DEFERRABLE INITIALLY DEFERRED;


--
-- Name: wildRift_wildrifttier wildRift_wildrifttie_rank_id_c37ee515_fk_wildRift_; Type: FK CONSTRAINT; Schema: public; Owner: postgres
--

ALTER TABLE ONLY public."wildRift_wildrifttier"
    ADD CONSTRAINT "wildRift_wildrifttie_rank_id_c37ee515_fk_wildRift_" FOREIGN KEY (rank_id) REFERENCES public."wildRift_wildriftrank"(id) DEFERRABLE INITIALLY DEFERRED;


--
-- PostgreSQL database dump complete
--

